gpu,gpu_name,model,model_id,dtype,timestamp,phase,iteration,seconds,new_tokens,error
2080,NVIDIA GeForce RTX 2080 Ti,llama-1b,meta-llama/Llama-3.2-1B-Instruct,bfloat16,2026-08-02T08:03:10,load,0,2.708693941589445,0,
2080,NVIDIA GeForce RTX 2080 Ti,llama-1b,meta-llama/Llama-3.2-1B-Instruct,bfloat16,2026-08-02T08:03:10,load,1,2.7120261271484196,0,
2080,NVIDIA GeForce RTX 2080 Ti,llama-1b,meta-llama/Llama-3.2-1B-Instruct,bfloat16,2026-08-02T08:03:10,load,2,2.616236516274512,0,
2080,NVIDIA GeForce RTX 2080 Ti,llama-1b,meta-llama/Llama-3.2-1B-Instruct,bfloat16,2026-08-02T08:03:10,load,3,2.5889841858297586,0,
2080,NVIDIA GeForce RTX 2080 Ti,llama-1b,meta-llama/Llama-3.2-1B-Instruct,bfloat16,2026-08-02T08:03:10,load,4,2.5968006220646203,0,
2080,NVIDIA GeForce RTX 2080 Ti,llama-1b,meta-llama/Llama-3.2-1B-Instruct,bfloat16,2026-08-02T08:03:10,load,5,2.6673327488824725,0,
2080,NVIDIA GeForce RTX 2080 Ti,llama-1b,meta-llama/Llama-3.2-1B-Instruct,bfloat16,2026-08-02T08:03:10,load,6,2.5802444401197135,0,
2080,NVIDIA GeForce RTX 2080 Ti,llama-1b,meta-llama/Llama-3.2-1B-Instruct,bfloat16,2026-08-02T08:03:10,load,7,2.599158573895693,0,
2080,NVIDIA GeForce RTX 2080 Ti,llama-1b,meta-llama/Llama-3.2-1B-Instruct,bfloat16,2026-08-02T08:03:10,load,8,2.597115556243807,0,
2080,NVIDIA GeForce RTX 2080 Ti,llama-1b,meta-llama/Llama-3.2-1B-Instruct,bfloat16,2026-08-02T08:03:10,load,9,2.6028469018638134,0,
2080,NVIDIA GeForce RTX 2080 Ti,llama-1b,meta-llama/Llama-3.2-1B-Instruct,bfloat16,2026-08-02T08:03:10,load,10,2.5773336100392044,0,
2080,NVIDIA GeForce RTX 2080 Ti,llama-1b,meta-llama/Llama-3.2-1B-Instruct,bfloat16,2026-08-02T08:03:10,load,11,2.596033946610987,0,
2080,NVIDIA GeForce RTX 2080 Ti,llama-1b,meta-llama/Llama-3.2-1B-Instruct,bfloat16,2026-08-02T08:03:10,load,12,2.594424062874168,0,
2080,NVIDIA GeForce RTX 2080 Ti,llama-1b,meta-llama/Llama-3.2-1B-Instruct,bfloat16,2026-08-02T08:03:10,load,13,2.5857171081006527,0,
2080,NVIDIA GeForce RTX 2080 Ti,llama-1b,meta-llama/Llama-3.2-1B-Instruct,bfloat16,2026-08-02T08:03:10,load,14,2.5998980342410505,0,
2080,NVIDIA GeForce RTX 2080 Ti,llama-1b,meta-llama/Llama-3.2-1B-Instruct,bfloat16,2026-08-02T08:03:10,load,15,2.5951900938525796,0,
2080,NVIDIA GeForce RTX 2080 Ti,llama-1b,meta-llama/Llama-3.2-1B-Instruct,bfloat16,2026-08-02T08:03:10,load,16,2.6229290668852627,0,
2080,NVIDIA GeForce RTX 2080 Ti,llama-1b,meta-llama/Llama-3.2-1B-Instruct,bfloat16,2026-08-02T08:03:10,load,17,2.654995234683156,0,
2080,NVIDIA GeForce RTX 2080 Ti,llama-1b,meta-llama/Llama-3.2-1B-Instruct,bfloat16,2026-08-02T08:03:10,load,18,2.6182664376683533,0,
2080,NVIDIA GeForce RTX 2080 Ti,llama-1b,meta-llama/Llama-3.2-1B-Instruct,bfloat16,2026-08-02T08:03:10,load,19,2.593248353805393,0,
2080,NVIDIA GeForce RTX 2080 Ti,llama-1b,meta-llama/Llama-3.2-1B-Instruct,bfloat16,2026-08-02T08:03:10,load,20,2.6187908863648772,0,
2080,NVIDIA GeForce RTX 2080 Ti,llama-1b,meta-llama/Llama-3.2-1B-Instruct,bfloat16,2026-08-02T08:03:10,load,21,2.6233539166860282,0,
2080,NVIDIA GeForce RTX 2080 Ti,llama-1b,meta-llama/Llama-3.2-1B-Instruct,bfloat16,2026-08-02T08:03:10,load,22,2.624181241262704,0,
2080,NVIDIA GeForce RTX 2080 Ti,llama-1b,meta-llama/Llama-3.2-1B-Instruct,bfloat16,2026-08-02T08:03:10,load,23,2.6337702269665897,0,
2080,NVIDIA GeForce RTX 2080 Ti,llama-1b,meta-llama/Llama-3.2-1B-Instruct,bfloat16,2026-08-02T08:03:10,load,24,2.589963351842016,0,
2080,NVIDIA GeForce RTX 2080 Ti,llama-1b,meta-llama/Llama-3.2-1B-Instruct,bfloat16,2026-08-02T08:03:10,load,25,2.600890282075852,0,
2080,NVIDIA GeForce RTX 2080 Ti,llama-1b,meta-llama/Llama-3.2-1B-Instruct,bfloat16,2026-08-02T08:03:10,load,26,2.6588074918836355,0,
2080,NVIDIA GeForce RTX 2080 Ti,llama-1b,meta-llama/Llama-3.2-1B-Instruct,bfloat16,2026-08-02T08:03:10,load,27,2.6118678161874413,0,
2080,NVIDIA GeForce RTX 2080 Ti,llama-1b,meta-llama/Llama-3.2-1B-Instruct,bfloat16,2026-08-02T08:03:10,load,28,2.613046855200082,0,
2080,NVIDIA GeForce RTX 2080 Ti,llama-1b,meta-llama/Llama-3.2-1B-Instruct,bfloat16,2026-08-02T08:03:10,load,29,2.6062277918681502,0,
2080,NVIDIA GeForce RTX 2080 Ti,llama-1b,meta-llama/Llama-3.2-1B-Instruct,bfloat16,2026-08-02T08:03:10,load,30,2.665065729059279,0,
2080,NVIDIA GeForce RTX 2080 Ti,llama-1b,meta-llama/Llama-3.2-1B-Instruct,bfloat16,2026-08-02T08:03:10,load,31,2.580449136905372,0,
2080,NVIDIA GeForce RTX 2080 Ti,llama-1b,meta-llama/Llama-3.2-1B-Instruct,bfloat16,2026-08-02T08:03:10,load,32,2.5936010642908514,0,
2080,NVIDIA GeForce RTX 2080 Ti,llama-1b,meta-llama/Llama-3.2-1B-Instruct,bfloat16,2026-08-02T08:03:10,load,33,2.605929468292743,0,
2080,NVIDIA GeForce RTX 2080 Ti,llama-1b,meta-llama/Llama-3.2-1B-Instruct,bfloat16,2026-08-02T08:03:10,load,34,2.6020267382264137,0,
2080,NVIDIA GeForce RTX 2080 Ti,llama-1b,meta-llama/Llama-3.2-1B-Instruct,bfloat16,2026-08-02T08:03:10,load,35,2.6438074721954763,0,
2080,NVIDIA GeForce RTX 2080 Ti,llama-1b,meta-llama/Llama-3.2-1B-Instruct,bfloat16,2026-08-02T08:03:10,load,36,2.7127412809059024,0,
2080,NVIDIA GeForce RTX 2080 Ti,llama-1b,meta-llama/Llama-3.2-1B-Instruct,bfloat16,2026-08-02T08:03:10,load,37,2.6236690296791494,0,
2080,NVIDIA GeForce RTX 2080 Ti,llama-1b,meta-llama/Llama-3.2-1B-Instruct,bfloat16,2026-08-02T08:03:10,load,38,2.6200413228943944,0,
2080,NVIDIA GeForce RTX 2080 Ti,llama-1b,meta-llama/Llama-3.2-1B-Instruct,bfloat16,2026-08-02T08:03:10,load,39,2.611111059319228,0,
2080,NVIDIA GeForce RTX 2080 Ti,llama-1b,meta-llama/Llama-3.2-1B-Instruct,bfloat16,2026-08-02T08:03:10,load,40,2.7184049068018794,0,
2080,NVIDIA GeForce RTX 2080 Ti,llama-1b,meta-llama/Llama-3.2-1B-Instruct,bfloat16,2026-08-02T08:03:10,load,41,2.6040053591132164,0,
2080,NVIDIA GeForce RTX 2080 Ti,llama-1b,meta-llama/Llama-3.2-1B-Instruct,bfloat16,2026-08-02T08:03:10,load,42,2.5897575081326067,0,
2080,NVIDIA GeForce RTX 2080 Ti,llama-1b,meta-llama/Llama-3.2-1B-Instruct,bfloat16,2026-08-02T08:03:10,load,43,2.5985886910930276,0,
2080,NVIDIA GeForce RTX 2080 Ti,llama-1b,meta-llama/Llama-3.2-1B-Instruct,bfloat16,2026-08-02T08:03:10,load,44,2.64166961889714,0,
2080,NVIDIA GeForce RTX 2080 Ti,llama-1b,meta-llama/Llama-3.2-1B-Instruct,bfloat16,2026-08-02T08:03:10,load,45,2.6120828380808234,0,
2080,NVIDIA GeForce RTX 2080 Ti,llama-1b,meta-llama/Llama-3.2-1B-Instruct,bfloat16,2026-08-02T08:03:10,load,46,2.6528732469305396,0,
2080,NVIDIA GeForce RTX 2080 Ti,llama-1b,meta-llama/Llama-3.2-1B-Instruct,bfloat16,2026-08-02T08:03:10,load,47,2.7426838846877217,0,
2080,NVIDIA GeForce RTX 2080 Ti,llama-1b,meta-llama/Llama-3.2-1B-Instruct,bfloat16,2026-08-02T08:03:10,load,48,2.640424002893269,0,
2080,NVIDIA GeForce RTX 2080 Ti,llama-1b,meta-llama/Llama-3.2-1B-Instruct,bfloat16,2026-08-02T08:03:10,load,49,2.5965493670664728,0,
2080,NVIDIA GeForce RTX 2080 Ti,llama-1b,meta-llama/Llama-3.2-1B-Instruct,bfloat16,2026-08-02T08:03:10,load,50,2.7144626923836768,0,
2080,NVIDIA GeForce RTX 2080 Ti,llama-1b,meta-llama/Llama-3.2-1B-Instruct,bfloat16,2026-08-02T08:03:10,load,51,2.596001024823636,0,
2080,NVIDIA GeForce RTX 2080 Ti,llama-1b,meta-llama/Llama-3.2-1B-Instruct,bfloat16,2026-08-02T08:03:10,load,52,3.3445447334088385,0,
2080,NVIDIA GeForce RTX 2080 Ti,llama-1b,meta-llama/Llama-3.2-1B-Instruct,bfloat16,2026-08-02T08:03:10,load,53,6.434496248140931,0,
2080,NVIDIA GeForce RTX 2080 Ti,llama-1b,meta-llama/Llama-3.2-1B-Instruct,bfloat16,2026-08-02T08:03:10,load,54,2.6100372201763093,0,
2080,NVIDIA GeForce RTX 2080 Ti,llama-1b,meta-llama/Llama-3.2-1B-Instruct,bfloat16,2026-08-02T08:03:10,load,55,2.646317561622709,0,
2080,NVIDIA GeForce RTX 2080 Ti,llama-1b,meta-llama/Llama-3.2-1B-Instruct,bfloat16,2026-08-02T08:03:10,load,56,2.6057242467068136,0,
2080,NVIDIA GeForce RTX 2080 Ti,llama-1b,meta-llama/Llama-3.2-1B-Instruct,bfloat16,2026-08-02T08:03:10,load,57,2.8667054628022015,0,
2080,NVIDIA GeForce RTX 2080 Ti,llama-1b,meta-llama/Llama-3.2-1B-Instruct,bfloat16,2026-08-02T08:03:10,load,58,2.6165297608822584,0,
2080,NVIDIA GeForce RTX 2080 Ti,llama-1b,meta-llama/Llama-3.2-1B-Instruct,bfloat16,2026-08-02T08:03:10,load,59,2.6052809790708125,0,
2080,NVIDIA GeForce RTX 2080 Ti,llama-1b,meta-llama/Llama-3.2-1B-Instruct,bfloat16,2026-08-02T08:03:10,load,60,3.6104331691749394,0,
2080,NVIDIA GeForce RTX 2080 Ti,llama-1b,meta-llama/Llama-3.2-1B-Instruct,bfloat16,2026-08-02T08:03:10,load,61,2.6155288470909,0,
2080,NVIDIA GeForce RTX 2080 Ti,llama-1b,meta-llama/Llama-3.2-1B-Instruct,bfloat16,2026-08-02T08:03:10,load,62,2.591219167225063,0,
2080,NVIDIA GeForce RTX 2080 Ti,llama-1b,meta-llama/Llama-3.2-1B-Instruct,bfloat16,2026-08-02T08:03:10,load,63,2.6160720754414797,0,
2080,NVIDIA GeForce RTX 2080 Ti,llama-1b,meta-llama/Llama-3.2-1B-Instruct,bfloat16,2026-08-02T08:03:10,load,64,2.678082962986082,0,
2080,NVIDIA GeForce RTX 2080 Ti,llama-1b,meta-llama/Llama-3.2-1B-Instruct,bfloat16,2026-08-02T08:03:10,load,65,2.5880810474045575,0,
2080,NVIDIA GeForce RTX 2080 Ti,llama-1b,meta-llama/Llama-3.2-1B-Instruct,bfloat16,2026-08-02T08:03:10,load,66,2.6171204983256757,0,
2080,NVIDIA GeForce RTX 2080 Ti,llama-1b,meta-llama/Llama-3.2-1B-Instruct,bfloat16,2026-08-02T08:03:10,load,67,2.6012519290670753,0,
2080,NVIDIA GeForce RTX 2080 Ti,llama-1b,meta-llama/Llama-3.2-1B-Instruct,bfloat16,2026-08-02T08:03:10,load,68,2.57921055611223,0,
2080,NVIDIA GeForce RTX 2080 Ti,llama-1b,meta-llama/Llama-3.2-1B-Instruct,bfloat16,2026-08-02T08:03:10,load,69,2.610231983009726,0,
2080,NVIDIA GeForce RTX 2080 Ti,llama-1b,meta-llama/Llama-3.2-1B-Instruct,bfloat16,2026-08-02T08:03:10,load,70,2.725462691858411,0,
2080,NVIDIA GeForce RTX 2080 Ti,llama-1b,meta-llama/Llama-3.2-1B-Instruct,bfloat16,2026-08-02T08:03:10,load,71,2.638749676756561,0,
2080,NVIDIA GeForce RTX 2080 Ti,llama-1b,meta-llama/Llama-3.2-1B-Instruct,bfloat16,2026-08-02T08:03:10,load,72,2.6155461804009974,0,
2080,NVIDIA GeForce RTX 2080 Ti,llama-1b,meta-llama/Llama-3.2-1B-Instruct,bfloat16,2026-08-02T08:03:10,load,73,2.561334465164691,0,
2080,NVIDIA GeForce RTX 2080 Ti,llama-1b,meta-llama/Llama-3.2-1B-Instruct,bfloat16,2026-08-02T08:03:10,load,74,2.639911714941263,0,
2080,NVIDIA GeForce RTX 2080 Ti,llama-1b,meta-llama/Llama-3.2-1B-Instruct,bfloat16,2026-08-02T08:03:10,load,75,2.6178672392852604,0,
2080,NVIDIA GeForce RTX 2080 Ti,llama-1b,meta-llama/Llama-3.2-1B-Instruct,bfloat16,2026-08-02T08:03:10,load,76,2.6196150523610413,0,
2080,NVIDIA GeForce RTX 2080 Ti,llama-1b,meta-llama/Llama-3.2-1B-Instruct,bfloat16,2026-08-02T08:03:10,load,77,2.618136913049966,0,
2080,NVIDIA GeForce RTX 2080 Ti,llama-1b,meta-llama/Llama-3.2-1B-Instruct,bfloat16,2026-08-02T08:03:10,load,78,2.649060629773885,0,
2080,NVIDIA GeForce RTX 2080 Ti,llama-1b,meta-llama/Llama-3.2-1B-Instruct,bfloat16,2026-08-02T08:03:10,load,79,2.642074191942811,0,
2080,NVIDIA GeForce RTX 2080 Ti,llama-1b,meta-llama/Llama-3.2-1B-Instruct,bfloat16,2026-08-02T08:03:10,load,80,2.609811468049884,0,
2080,NVIDIA GeForce RTX 2080 Ti,llama-1b,meta-llama/Llama-3.2-1B-Instruct,bfloat16,2026-08-02T08:03:10,load,81,2.622043817769736,0,
2080,NVIDIA GeForce RTX 2080 Ti,llama-1b,meta-llama/Llama-3.2-1B-Instruct,bfloat16,2026-08-02T08:03:10,load,82,2.5923111201263964,0,
2080,NVIDIA GeForce RTX 2080 Ti,llama-1b,meta-llama/Llama-3.2-1B-Instruct,bfloat16,2026-08-02T08:03:10,load,83,2.5945465667173266,0,
2080,NVIDIA GeForce RTX 2080 Ti,llama-1b,meta-llama/Llama-3.2-1B-Instruct,bfloat16,2026-08-02T08:03:10,load,84,2.615639212075621,0,
2080,NVIDIA GeForce RTX 2080 Ti,llama-1b,meta-llama/Llama-3.2-1B-Instruct,bfloat16,2026-08-02T08:03:10,load,85,2.610430862288922,0,
2080,NVIDIA GeForce RTX 2080 Ti,llama-1b,meta-llama/Llama-3.2-1B-Instruct,bfloat16,2026-08-02T08:03:10,load,86,2.595030673779547,0,
2080,NVIDIA GeForce RTX 2080 Ti,llama-1b,meta-llama/Llama-3.2-1B-Instruct,bfloat16,2026-08-02T08:03:10,load,87,2.617818415630609,0,
2080,NVIDIA GeForce RTX 2080 Ti,llama-1b,meta-llama/Llama-3.2-1B-Instruct,bfloat16,2026-08-02T08:03:10,load,88,2.620892337989062,0,
2080,NVIDIA GeForce RTX 2080 Ti,llama-1b,meta-llama/Llama-3.2-1B-Instruct,bfloat16,2026-08-02T08:03:10,load,89,2.609086147043854,0,
2080,NVIDIA GeForce RTX 2080 Ti,llama-1b,meta-llama/Llama-3.2-1B-Instruct,bfloat16,2026-08-02T08:03:10,load,90,2.6578134391456842,0,
2080,NVIDIA GeForce RTX 2080 Ti,llama-1b,meta-llama/Llama-3.2-1B-Instruct,bfloat16,2026-08-02T08:03:10,load,91,2.5899212872609496,0,
2080,NVIDIA GeForce RTX 2080 Ti,llama-1b,meta-llama/Llama-3.2-1B-Instruct,bfloat16,2026-08-02T08:03:10,load,92,2.6367232562042773,0,
2080,NVIDIA GeForce RTX 2080 Ti,llama-1b,meta-llama/Llama-3.2-1B-Instruct,bfloat16,2026-08-02T08:03:10,load,93,2.69134983420372,0,
2080,NVIDIA GeForce RTX 2080 Ti,llama-1b,meta-llama/Llama-3.2-1B-Instruct,bfloat16,2026-08-02T08:03:10,load,94,2.5913565289229155,0,
2080,NVIDIA GeForce RTX 2080 Ti,llama-1b,meta-llama/Llama-3.2-1B-Instruct,bfloat16,2026-08-02T08:03:10,load,95,2.6420451728627086,0,
2080,NVIDIA GeForce RTX 2080 Ti,llama-1b,meta-llama/Llama-3.2-1B-Instruct,bfloat16,2026-08-02T08:03:10,load,96,2.606167740188539,0,
2080,NVIDIA GeForce RTX 2080 Ti,llama-1b,meta-llama/Llama-3.2-1B-Instruct,bfloat16,2026-08-02T08:03:10,load,97,2.605712660588324,0,
2080,NVIDIA GeForce RTX 2080 Ti,llama-1b,meta-llama/Llama-3.2-1B-Instruct,bfloat16,2026-08-02T08:03:10,load,98,2.63566640811041,0,
2080,NVIDIA GeForce RTX 2080 Ti,llama-1b,meta-llama/Llama-3.2-1B-Instruct,bfloat16,2026-08-02T08:03:10,load,99,2.6237976332195103,0,
2080,NVIDIA GeForce RTX 2080 Ti,llama-1b,meta-llama/Llama-3.2-1B-Instruct,bfloat16,2026-08-02T08:03:10,inference,0,0.5203945050016046,24,
2080,NVIDIA GeForce RTX 2080 Ti,llama-1b,meta-llama/Llama-3.2-1B-Instruct,bfloat16,2026-08-02T08:03:10,inference,1,0.5240002712234855,24,
2080,NVIDIA GeForce RTX 2080 Ti,llama-1b,meta-llama/Llama-3.2-1B-Instruct,bfloat16,2026-08-02T08:03:10,inference,2,0.5206616530194879,24,
2080,NVIDIA GeForce RTX 2080 Ti,llama-1b,meta-llama/Llama-3.2-1B-Instruct,bfloat16,2026-08-02T08:03:10,inference,3,0.5185761898756027,24,
2080,NVIDIA GeForce RTX 2080 Ti,llama-1b,meta-llama/Llama-3.2-1B-Instruct,bfloat16,2026-08-02T08:03:10,inference,4,0.5199801800772548,24,
2080,NVIDIA GeForce RTX 2080 Ti,llama-1b,meta-llama/Llama-3.2-1B-Instruct,bfloat16,2026-08-02T08:03:10,inference,5,0.5192183800972998,24,
2080,NVIDIA GeForce RTX 2080 Ti,llama-1b,meta-llama/Llama-3.2-1B-Instruct,bfloat16,2026-08-02T08:03:10,inference,6,0.5225983508862555,24,
2080,NVIDIA GeForce RTX 2080 Ti,llama-1b,meta-llama/Llama-3.2-1B-Instruct,bfloat16,2026-08-02T08:03:10,inference,7,0.51934669399634,24,
2080,NVIDIA GeForce RTX 2080 Ti,llama-1b,meta-llama/Llama-3.2-1B-Instruct,bfloat16,2026-08-02T08:03:10,inference,8,0.5190870398655534,24,
2080,NVIDIA GeForce RTX 2080 Ti,llama-1b,meta-llama/Llama-3.2-1B-Instruct,bfloat16,2026-08-02T08:03:10,inference,9,0.5195959089323878,24,
2080,NVIDIA GeForce RTX 2080 Ti,llama-1b,meta-llama/Llama-3.2-1B-Instruct,bfloat16,2026-08-02T08:03:10,inference,10,0.5205429838970304,24,
2080,NVIDIA GeForce RTX 2080 Ti,llama-1b,meta-llama/Llama-3.2-1B-Instruct,bfloat16,2026-08-02T08:03:10,inference,11,0.5201646210625768,24,
2080,NVIDIA GeForce RTX 2080 Ti,llama-1b,meta-llama/Llama-3.2-1B-Instruct,bfloat16,2026-08-02T08:03:10,inference,12,0.5196144846267998,24,
2080,NVIDIA GeForce RTX 2080 Ti,llama-1b,meta-llama/Llama-3.2-1B-Instruct,bfloat16,2026-08-02T08:03:10,inference,13,0.5199239132925868,24,
2080,NVIDIA GeForce RTX 2080 Ti,llama-1b,meta-llama/Llama-3.2-1B-Instruct,bfloat16,2026-08-02T08:03:10,inference,14,0.5235435222275555,24,
2080,NVIDIA GeForce RTX 2080 Ti,llama-1b,meta-llama/Llama-3.2-1B-Instruct,bfloat16,2026-08-02T08:03:10,inference,15,0.5198967908509076,24,
2080,NVIDIA GeForce RTX 2080 Ti,llama-1b,meta-llama/Llama-3.2-1B-Instruct,bfloat16,2026-08-02T08:03:10,inference,16,0.5178354308009148,24,
2080,NVIDIA GeForce RTX 2080 Ti,llama-1b,meta-llama/Llama-3.2-1B-Instruct,bfloat16,2026-08-02T08:03:10,inference,17,0.5200210362672806,24,
2080,NVIDIA GeForce RTX 2080 Ti,llama-1b,meta-llama/Llama-3.2-1B-Instruct,bfloat16,2026-08-02T08:03:10,inference,18,0.5191572126932442,24,
2080,NVIDIA GeForce RTX 2080 Ti,llama-1b,meta-llama/Llama-3.2-1B-Instruct,bfloat16,2026-08-02T08:03:10,inference,19,0.5196088887751102,24,
2080,NVIDIA GeForce RTX 2080 Ti,llama-1b,meta-llama/Llama-3.2-1B-Instruct,bfloat16,2026-08-02T08:03:10,inference,20,0.519922852050513,24,
2080,NVIDIA GeForce RTX 2080 Ti,llama-1b,meta-llama/Llama-3.2-1B-Instruct,bfloat16,2026-08-02T08:03:10,inference,21,0.5198634108528495,24,
2080,NVIDIA GeForce RTX 2080 Ti,llama-1b,meta-llama/Llama-3.2-1B-Instruct,bfloat16,2026-08-02T08:03:10,inference,22,0.5186106949113309,24,
2080,NVIDIA GeForce RTX 2080 Ti,llama-1b,meta-llama/Llama-3.2-1B-Instruct,bfloat16,2026-08-02T08:03:10,inference,23,0.5200200881808996,24,
2080,NVIDIA GeForce RTX 2080 Ti,llama-1b,meta-llama/Llama-3.2-1B-Instruct,bfloat16,2026-08-02T08:03:10,inference,24,0.5195659678429365,24,
2080,NVIDIA GeForce RTX 2080 Ti,llama-1b,meta-llama/Llama-3.2-1B-Instruct,bfloat16,2026-08-02T08:03:10,inference,25,0.5191748412325978,24,
2080,NVIDIA GeForce RTX 2080 Ti,llama-1b,meta-llama/Llama-3.2-1B-Instruct,bfloat16,2026-08-02T08:03:10,inference,26,0.5194692402146757,24,
2080,NVIDIA GeForce RTX 2080 Ti,llama-1b,meta-llama/Llama-3.2-1B-Instruct,bfloat16,2026-08-02T08:03:10,inference,27,0.5205711387097836,24,
2080,NVIDIA GeForce RTX 2080 Ti,llama-1b,meta-llama/Llama-3.2-1B-Instruct,bfloat16,2026-08-02T08:03:10,inference,28,0.5191053273156285,24,
2080,NVIDIA GeForce RTX 2080 Ti,llama-1b,meta-llama/Llama-3.2-1B-Instruct,bfloat16,2026-08-02T08:03:10,inference,29,0.5205144695937634,24,
2080,NVIDIA GeForce RTX 2080 Ti,llama-1b,meta-llama/Llama-3.2-1B-Instruct,bfloat16,2026-08-02T08:03:10,inference,30,0.5238277353346348,24,
2080,NVIDIA GeForce RTX 2080 Ti,llama-1b,meta-llama/Llama-3.2-1B-Instruct,bfloat16,2026-08-02T08:03:10,inference,31,0.5201690099202096,24,
2080,NVIDIA GeForce RTX 2080 Ti,llama-1b,meta-llama/Llama-3.2-1B-Instruct,bfloat16,2026-08-02T08:03:10,inference,32,0.5192031050100923,24,
2080,NVIDIA GeForce RTX 2080 Ti,llama-1b,meta-llama/Llama-3.2-1B-Instruct,bfloat16,2026-08-02T08:03:10,inference,33,0.5204532770439982,24,
2080,NVIDIA GeForce RTX 2080 Ti,llama-1b,meta-llama/Llama-3.2-1B-Instruct,bfloat16,2026-08-02T08:03:10,inference,34,0.5202739937230945,24,
2080,NVIDIA GeForce RTX 2080 Ti,llama-1b,meta-llama/Llama-3.2-1B-Instruct,bfloat16,2026-08-02T08:03:10,inference,35,0.5204038200899959,24,
2080,NVIDIA GeForce RTX 2080 Ti,llama-1b,meta-llama/Llama-3.2-1B-Instruct,bfloat16,2026-08-02T08:03:10,inference,36,0.5199310081079602,24,
2080,NVIDIA GeForce RTX 2080 Ti,llama-1b,meta-llama/Llama-3.2-1B-Instruct,bfloat16,2026-08-02T08:03:10,inference,37,0.5193521822802722,24,
2080,NVIDIA GeForce RTX 2080 Ti,llama-1b,meta-llama/Llama-3.2-1B-Instruct,bfloat16,2026-08-02T08:03:10,inference,38,0.5196838700212538,24,
2080,NVIDIA GeForce RTX 2080 Ti,llama-1b,meta-llama/Llama-3.2-1B-Instruct,bfloat16,2026-08-02T08:03:10,inference,39,0.5191241437569261,24,
2080,NVIDIA GeForce RTX 2080 Ti,llama-1b,meta-llama/Llama-3.2-1B-Instruct,bfloat16,2026-08-02T08:03:10,inference,40,0.5207397849299014,24,
2080,NVIDIA GeForce RTX 2080 Ti,llama-1b,meta-llama/Llama-3.2-1B-Instruct,bfloat16,2026-08-02T08:03:10,inference,41,0.5206552972085774,24,
2080,NVIDIA GeForce RTX 2080 Ti,llama-1b,meta-llama/Llama-3.2-1B-Instruct,bfloat16,2026-08-02T08:03:10,inference,42,0.52242576982826,24,
2080,NVIDIA GeForce RTX 2080 Ti,llama-1b,meta-llama/Llama-3.2-1B-Instruct,bfloat16,2026-08-02T08:03:10,inference,43,0.5190686658024788,24,
2080,NVIDIA GeForce RTX 2080 Ti,llama-1b,meta-llama/Llama-3.2-1B-Instruct,bfloat16,2026-08-02T08:03:10,inference,44,0.5243521402589977,24,
2080,NVIDIA GeForce RTX 2080 Ti,llama-1b,meta-llama/Llama-3.2-1B-Instruct,bfloat16,2026-08-02T08:03:10,inference,45,0.5185580840334296,24,
2080,NVIDIA GeForce RTX 2080 Ti,llama-1b,meta-llama/Llama-3.2-1B-Instruct,bfloat16,2026-08-02T08:03:10,inference,46,0.5202734060585499,24,
2080,NVIDIA GeForce RTX 2080 Ti,llama-1b,meta-llama/Llama-3.2-1B-Instruct,bfloat16,2026-08-02T08:03:10,inference,47,0.5193634391762316,24,
2080,NVIDIA GeForce RTX 2080 Ti,llama-1b,meta-llama/Llama-3.2-1B-Instruct,bfloat16,2026-08-02T08:03:10,inference,48,0.5196089930832386,24,
2080,NVIDIA GeForce RTX 2080 Ti,llama-1b,meta-llama/Llama-3.2-1B-Instruct,bfloat16,2026-08-02T08:03:10,inference,49,0.5189284570515156,24,
2080,NVIDIA GeForce RTX 2080 Ti,llama-1b,meta-llama/Llama-3.2-1B-Instruct,bfloat16,2026-08-02T08:03:10,inference,50,0.5190504053607583,24,
2080,NVIDIA GeForce RTX 2080 Ti,llama-1b,meta-llama/Llama-3.2-1B-Instruct,bfloat16,2026-08-02T08:03:10,inference,51,0.5187481958419085,24,
2080,NVIDIA GeForce RTX 2080 Ti,llama-1b,meta-llama/Llama-3.2-1B-Instruct,bfloat16,2026-08-02T08:03:10,inference,52,0.5201127640902996,24,
2080,NVIDIA GeForce RTX 2080 Ti,llama-1b,meta-llama/Llama-3.2-1B-Instruct,bfloat16,2026-08-02T08:03:10,inference,53,0.5205714390613139,24,
2080,NVIDIA GeForce RTX 2080 Ti,llama-1b,meta-llama/Llama-3.2-1B-Instruct,bfloat16,2026-08-02T08:03:10,inference,54,0.5209483979269862,24,
2080,NVIDIA GeForce RTX 2080 Ti,llama-1b,meta-llama/Llama-3.2-1B-Instruct,bfloat16,2026-08-02T08:03:10,inference,55,0.520622945856303,24,
2080,NVIDIA GeForce RTX 2080 Ti,llama-1b,meta-llama/Llama-3.2-1B-Instruct,bfloat16,2026-08-02T08:03:10,inference,56,0.520657236687839,24,
2080,NVIDIA GeForce RTX 2080 Ti,llama-1b,meta-llama/Llama-3.2-1B-Instruct,bfloat16,2026-08-02T08:03:10,inference,57,0.5200481149367988,24,
2080,NVIDIA GeForce RTX 2080 Ti,llama-1b,meta-llama/Llama-3.2-1B-Instruct,bfloat16,2026-08-02T08:03:10,inference,58,0.5201587150804698,24,
2080,NVIDIA GeForce RTX 2080 Ti,llama-1b,meta-llama/Llama-3.2-1B-Instruct,bfloat16,2026-08-02T08:03:10,inference,59,0.5230895080603659,24,
2080,NVIDIA GeForce RTX 2080 Ti,llama-1b,meta-llama/Llama-3.2-1B-Instruct,bfloat16,2026-08-02T08:03:10,inference,60,0.5211180332116783,24,
2080,NVIDIA GeForce RTX 2080 Ti,llama-1b,meta-llama/Llama-3.2-1B-Instruct,bfloat16,2026-08-02T08:03:10,inference,61,0.5205494812689722,24,
2080,NVIDIA GeForce RTX 2080 Ti,llama-1b,meta-llama/Llama-3.2-1B-Instruct,bfloat16,2026-08-02T08:03:10,inference,62,0.5202204282395542,24,
2080,NVIDIA GeForce RTX 2080 Ti,llama-1b,meta-llama/Llama-3.2-1B-Instruct,bfloat16,2026-08-02T08:03:10,inference,63,0.5206433497369289,24,
2080,NVIDIA GeForce RTX 2080 Ti,llama-1b,meta-llama/Llama-3.2-1B-Instruct,bfloat16,2026-08-02T08:03:10,inference,64,0.5199284958653152,24,
2080,NVIDIA GeForce RTX 2080 Ti,llama-1b,meta-llama/Llama-3.2-1B-Instruct,bfloat16,2026-08-02T08:03:10,inference,65,0.5215918719768524,24,
2080,NVIDIA GeForce RTX 2080 Ti,llama-1b,meta-llama/Llama-3.2-1B-Instruct,bfloat16,2026-08-02T08:03:10,inference,66,0.520399053581059,24,
2080,NVIDIA GeForce RTX 2080 Ti,llama-1b,meta-llama/Llama-3.2-1B-Instruct,bfloat16,2026-08-02T08:03:10,inference,67,0.5214936742559075,24,
2080,NVIDIA GeForce RTX 2080 Ti,llama-1b,meta-llama/Llama-3.2-1B-Instruct,bfloat16,2026-08-02T08:03:10,inference,68,0.519722105935216,24,
2080,NVIDIA GeForce RTX 2080 Ti,llama-1b,meta-llama/Llama-3.2-1B-Instruct,bfloat16,2026-08-02T08:03:10,inference,69,0.5214765276759863,24,
2080,NVIDIA GeForce RTX 2080 Ti,llama-1b,meta-llama/Llama-3.2-1B-Instruct,bfloat16,2026-08-02T08:03:10,inference,70,0.5199863719753921,24,
2080,NVIDIA GeForce RTX 2080 Ti,llama-1b,meta-llama/Llama-3.2-1B-Instruct,bfloat16,2026-08-02T08:03:10,inference,71,0.5202331389300525,24,
2080,NVIDIA GeForce RTX 2080 Ti,llama-1b,meta-llama/Llama-3.2-1B-Instruct,bfloat16,2026-08-02T08:03:10,inference,72,0.519065317697823,24,
2080,NVIDIA GeForce RTX 2080 Ti,llama-1b,meta-llama/Llama-3.2-1B-Instruct,bfloat16,2026-08-02T08:03:10,inference,73,0.5208766511641443,24,
2080,NVIDIA GeForce RTX 2080 Ti,llama-1b,meta-llama/Llama-3.2-1B-Instruct,bfloat16,2026-08-02T08:03:10,inference,74,0.5197793990373611,24,
2080,NVIDIA GeForce RTX 2080 Ti,llama-1b,meta-llama/Llama-3.2-1B-Instruct,bfloat16,2026-08-02T08:03:10,inference,75,0.5211153961718082,24,
2080,NVIDIA GeForce RTX 2080 Ti,llama-1b,meta-llama/Llama-3.2-1B-Instruct,bfloat16,2026-08-02T08:03:10,inference,76,0.5210909177549183,24,
2080,NVIDIA GeForce RTX 2080 Ti,llama-1b,meta-llama/Llama-3.2-1B-Instruct,bfloat16,2026-08-02T08:03:10,inference,77,0.5212687849998474,24,
2080,NVIDIA GeForce RTX 2080 Ti,llama-1b,meta-llama/Llama-3.2-1B-Instruct,bfloat16,2026-08-02T08:03:10,inference,78,0.5207301722839475,24,
2080,NVIDIA GeForce RTX 2080 Ti,llama-1b,meta-llama/Llama-3.2-1B-Instruct,bfloat16,2026-08-02T08:03:10,inference,79,0.5204767808318138,24,
2080,NVIDIA GeForce RTX 2080 Ti,llama-1b,meta-llama/Llama-3.2-1B-Instruct,bfloat16,2026-08-02T08:03:10,inference,80,0.5199462403543293,24,
2080,NVIDIA GeForce RTX 2080 Ti,llama-1b,meta-llama/Llama-3.2-1B-Instruct,bfloat16,2026-08-02T08:03:10,inference,81,0.5212443890050054,24,
2080,NVIDIA GeForce RTX 2080 Ti,llama-1b,meta-llama/Llama-3.2-1B-Instruct,bfloat16,2026-08-02T08:03:10,inference,82,0.5211937241256237,24,
2080,NVIDIA GeForce RTX 2080 Ti,llama-1b,meta-llama/Llama-3.2-1B-Instruct,bfloat16,2026-08-02T08:03:10,inference,83,0.5212578712962568,24,
2080,NVIDIA GeForce RTX 2080 Ti,llama-1b,meta-llama/Llama-3.2-1B-Instruct,bfloat16,2026-08-02T08:03:10,inference,84,0.5205095577985048,24,
2080,NVIDIA GeForce RTX 2080 Ti,llama-1b,meta-llama/Llama-3.2-1B-Instruct,bfloat16,2026-08-02T08:03:10,inference,85,0.5199848311021924,24,
2080,NVIDIA GeForce RTX 2080 Ti,llama-1b,meta-llama/Llama-3.2-1B-Instruct,bfloat16,2026-08-02T08:03:10,inference,86,0.5205938736908138,24,
2080,NVIDIA GeForce RTX 2080 Ti,llama-1b,meta-llama/Llama-3.2-1B-Instruct,bfloat16,2026-08-02T08:03:10,inference,87,0.5228767022490501,24,
2080,NVIDIA GeForce RTX 2080 Ti,llama-1b,meta-llama/Llama-3.2-1B-Instruct,bfloat16,2026-08-02T08:03:10,inference,88,0.5223321570083499,24,
2080,NVIDIA GeForce RTX 2080 Ti,llama-1b,meta-llama/Llama-3.2-1B-Instruct,bfloat16,2026-08-02T08:03:10,inference,89,0.5199314439669251,24,
2080,NVIDIA GeForce RTX 2080 Ti,llama-1b,meta-llama/Llama-3.2-1B-Instruct,bfloat16,2026-08-02T08:03:10,inference,90,0.522301206830889,24,
2080,NVIDIA GeForce RTX 2080 Ti,llama-1b,meta-llama/Llama-3.2-1B-Instruct,bfloat16,2026-08-02T08:03:10,inference,91,0.5208208686672151,24,
2080,NVIDIA GeForce RTX 2080 Ti,llama-1b,meta-llama/Llama-3.2-1B-Instruct,bfloat16,2026-08-02T08:03:10,inference,92,0.5209130099974573,24,
2080,NVIDIA GeForce RTX 2080 Ti,llama-1b,meta-llama/Llama-3.2-1B-Instruct,bfloat16,2026-08-02T08:03:10,inference,93,0.5208837948739529,24,
2080,NVIDIA GeForce RTX 2080 Ti,llama-1b,meta-llama/Llama-3.2-1B-Instruct,bfloat16,2026-08-02T08:03:10,inference,94,0.5212943595834076,24,
2080,NVIDIA GeForce RTX 2080 Ti,llama-1b,meta-llama/Llama-3.2-1B-Instruct,bfloat16,2026-08-02T08:03:10,inference,95,0.520447778981179,24,
2080,NVIDIA GeForce RTX 2080 Ti,llama-1b,meta-llama/Llama-3.2-1B-Instruct,bfloat16,2026-08-02T08:03:10,inference,96,0.5215573236346245,24,
2080,NVIDIA GeForce RTX 2080 Ti,llama-1b,meta-llama/Llama-3.2-1B-Instruct,bfloat16,2026-08-02T08:03:10,inference,97,0.5210967278108001,24,
2080,NVIDIA GeForce RTX 2080 Ti,llama-1b,meta-llama/Llama-3.2-1B-Instruct,bfloat16,2026-08-02T08:03:10,inference,98,0.5230004442855716,24,
2080,NVIDIA GeForce RTX 2080 Ti,llama-1b,meta-llama/Llama-3.2-1B-Instruct,bfloat16,2026-08-02T08:03:10,inference,99,0.5206505269743502,24,
2080,NVIDIA GeForce RTX 2080 Ti,llama-3b,meta-llama/Llama-3.2-3B-Instruct,bfloat16,2026-08-02T08:03:10,load,0,4.47858631471172,0,
2080,NVIDIA GeForce RTX 2080 Ti,llama-3b,meta-llama/Llama-3.2-3B-Instruct,bfloat16,2026-08-02T08:03:10,load,1,4.315220513846725,0,
2080,NVIDIA GeForce RTX 2080 Ti,llama-3b,meta-llama/Llama-3.2-3B-Instruct,bfloat16,2026-08-02T08:03:10,load,2,4.416946097742766,0,
2080,NVIDIA GeForce RTX 2080 Ti,llama-3b,meta-llama/Llama-3.2-3B-Instruct,bfloat16,2026-08-02T08:03:10,load,3,4.249546166975051,0,
2080,NVIDIA GeForce RTX 2080 Ti,llama-3b,meta-llama/Llama-3.2-3B-Instruct,bfloat16,2026-08-02T08:03:10,load,4,4.286500038113445,0,
2080,NVIDIA GeForce RTX 2080 Ti,llama-3b,meta-llama/Llama-3.2-3B-Instruct,bfloat16,2026-08-02T08:03:10,load,5,4.2716396460309625,0,
2080,NVIDIA GeForce RTX 2080 Ti,llama-3b,meta-llama/Llama-3.2-3B-Instruct,bfloat16,2026-08-02T08:03:10,load,6,4.268109516706318,0,
2080,NVIDIA GeForce RTX 2080 Ti,llama-3b,meta-llama/Llama-3.2-3B-Instruct,bfloat16,2026-08-02T08:03:10,load,7,4.268035972956568,0,
2080,NVIDIA GeForce RTX 2080 Ti,llama-3b,meta-llama/Llama-3.2-3B-Instruct,bfloat16,2026-08-02T08:03:10,load,8,4.273437683004886,0,
2080,NVIDIA GeForce RTX 2080 Ti,llama-3b,meta-llama/Llama-3.2-3B-Instruct,bfloat16,2026-08-02T08:03:10,load,9,4.256229316815734,0,
2080,NVIDIA GeForce RTX 2080 Ti,llama-3b,meta-llama/Llama-3.2-3B-Instruct,bfloat16,2026-08-02T08:03:10,load,10,4.28525942703709,0,
2080,NVIDIA GeForce RTX 2080 Ti,llama-3b,meta-llama/Llama-3.2-3B-Instruct,bfloat16,2026-08-02T08:03:10,load,11,4.277509472332895,0,
2080,NVIDIA GeForce RTX 2080 Ti,llama-3b,meta-llama/Llama-3.2-3B-Instruct,bfloat16,2026-08-02T08:03:10,load,12,4.3474106206558645,0,
2080,NVIDIA GeForce RTX 2080 Ti,llama-3b,meta-llama/Llama-3.2-3B-Instruct,bfloat16,2026-08-02T08:03:10,load,13,4.2805692963302135,0,
2080,NVIDIA GeForce RTX 2080 Ti,llama-3b,meta-llama/Llama-3.2-3B-Instruct,bfloat16,2026-08-02T08:03:10,load,14,4.3338392758741975,0,
2080,NVIDIA GeForce RTX 2080 Ti,llama-3b,meta-llama/Llama-3.2-3B-Instruct,bfloat16,2026-08-02T08:03:10,load,15,7.643628442659974,0,
2080,NVIDIA GeForce RTX 2080 Ti,llama-3b,meta-llama/Llama-3.2-3B-Instruct,bfloat16,2026-08-02T08:03:10,load,16,4.328981049824506,0,
2080,NVIDIA GeForce RTX 2080 Ti,llama-3b,meta-llama/Llama-3.2-3B-Instruct,bfloat16,2026-08-02T08:03:10,load,17,4.269166542217135,0,
2080,NVIDIA GeForce RTX 2080 Ti,llama-3b,meta-llama/Llama-3.2-3B-Instruct,bfloat16,2026-08-02T08:03:10,load,18,4.300378295127302,0,
2080,NVIDIA GeForce RTX 2080 Ti,llama-3b,meta-llama/Llama-3.2-3B-Instruct,bfloat16,2026-08-02T08:03:10,load,19,4.295200599823147,0,
2080,NVIDIA GeForce RTX 2080 Ti,llama-3b,meta-llama/Llama-3.2-3B-Instruct,bfloat16,2026-08-02T08:03:10,load,20,4.288429149892181,0,
2080,NVIDIA GeForce RTX 2080 Ti,llama-3b,meta-llama/Llama-3.2-3B-Instruct,bfloat16,2026-08-02T08:03:10,load,21,4.263683269266039,0,
2080,NVIDIA GeForce RTX 2080 Ti,llama-3b,meta-llama/Llama-3.2-3B-Instruct,bfloat16,2026-08-02T08:03:10,load,22,4.34685935638845,0,
2080,NVIDIA GeForce RTX 2080 Ti,llama-3b,meta-llama/Llama-3.2-3B-Instruct,bfloat16,2026-08-02T08:03:10,load,23,4.28858059970662,0,
2080,NVIDIA GeForce RTX 2080 Ti,llama-3b,meta-llama/Llama-3.2-3B-Instruct,bfloat16,2026-08-02T08:03:10,load,24,4.306075466796756,0,
2080,NVIDIA GeForce RTX 2080 Ti,llama-3b,meta-llama/Llama-3.2-3B-Instruct,bfloat16,2026-08-02T08:03:10,load,25,4.287007519043982,0,
2080,NVIDIA GeForce RTX 2080 Ti,llama-3b,meta-llama/Llama-3.2-3B-Instruct,bfloat16,2026-08-02T08:03:10,load,26,4.2699183649383485,0,
2080,NVIDIA GeForce RTX 2080 Ti,llama-3b,meta-llama/Llama-3.2-3B-Instruct,bfloat16,2026-08-02T08:03:10,load,27,4.272398473229259,0,
2080,NVIDIA GeForce RTX 2080 Ti,llama-3b,meta-llama/Llama-3.2-3B-Instruct,bfloat16,2026-08-02T08:03:10,load,28,4.2771420776844025,0,
2080,NVIDIA GeForce RTX 2080 Ti,llama-3b,meta-llama/Llama-3.2-3B-Instruct,bfloat16,2026-08-02T08:03:10,load,29,4.252679482102394,0,
2080,NVIDIA GeForce RTX 2080 Ti,llama-3b,meta-llama/Llama-3.2-3B-Instruct,bfloat16,2026-08-02T08:03:10,load,30,4.250038569327444,0,
2080,NVIDIA GeForce RTX 2080 Ti,llama-3b,meta-llama/Llama-3.2-3B-Instruct,bfloat16,2026-08-02T08:03:10,load,31,4.268562235869467,0,
2080,NVIDIA GeForce RTX 2080 Ti,llama-3b,meta-llama/Llama-3.2-3B-Instruct,bfloat16,2026-08-02T08:03:10,load,32,4.257620157673955,0,
2080,NVIDIA GeForce RTX 2080 Ti,llama-3b,meta-llama/Llama-3.2-3B-Instruct,bfloat16,2026-08-02T08:03:10,load,33,4.305131304077804,0,
2080,NVIDIA GeForce RTX 2080 Ti,llama-3b,meta-llama/Llama-3.2-3B-Instruct,bfloat16,2026-08-02T08:03:10,load,34,4.261804262176156,0,
2080,NVIDIA GeForce RTX 2080 Ti,llama-3b,meta-llama/Llama-3.2-3B-Instruct,bfloat16,2026-08-02T08:03:10,load,35,4.260034200269729,0,
2080,NVIDIA GeForce RTX 2080 Ti,llama-3b,meta-llama/Llama-3.2-3B-Instruct,bfloat16,2026-08-02T08:03:10,load,36,4.33186747925356,0,
2080,NVIDIA GeForce RTX 2080 Ti,llama-3b,meta-llama/Llama-3.2-3B-Instruct,bfloat16,2026-08-02T08:03:10,load,37,4.317444148939103,0,
2080,NVIDIA GeForce RTX 2080 Ti,llama-3b,meta-llama/Llama-3.2-3B-Instruct,bfloat16,2026-08-02T08:03:10,load,38,4.307909028138965,0,
2080,NVIDIA GeForce RTX 2080 Ti,llama-3b,meta-llama/Llama-3.2-3B-Instruct,bfloat16,2026-08-02T08:03:10,load,39,4.2997666439041495,0,
2080,NVIDIA GeForce RTX 2080 Ti,llama-3b,meta-llama/Llama-3.2-3B-Instruct,bfloat16,2026-08-02T08:03:10,load,40,4.299473352730274,0,
2080,NVIDIA GeForce RTX 2080 Ti,llama-3b,meta-llama/Llama-3.2-3B-Instruct,bfloat16,2026-08-02T08:03:10,load,41,4.313039297703654,0,
2080,NVIDIA GeForce RTX 2080 Ti,llama-3b,meta-llama/Llama-3.2-3B-Instruct,bfloat16,2026-08-02T08:03:10,load,42,4.278987941797823,0,
2080,NVIDIA GeForce RTX 2080 Ti,llama-3b,meta-llama/Llama-3.2-3B-Instruct,bfloat16,2026-08-02T08:03:10,load,43,4.285414448939264,0,
2080,NVIDIA GeForce RTX 2080 Ti,llama-3b,meta-llama/Llama-3.2-3B-Instruct,bfloat16,2026-08-02T08:03:10,load,44,4.279516303911805,0,
2080,NVIDIA GeForce RTX 2080 Ti,llama-3b,meta-llama/Llama-3.2-3B-Instruct,bfloat16,2026-08-02T08:03:10,load,45,4.334037630818784,0,
2080,NVIDIA GeForce RTX 2080 Ti,llama-3b,meta-llama/Llama-3.2-3B-Instruct,bfloat16,2026-08-02T08:03:10,load,46,4.27373737283051,0,
2080,NVIDIA GeForce RTX 2080 Ti,llama-3b,meta-llama/Llama-3.2-3B-Instruct,bfloat16,2026-08-02T08:03:10,load,47,4.386068676132709,0,
2080,NVIDIA GeForce RTX 2080 Ti,llama-3b,meta-llama/Llama-3.2-3B-Instruct,bfloat16,2026-08-02T08:03:10,load,48,4.3229125291109085,0,
2080,NVIDIA GeForce RTX 2080 Ti,llama-3b,meta-llama/Llama-3.2-3B-Instruct,bfloat16,2026-08-02T08:03:10,load,49,4.288806142285466,0,
2080,NVIDIA GeForce RTX 2080 Ti,llama-3b,meta-llama/Llama-3.2-3B-Instruct,bfloat16,2026-08-02T08:03:10,load,50,4.362209023907781,0,
2080,NVIDIA GeForce RTX 2080 Ti,llama-3b,meta-llama/Llama-3.2-3B-Instruct,bfloat16,2026-08-02T08:03:10,load,51,4.29517677007243,0,
2080,NVIDIA GeForce RTX 2080 Ti,llama-3b,meta-llama/Llama-3.2-3B-Instruct,bfloat16,2026-08-02T08:03:10,load,52,4.282215712126344,0,
2080,NVIDIA GeForce RTX 2080 Ti,llama-3b,meta-llama/Llama-3.2-3B-Instruct,bfloat16,2026-08-02T08:03:10,load,53,4.298005557153374,0,
2080,NVIDIA GeForce RTX 2080 Ti,llama-3b,meta-llama/Llama-3.2-3B-Instruct,bfloat16,2026-08-02T08:03:10,load,54,4.263808330986649,0,
2080,NVIDIA GeForce RTX 2080 Ti,llama-3b,meta-llama/Llama-3.2-3B-Instruct,bfloat16,2026-08-02T08:03:10,load,55,4.28521748399362,0,
2080,NVIDIA GeForce RTX 2080 Ti,llama-3b,meta-llama/Llama-3.2-3B-Instruct,bfloat16,2026-08-02T08:03:10,load,56,4.265998737886548,0,
2080,NVIDIA GeForce RTX 2080 Ti,llama-3b,meta-llama/Llama-3.2-3B-Instruct,bfloat16,2026-08-02T08:03:10,load,57,4.27729685138911,0,
2080,NVIDIA GeForce RTX 2080 Ti,llama-3b,meta-llama/Llama-3.2-3B-Instruct,bfloat16,2026-08-02T08:03:10,load,58,4.299521517008543,0,
2080,NVIDIA GeForce RTX 2080 Ti,llama-3b,meta-llama/Llama-3.2-3B-Instruct,bfloat16,2026-08-02T08:03:10,load,59,4.282293031923473,0,
2080,NVIDIA GeForce RTX 2080 Ti,llama-3b,meta-llama/Llama-3.2-3B-Instruct,bfloat16,2026-08-02T08:03:10,load,60,4.279077582992613,0,
2080,NVIDIA GeForce RTX 2080 Ti,llama-3b,meta-llama/Llama-3.2-3B-Instruct,bfloat16,2026-08-02T08:03:10,load,61,4.317932145670056,0,
2080,NVIDIA GeForce RTX 2080 Ti,llama-3b,meta-llama/Llama-3.2-3B-Instruct,bfloat16,2026-08-02T08:03:10,load,62,4.267158493865281,0,
2080,NVIDIA GeForce RTX 2080 Ti,llama-3b,meta-llama/Llama-3.2-3B-Instruct,bfloat16,2026-08-02T08:03:10,load,63,4.294378187973052,0,
2080,NVIDIA GeForce RTX 2080 Ti,llama-3b,meta-llama/Llama-3.2-3B-Instruct,bfloat16,2026-08-02T08:03:10,load,64,4.308188839815557,0,
2080,NVIDIA GeForce RTX 2080 Ti,llama-3b,meta-llama/Llama-3.2-3B-Instruct,bfloat16,2026-08-02T08:03:10,load,65,4.444818689022213,0,
2080,NVIDIA GeForce RTX 2080 Ti,llama-3b,meta-llama/Llama-3.2-3B-Instruct,bfloat16,2026-08-02T08:03:10,load,66,4.295417605899274,0,
2080,NVIDIA GeForce RTX 2080 Ti,llama-3b,meta-llama/Llama-3.2-3B-Instruct,bfloat16,2026-08-02T08:03:10,load,67,4.329341133125126,0,
2080,NVIDIA GeForce RTX 2080 Ti,llama-3b,meta-llama/Llama-3.2-3B-Instruct,bfloat16,2026-08-02T08:03:10,load,68,4.256536923814565,0,
2080,NVIDIA GeForce RTX 2080 Ti,llama-3b,meta-llama/Llama-3.2-3B-Instruct,bfloat16,2026-08-02T08:03:10,load,69,4.28559918096289,0,
2080,NVIDIA GeForce RTX 2080 Ti,llama-3b,meta-llama/Llama-3.2-3B-Instruct,bfloat16,2026-08-02T08:03:10,load,70,4.266133688855916,0,
2080,NVIDIA GeForce RTX 2080 Ti,llama-3b,meta-llama/Llama-3.2-3B-Instruct,bfloat16,2026-08-02T08:03:10,load,71,4.270848356187344,0,
2080,NVIDIA GeForce RTX 2080 Ti,llama-3b,meta-llama/Llama-3.2-3B-Instruct,bfloat16,2026-08-02T08:03:10,load,72,4.369563886895776,0,
2080,NVIDIA GeForce RTX 2080 Ti,llama-3b,meta-llama/Llama-3.2-3B-Instruct,bfloat16,2026-08-02T08:03:10,load,73,4.34148481907323,0,
2080,NVIDIA GeForce RTX 2080 Ti,llama-3b,meta-llama/Llama-3.2-3B-Instruct,bfloat16,2026-08-02T08:03:10,load,74,4.33314647898078,0,
2080,NVIDIA GeForce RTX 2080 Ti,llama-3b,meta-llama/Llama-3.2-3B-Instruct,bfloat16,2026-08-02T08:03:10,load,75,4.288994478993118,0,
2080,NVIDIA GeForce RTX 2080 Ti,llama-3b,meta-llama/Llama-3.2-3B-Instruct,bfloat16,2026-08-02T08:03:10,load,76,4.253406877163798,0,
2080,NVIDIA GeForce RTX 2080 Ti,llama-3b,meta-llama/Llama-3.2-3B-Instruct,bfloat16,2026-08-02T08:03:10,load,77,4.3133707800880075,0,
2080,NVIDIA GeForce RTX 2080 Ti,llama-3b,meta-llama/Llama-3.2-3B-Instruct,bfloat16,2026-08-02T08:03:10,load,78,4.249824958853424,0,
2080,NVIDIA GeForce RTX 2080 Ti,llama-3b,meta-llama/Llama-3.2-3B-Instruct,bfloat16,2026-08-02T08:03:10,load,79,4.241613778285682,0,
2080,NVIDIA GeForce RTX 2080 Ti,llama-3b,meta-llama/Llama-3.2-3B-Instruct,bfloat16,2026-08-02T08:03:10,load,80,4.279829586856067,0,
2080,NVIDIA GeForce RTX 2080 Ti,llama-3b,meta-llama/Llama-3.2-3B-Instruct,bfloat16,2026-08-02T08:03:10,load,81,4.286459271796048,0,
2080,NVIDIA GeForce RTX 2080 Ti,llama-3b,meta-llama/Llama-3.2-3B-Instruct,bfloat16,2026-08-02T08:03:10,load,82,4.392634266987443,0,
2080,NVIDIA GeForce RTX 2080 Ti,llama-3b,meta-llama/Llama-3.2-3B-Instruct,bfloat16,2026-08-02T08:03:10,load,83,4.319990575779229,0,
2080,NVIDIA GeForce RTX 2080 Ti,llama-3b,meta-llama/Llama-3.2-3B-Instruct,bfloat16,2026-08-02T08:03:10,load,84,4.327160343993455,0,
2080,NVIDIA GeForce RTX 2080 Ti,llama-3b,meta-llama/Llama-3.2-3B-Instruct,bfloat16,2026-08-02T08:03:10,load,85,4.299719546921551,0,
2080,NVIDIA GeForce RTX 2080 Ti,llama-3b,meta-llama/Llama-3.2-3B-Instruct,bfloat16,2026-08-02T08:03:10,load,86,4.275068684946746,0,
2080,NVIDIA GeForce RTX 2080 Ti,llama-3b,meta-llama/Llama-3.2-3B-Instruct,bfloat16,2026-08-02T08:03:10,load,87,4.355628946330398,0,
2080,NVIDIA GeForce RTX 2080 Ti,llama-3b,meta-llama/Llama-3.2-3B-Instruct,bfloat16,2026-08-02T08:03:10,load,88,4.293699528090656,0,
2080,NVIDIA GeForce RTX 2080 Ti,llama-3b,meta-llama/Llama-3.2-3B-Instruct,bfloat16,2026-08-02T08:03:10,load,89,4.2784005659632385,0,
2080,NVIDIA GeForce RTX 2080 Ti,llama-3b,meta-llama/Llama-3.2-3B-Instruct,bfloat16,2026-08-02T08:03:10,load,90,4.383217847906053,0,
2080,NVIDIA GeForce RTX 2080 Ti,llama-3b,meta-llama/Llama-3.2-3B-Instruct,bfloat16,2026-08-02T08:03:10,load,91,4.325080130249262,0,
2080,NVIDIA GeForce RTX 2080 Ti,llama-3b,meta-llama/Llama-3.2-3B-Instruct,bfloat16,2026-08-02T08:03:10,load,92,4.2839252459816635,0,
2080,NVIDIA GeForce RTX 2080 Ti,llama-3b,meta-llama/Llama-3.2-3B-Instruct,bfloat16,2026-08-02T08:03:10,load,93,4.304597151931375,0,
2080,NVIDIA GeForce RTX 2080 Ti,llama-3b,meta-llama/Llama-3.2-3B-Instruct,bfloat16,2026-08-02T08:03:10,load,94,4.274743610061705,0,
2080,NVIDIA GeForce RTX 2080 Ti,llama-3b,meta-llama/Llama-3.2-3B-Instruct,bfloat16,2026-08-02T08:03:10,load,95,4.298529820051044,0,
2080,NVIDIA GeForce RTX 2080 Ti,llama-3b,meta-llama/Llama-3.2-3B-Instruct,bfloat16,2026-08-02T08:03:10,load,96,4.334672085940838,0,
2080,NVIDIA GeForce RTX 2080 Ti,llama-3b,meta-llama/Llama-3.2-3B-Instruct,bfloat16,2026-08-02T08:03:10,load,97,4.32047521090135,0,
2080,NVIDIA GeForce RTX 2080 Ti,llama-3b,meta-llama/Llama-3.2-3B-Instruct,bfloat16,2026-08-02T08:03:10,load,98,4.249731159768999,0,
2080,NVIDIA GeForce RTX 2080 Ti,llama-3b,meta-llama/Llama-3.2-3B-Instruct,bfloat16,2026-08-02T08:03:10,load,99,4.30794981867075,0,
2080,NVIDIA GeForce RTX 2080 Ti,llama-3b,meta-llama/Llama-3.2-3B-Instruct,bfloat16,2026-08-02T08:03:10,inference,0,0.9399728351272643,24,
2080,NVIDIA GeForce RTX 2080 Ti,llama-3b,meta-llama/Llama-3.2-3B-Instruct,bfloat16,2026-08-02T08:03:10,inference,1,0.9410190880298615,24,
2080,NVIDIA GeForce RTX 2080 Ti,llama-3b,meta-llama/Llama-3.2-3B-Instruct,bfloat16,2026-08-02T08:03:10,inference,2,0.9419806962832808,24,
2080,NVIDIA GeForce RTX 2080 Ti,llama-3b,meta-llama/Llama-3.2-3B-Instruct,bfloat16,2026-08-02T08:03:10,inference,3,0.9402873879298568,24,
2080,NVIDIA GeForce RTX 2080 Ti,llama-3b,meta-llama/Llama-3.2-3B-Instruct,bfloat16,2026-08-02T08:03:10,inference,4,0.9412049963138998,24,
2080,NVIDIA GeForce RTX 2080 Ti,llama-3b,meta-llama/Llama-3.2-3B-Instruct,bfloat16,2026-08-02T08:03:10,inference,5,0.9426151812076569,24,
2080,NVIDIA GeForce RTX 2080 Ti,llama-3b,meta-llama/Llama-3.2-3B-Instruct,bfloat16,2026-08-02T08:03:10,inference,6,0.9426881982944906,24,
2080,NVIDIA GeForce RTX 2080 Ti,llama-3b,meta-llama/Llama-3.2-3B-Instruct,bfloat16,2026-08-02T08:03:10,inference,7,0.9411345599219203,24,
2080,NVIDIA GeForce RTX 2080 Ti,llama-3b,meta-llama/Llama-3.2-3B-Instruct,bfloat16,2026-08-02T08:03:10,inference,8,0.9489893233403563,24,
2080,NVIDIA GeForce RTX 2080 Ti,llama-3b,meta-llama/Llama-3.2-3B-Instruct,bfloat16,2026-08-02T08:03:10,inference,9,0.943117112852633,24,
2080,NVIDIA GeForce RTX 2080 Ti,llama-3b,meta-llama/Llama-3.2-3B-Instruct,bfloat16,2026-08-02T08:03:10,inference,10,0.94377585593611,24,
2080,NVIDIA GeForce RTX 2080 Ti,llama-3b,meta-llama/Llama-3.2-3B-Instruct,bfloat16,2026-08-02T08:03:10,inference,11,0.9437041240744293,24,
2080,NVIDIA GeForce RTX 2080 Ti,llama-3b,meta-llama/Llama-3.2-3B-Instruct,bfloat16,2026-08-02T08:03:10,inference,12,0.9446506518870592,24,
2080,NVIDIA GeForce RTX 2080 Ti,llama-3b,meta-llama/Llama-3.2-3B-Instruct,bfloat16,2026-08-02T08:03:10,inference,13,0.9431035784073174,24,
2080,NVIDIA GeForce RTX 2080 Ti,llama-3b,meta-llama/Llama-3.2-3B-Instruct,bfloat16,2026-08-02T08:03:10,inference,14,0.944351308979094,24,
2080,NVIDIA GeForce RTX 2080 Ti,llama-3b,meta-llama/Llama-3.2-3B-Instruct,bfloat16,2026-08-02T08:03:10,inference,15,0.9480388541705906,24,
2080,NVIDIA GeForce RTX 2080 Ti,llama-3b,meta-llama/Llama-3.2-3B-Instruct,bfloat16,2026-08-02T08:03:10,inference,16,0.9326430768705904,24,
2080,NVIDIA GeForce RTX 2080 Ti,llama-3b,meta-llama/Llama-3.2-3B-Instruct,bfloat16,2026-08-02T08:03:10,inference,17,0.9433412170037627,24,
2080,NVIDIA GeForce RTX 2080 Ti,llama-3b,meta-llama/Llama-3.2-3B-Instruct,bfloat16,2026-08-02T08:03:10,inference,18,0.9445978859439492,24,
2080,NVIDIA GeForce RTX 2080 Ti,llama-3b,meta-llama/Llama-3.2-3B-Instruct,bfloat16,2026-08-02T08:03:10,inference,19,0.9477429171092808,24,
2080,NVIDIA GeForce RTX 2080 Ti,llama-3b,meta-llama/Llama-3.2-3B-Instruct,bfloat16,2026-08-02T08:03:10,inference,20,0.9499298632144928,24,
2080,NVIDIA GeForce RTX 2080 Ti,llama-3b,meta-llama/Llama-3.2-3B-Instruct,bfloat16,2026-08-02T08:03:10,inference,21,0.9447944536805153,24,
2080,NVIDIA GeForce RTX 2080 Ti,llama-3b,meta-llama/Llama-3.2-3B-Instruct,bfloat16,2026-08-02T08:03:10,inference,22,0.9461209601722658,24,
2080,NVIDIA GeForce RTX 2080 Ti,llama-3b,meta-llama/Llama-3.2-3B-Instruct,bfloat16,2026-08-02T08:03:10,inference,23,0.9441255279816687,24,
2080,NVIDIA GeForce RTX 2080 Ti,llama-3b,meta-llama/Llama-3.2-3B-Instruct,bfloat16,2026-08-02T08:03:10,inference,24,0.944794415961951,24,
2080,NVIDIA GeForce RTX 2080 Ti,llama-3b,meta-llama/Llama-3.2-3B-Instruct,bfloat16,2026-08-02T08:03:10,inference,25,0.9453233410604298,24,
2080,NVIDIA GeForce RTX 2080 Ti,llama-3b,meta-llama/Llama-3.2-3B-Instruct,bfloat16,2026-08-02T08:03:10,inference,26,0.9453528793528676,24,
2080,NVIDIA GeForce RTX 2080 Ti,llama-3b,meta-llama/Llama-3.2-3B-Instruct,bfloat16,2026-08-02T08:03:10,inference,27,0.9451233800500631,24,
2080,NVIDIA GeForce RTX 2080 Ti,llama-3b,meta-llama/Llama-3.2-3B-Instruct,bfloat16,2026-08-02T08:03:10,inference,28,0.9503190000541508,24,
2080,NVIDIA GeForce RTX 2080 Ti,llama-3b,meta-llama/Llama-3.2-3B-Instruct,bfloat16,2026-08-02T08:03:10,inference,29,0.9505269890651107,24,
2080,NVIDIA GeForce RTX 2080 Ti,llama-3b,meta-llama/Llama-3.2-3B-Instruct,bfloat16,2026-08-02T08:03:10,inference,30,0.9482452138327062,24,
2080,NVIDIA GeForce RTX 2080 Ti,llama-3b,meta-llama/Llama-3.2-3B-Instruct,bfloat16,2026-08-02T08:03:10,inference,31,0.9477575249038637,24,
2080,NVIDIA GeForce RTX 2080 Ti,llama-3b,meta-llama/Llama-3.2-3B-Instruct,bfloat16,2026-08-02T08:03:10,inference,32,0.9440259980037808,24,
2080,NVIDIA GeForce RTX 2080 Ti,llama-3b,meta-llama/Llama-3.2-3B-Instruct,bfloat16,2026-08-02T08:03:10,inference,33,0.9446975728496909,24,
2080,NVIDIA GeForce RTX 2080 Ti,llama-3b,meta-llama/Llama-3.2-3B-Instruct,bfloat16,2026-08-02T08:03:10,inference,34,0.9442420531995595,24,
2080,NVIDIA GeForce RTX 2080 Ti,llama-3b,meta-llama/Llama-3.2-3B-Instruct,bfloat16,2026-08-02T08:03:10,inference,35,0.9452198203653097,24,
2080,NVIDIA GeForce RTX 2080 Ti,llama-3b,meta-llama/Llama-3.2-3B-Instruct,bfloat16,2026-08-02T08:03:10,inference,36,0.9365757708437741,24,
2080,NVIDIA GeForce RTX 2080 Ti,llama-3b,meta-llama/Llama-3.2-3B-Instruct,bfloat16,2026-08-02T08:03:10,inference,37,0.9482925347983837,24,
2080,NVIDIA GeForce RTX 2080 Ti,llama-3b,meta-llama/Llama-3.2-3B-Instruct,bfloat16,2026-08-02T08:03:10,inference,38,0.9482869207859039,24,
2080,NVIDIA GeForce RTX 2080 Ti,llama-3b,meta-llama/Llama-3.2-3B-Instruct,bfloat16,2026-08-02T08:03:10,inference,39,0.948233769275248,24,
2080,NVIDIA GeForce RTX 2080 Ti,llama-3b,meta-llama/Llama-3.2-3B-Instruct,bfloat16,2026-08-02T08:03:10,inference,40,0.9482473959214985,24,
2080,NVIDIA GeForce RTX 2080 Ti,llama-3b,meta-llama/Llama-3.2-3B-Instruct,bfloat16,2026-08-02T08:03:10,inference,41,0.9509073421359062,24,
2080,NVIDIA GeForce RTX 2080 Ti,llama-3b,meta-llama/Llama-3.2-3B-Instruct,bfloat16,2026-08-02T08:03:10,inference,42,0.9485278846696019,24,
2080,NVIDIA GeForce RTX 2080 Ti,llama-3b,meta-llama/Llama-3.2-3B-Instruct,bfloat16,2026-08-02T08:03:10,inference,43,0.944577045738697,24,
2080,NVIDIA GeForce RTX 2080 Ti,llama-3b,meta-llama/Llama-3.2-3B-Instruct,bfloat16,2026-08-02T08:03:10,inference,44,0.9510194300673902,24,
2080,NVIDIA GeForce RTX 2080 Ti,llama-3b,meta-llama/Llama-3.2-3B-Instruct,bfloat16,2026-08-02T08:03:10,inference,45,0.9507696842774749,24,
2080,NVIDIA GeForce RTX 2080 Ti,llama-3b,meta-llama/Llama-3.2-3B-Instruct,bfloat16,2026-08-02T08:03:10,inference,46,0.9527920568361878,24,
2080,NVIDIA GeForce RTX 2080 Ti,llama-3b,meta-llama/Llama-3.2-3B-Instruct,bfloat16,2026-08-02T08:03:10,inference,47,0.9538874947465956,24,
2080,NVIDIA GeForce RTX 2080 Ti,llama-3b,meta-llama/Llama-3.2-3B-Instruct,bfloat16,2026-08-02T08:03:10,inference,48,0.9503894820809364,24,
2080,NVIDIA GeForce RTX 2080 Ti,llama-3b,meta-llama/Llama-3.2-3B-Instruct,bfloat16,2026-08-02T08:03:10,inference,49,0.953786020167172,24,
2080,NVIDIA GeForce RTX 2080 Ti,llama-3b,meta-llama/Llama-3.2-3B-Instruct,bfloat16,2026-08-02T08:03:10,inference,50,0.9537579389289021,24,
2080,NVIDIA GeForce RTX 2080 Ti,llama-3b,meta-llama/Llama-3.2-3B-Instruct,bfloat16,2026-08-02T08:03:10,inference,51,0.9540056050755084,24,
2080,NVIDIA GeForce RTX 2080 Ti,llama-3b,meta-llama/Llama-3.2-3B-Instruct,bfloat16,2026-08-02T08:03:10,inference,52,0.9521782780066133,24,
2080,NVIDIA GeForce RTX 2080 Ti,llama-3b,meta-llama/Llama-3.2-3B-Instruct,bfloat16,2026-08-02T08:03:10,inference,53,0.9502995889633894,24,
2080,NVIDIA GeForce RTX 2080 Ti,llama-3b,meta-llama/Llama-3.2-3B-Instruct,bfloat16,2026-08-02T08:03:10,inference,54,0.9508579052053392,24,
2080,NVIDIA GeForce RTX 2080 Ti,llama-3b,meta-llama/Llama-3.2-3B-Instruct,bfloat16,2026-08-02T08:03:10,inference,55,0.9530839580111206,24,
2080,NVIDIA GeForce RTX 2080 Ti,llama-3b,meta-llama/Llama-3.2-3B-Instruct,bfloat16,2026-08-02T08:03:10,inference,56,0.9545333259738982,24,
2080,NVIDIA GeForce RTX 2080 Ti,llama-3b,meta-llama/Llama-3.2-3B-Instruct,bfloat16,2026-08-02T08:03:10,inference,57,0.9535821052268147,24,
2080,NVIDIA GeForce RTX 2080 Ti,llama-3b,meta-llama/Llama-3.2-3B-Instruct,bfloat16,2026-08-02T08:03:10,inference,58,0.9539217418059707,24,
2080,NVIDIA GeForce RTX 2080 Ti,llama-3b,meta-llama/Llama-3.2-3B-Instruct,bfloat16,2026-08-02T08:03:10,inference,59,0.9582903981208801,24,
2080,NVIDIA GeForce RTX 2080 Ti,llama-3b,meta-llama/Llama-3.2-3B-Instruct,bfloat16,2026-08-02T08:03:10,inference,60,0.9544562511146069,24,
2080,NVIDIA GeForce RTX 2080 Ti,llama-3b,meta-llama/Llama-3.2-3B-Instruct,bfloat16,2026-08-02T08:03:10,inference,61,0.9547190670855343,24,
2080,NVIDIA GeForce RTX 2080 Ti,llama-3b,meta-llama/Llama-3.2-3B-Instruct,bfloat16,2026-08-02T08:03:10,inference,62,0.9545473228208721,24,
2080,NVIDIA GeForce RTX 2080 Ti,llama-3b,meta-llama/Llama-3.2-3B-Instruct,bfloat16,2026-08-02T08:03:10,inference,63,0.9564284938387573,24,
2080,NVIDIA GeForce RTX 2080 Ti,llama-3b,meta-llama/Llama-3.2-3B-Instruct,bfloat16,2026-08-02T08:03:10,inference,64,0.952093631029129,24,
2080,NVIDIA GeForce RTX 2080 Ti,llama-3b,meta-llama/Llama-3.2-3B-Instruct,bfloat16,2026-08-02T08:03:10,inference,65,0.9552588392980397,24,
2080,NVIDIA GeForce RTX 2080 Ti,llama-3b,meta-llama/Llama-3.2-3B-Instruct,bfloat16,2026-08-02T08:03:10,inference,66,0.9558902117423713,24,
2080,NVIDIA GeForce RTX 2080 Ti,llama-3b,meta-llama/Llama-3.2-3B-Instruct,bfloat16,2026-08-02T08:03:10,inference,67,0.9528735871426761,24,
2080,NVIDIA GeForce RTX 2080 Ti,llama-3b,meta-llama/Llama-3.2-3B-Instruct,bfloat16,2026-08-02T08:03:10,inference,68,0.9557640394195914,24,
2080,NVIDIA GeForce RTX 2080 Ti,llama-3b,meta-llama/Llama-3.2-3B-Instruct,bfloat16,2026-08-02T08:03:10,inference,69,0.9526437288150191,24,
2080,NVIDIA GeForce RTX 2080 Ti,llama-3b,meta-llama/Llama-3.2-3B-Instruct,bfloat16,2026-08-02T08:03:10,inference,70,0.954263751860708,24,
2080,NVIDIA GeForce RTX 2080 Ti,llama-3b,meta-llama/Llama-3.2-3B-Instruct,bfloat16,2026-08-02T08:03:10,inference,71,0.9543704469688237,24,
2080,NVIDIA GeForce RTX 2080 Ti,llama-3b,meta-llama/Llama-3.2-3B-Instruct,bfloat16,2026-08-02T08:03:10,inference,72,0.9538246723823249,24,
2080,NVIDIA GeForce RTX 2080 Ti,llama-3b,meta-llama/Llama-3.2-3B-Instruct,bfloat16,2026-08-02T08:03:10,inference,73,0.9521508682519197,24,
2080,NVIDIA GeForce RTX 2080 Ti,llama-3b,meta-llama/Llama-3.2-3B-Instruct,bfloat16,2026-08-02T08:03:10,inference,74,0.953355710953474,24,
2080,NVIDIA GeForce RTX 2080 Ti,llama-3b,meta-llama/Llama-3.2-3B-Instruct,bfloat16,2026-08-02T08:03:10,inference,75,0.95957992086187,24,
2080,NVIDIA GeForce RTX 2080 Ti,llama-3b,meta-llama/Llama-3.2-3B-Instruct,bfloat16,2026-08-02T08:03:10,inference,76,0.9538929304108024,24,
2080,NVIDIA GeForce RTX 2080 Ti,llama-3b,meta-llama/Llama-3.2-3B-Instruct,bfloat16,2026-08-02T08:03:10,inference,77,0.9531631572172046,24,
2080,NVIDIA GeForce RTX 2080 Ti,llama-3b,meta-llama/Llama-3.2-3B-Instruct,bfloat16,2026-08-02T08:03:10,inference,78,0.9551610061898828,24,
2080,NVIDIA GeForce RTX 2080 Ti,llama-3b,meta-llama/Llama-3.2-3B-Instruct,bfloat16,2026-08-02T08:03:10,inference,79,0.9533613403327763,24,
2080,NVIDIA GeForce RTX 2080 Ti,llama-3b,meta-llama/Llama-3.2-3B-Instruct,bfloat16,2026-08-02T08:03:10,inference,80,0.9529319130815566,24,
2080,NVIDIA GeForce RTX 2080 Ti,llama-3b,meta-llama/Llama-3.2-3B-Instruct,bfloat16,2026-08-02T08:03:10,inference,81,0.9522466897033155,24,
2080,NVIDIA GeForce RTX 2080 Ti,llama-3b,meta-llama/Llama-3.2-3B-Instruct,bfloat16,2026-08-02T08:03:10,inference,82,0.9544761669822037,24,
2080,NVIDIA GeForce RTX 2080 Ti,llama-3b,meta-llama/Llama-3.2-3B-Instruct,bfloat16,2026-08-02T08:03:10,inference,83,0.9585056421346962,24,
2080,NVIDIA GeForce RTX 2080 Ti,llama-3b,meta-llama/Llama-3.2-3B-Instruct,bfloat16,2026-08-02T08:03:10,inference,84,0.9506054460071027,24,
2080,NVIDIA GeForce RTX 2080 Ti,llama-3b,meta-llama/Llama-3.2-3B-Instruct,bfloat16,2026-08-02T08:03:10,inference,85,0.9533125250600278,24,
2080,NVIDIA GeForce RTX 2080 Ti,llama-3b,meta-llama/Llama-3.2-3B-Instruct,bfloat16,2026-08-02T08:03:10,inference,86,0.950769716873765,24,
2080,NVIDIA GeForce RTX 2080 Ti,llama-3b,meta-llama/Llama-3.2-3B-Instruct,bfloat16,2026-08-02T08:03:10,inference,87,0.9513278850354254,24,
2080,NVIDIA GeForce RTX 2080 Ti,llama-3b,meta-llama/Llama-3.2-3B-Instruct,bfloat16,2026-08-02T08:03:10,inference,88,0.9627194167114794,24,
2080,NVIDIA GeForce RTX 2080 Ti,llama-3b,meta-llama/Llama-3.2-3B-Instruct,bfloat16,2026-08-02T08:03:10,inference,89,0.9542695549316704,24,
2080,NVIDIA GeForce RTX 2080 Ti,llama-3b,meta-llama/Llama-3.2-3B-Instruct,bfloat16,2026-08-02T08:03:10,inference,90,0.9529180997051299,24,
2080,NVIDIA GeForce RTX 2080 Ti,llama-3b,meta-llama/Llama-3.2-3B-Instruct,bfloat16,2026-08-02T08:03:10,inference,91,0.9605553089641035,24,
2080,NVIDIA GeForce RTX 2080 Ti,llama-3b,meta-llama/Llama-3.2-3B-Instruct,bfloat16,2026-08-02T08:03:10,inference,92,0.9546737116761506,24,
2080,NVIDIA GeForce RTX 2080 Ti,llama-3b,meta-llama/Llama-3.2-3B-Instruct,bfloat16,2026-08-02T08:03:10,inference,93,0.9537401641719043,24,
2080,NVIDIA GeForce RTX 2080 Ti,llama-3b,meta-llama/Llama-3.2-3B-Instruct,bfloat16,2026-08-02T08:03:10,inference,94,0.9563339073210955,24,
2080,NVIDIA GeForce RTX 2080 Ti,llama-3b,meta-llama/Llama-3.2-3B-Instruct,bfloat16,2026-08-02T08:03:10,inference,95,0.9559465707279742,24,
2080,NVIDIA GeForce RTX 2080 Ti,llama-3b,meta-llama/Llama-3.2-3B-Instruct,bfloat16,2026-08-02T08:03:10,inference,96,0.9560345229692757,24,
2080,NVIDIA GeForce RTX 2080 Ti,llama-3b,meta-llama/Llama-3.2-3B-Instruct,bfloat16,2026-08-02T08:03:10,inference,97,0.9511044332757592,24,
2080,NVIDIA GeForce RTX 2080 Ti,llama-3b,meta-llama/Llama-3.2-3B-Instruct,bfloat16,2026-08-02T08:03:10,inference,98,0.9516277806833386,24,
2080,NVIDIA GeForce RTX 2080 Ti,llama-3b,meta-llama/Llama-3.2-3B-Instruct,bfloat16,2026-08-02T08:03:10,inference,99,0.9515647012740374,24,
2080,NVIDIA GeForce RTX 2080 Ti,qwen-0.5b,Qwen/Qwen2.5-0.5B-Instruct,bfloat16,2026-08-02T08:03:10,load,0,1.4376339600421488,0,
2080,NVIDIA GeForce RTX 2080 Ti,qwen-0.5b,Qwen/Qwen2.5-0.5B-Instruct,bfloat16,2026-08-02T08:03:10,load,1,1.4028587518259883,0,
2080,NVIDIA GeForce RTX 2080 Ti,qwen-0.5b,Qwen/Qwen2.5-0.5B-Instruct,bfloat16,2026-08-02T08:03:10,load,2,1.3657611277885735,0,
2080,NVIDIA GeForce RTX 2080 Ti,qwen-0.5b,Qwen/Qwen2.5-0.5B-Instruct,bfloat16,2026-08-02T08:03:10,load,3,1.3963341717608273,0,
2080,NVIDIA GeForce RTX 2080 Ti,qwen-0.5b,Qwen/Qwen2.5-0.5B-Instruct,bfloat16,2026-08-02T08:03:10,load,4,1.4316889899782836,0,
2080,NVIDIA GeForce RTX 2080 Ti,qwen-0.5b,Qwen/Qwen2.5-0.5B-Instruct,bfloat16,2026-08-02T08:03:10,load,5,1.3669096119701862,0,
2080,NVIDIA GeForce RTX 2080 Ti,qwen-0.5b,Qwen/Qwen2.5-0.5B-Instruct,bfloat16,2026-08-02T08:03:10,load,6,1.414098178036511,0,
2080,NVIDIA GeForce RTX 2080 Ti,qwen-0.5b,Qwen/Qwen2.5-0.5B-Instruct,bfloat16,2026-08-02T08:03:10,load,7,1.3560299812816083,0,
2080,NVIDIA GeForce RTX 2080 Ti,qwen-0.5b,Qwen/Qwen2.5-0.5B-Instruct,bfloat16,2026-08-02T08:03:10,load,8,1.3585650781169534,0,
2080,NVIDIA GeForce RTX 2080 Ti,qwen-0.5b,Qwen/Qwen2.5-0.5B-Instruct,bfloat16,2026-08-02T08:03:10,load,9,1.3560580858029425,0,
2080,NVIDIA GeForce RTX 2080 Ti,qwen-0.5b,Qwen/Qwen2.5-0.5B-Instruct,bfloat16,2026-08-02T08:03:10,load,10,1.3247645269148052,0,
2080,NVIDIA GeForce RTX 2080 Ti,qwen-0.5b,Qwen/Qwen2.5-0.5B-Instruct,bfloat16,2026-08-02T08:03:10,load,11,1.4008435369469225,0,
2080,NVIDIA GeForce RTX 2080 Ti,qwen-0.5b,Qwen/Qwen2.5-0.5B-Instruct,bfloat16,2026-08-02T08:03:10,load,12,1.3674763850867748,0,
2080,NVIDIA GeForce RTX 2080 Ti,qwen-0.5b,Qwen/Qwen2.5-0.5B-Instruct,bfloat16,2026-08-02T08:03:10,load,13,1.4094670009799302,0,
2080,NVIDIA GeForce RTX 2080 Ti,qwen-0.5b,Qwen/Qwen2.5-0.5B-Instruct,bfloat16,2026-08-02T08:03:10,load,14,1.3305324148386717,0,
2080,NVIDIA GeForce RTX 2080 Ti,qwen-0.5b,Qwen/Qwen2.5-0.5B-Instruct,bfloat16,2026-08-02T08:03:10,load,15,1.3471920131705701,0,
2080,NVIDIA GeForce RTX 2080 Ti,qwen-0.5b,Qwen/Qwen2.5-0.5B-Instruct,bfloat16,2026-08-02T08:03:10,load,16,1.3156355759128928,0,
2080,NVIDIA GeForce RTX 2080 Ti,qwen-0.5b,Qwen/Qwen2.5-0.5B-Instruct,bfloat16,2026-08-02T08:03:10,load,17,1.3234866759739816,0,
2080,NVIDIA GeForce RTX 2080 Ti,qwen-0.5b,Qwen/Qwen2.5-0.5B-Instruct,bfloat16,2026-08-02T08:03:10,load,18,1.325890205334872,0,
2080,NVIDIA GeForce RTX 2080 Ti,qwen-0.5b,Qwen/Qwen2.5-0.5B-Instruct,bfloat16,2026-08-02T08:03:10,load,19,1.353019390720874,0,
2080,NVIDIA GeForce RTX 2080 Ti,qwen-0.5b,Qwen/Qwen2.5-0.5B-Instruct,bfloat16,2026-08-02T08:03:10,load,20,1.3327706260606647,0,
2080,NVIDIA GeForce RTX 2080 Ti,qwen-0.5b,Qwen/Qwen2.5-0.5B-Instruct,bfloat16,2026-08-02T08:03:10,load,21,1.3410551939159632,0,
2080,NVIDIA GeForce RTX 2080 Ti,qwen-0.5b,Qwen/Qwen2.5-0.5B-Instruct,bfloat16,2026-08-02T08:03:10,load,22,1.333066773135215,0,
2080,NVIDIA GeForce RTX 2080 Ti,qwen-0.5b,Qwen/Qwen2.5-0.5B-Instruct,bfloat16,2026-08-02T08:03:10,load,23,1.3200014038011432,0,
2080,NVIDIA GeForce RTX 2080 Ti,qwen-0.5b,Qwen/Qwen2.5-0.5B-Instruct,bfloat16,2026-08-02T08:03:10,load,24,1.3037752020172775,0,
2080,NVIDIA GeForce RTX 2080 Ti,qwen-0.5b,Qwen/Qwen2.5-0.5B-Instruct,bfloat16,2026-08-02T08:03:10,load,25,1.3194337589666247,0,
2080,NVIDIA GeForce RTX 2080 Ti,qwen-0.5b,Qwen/Qwen2.5-0.5B-Instruct,bfloat16,2026-08-02T08:03:10,load,26,1.303813232574612,0,
2080,NVIDIA GeForce RTX 2080 Ti,qwen-0.5b,Qwen/Qwen2.5-0.5B-Instruct,bfloat16,2026-08-02T08:03:10,load,27,1.3689403869211674,0,
2080,NVIDIA GeForce RTX 2080 Ti,qwen-0.5b,Qwen/Qwen2.5-0.5B-Instruct,bfloat16,2026-08-02T08:03:10,load,28,1.3302477458491921,0,
2080,NVIDIA GeForce RTX 2080 Ti,qwen-0.5b,Qwen/Qwen2.5-0.5B-Instruct,bfloat16,2026-08-02T08:03:10,load,29,1.3631476419977844,0,
2080,NVIDIA GeForce RTX 2080 Ti,qwen-0.5b,Qwen/Qwen2.5-0.5B-Instruct,bfloat16,2026-08-02T08:03:10,load,30,1.31368842208758,0,
2080,NVIDIA GeForce RTX 2080 Ti,qwen-0.5b,Qwen/Qwen2.5-0.5B-Instruct,bfloat16,2026-08-02T08:03:10,load,31,1.3423753883689642,0,
2080,NVIDIA GeForce RTX 2080 Ti,qwen-0.5b,Qwen/Qwen2.5-0.5B-Instruct,bfloat16,2026-08-02T08:03:10,load,32,1.3208415829576552,0,
2080,NVIDIA GeForce RTX 2080 Ti,qwen-0.5b,Qwen/Qwen2.5-0.5B-Instruct,bfloat16,2026-08-02T08:03:10,load,33,1.3843087530694902,0,
2080,NVIDIA GeForce RTX 2080 Ti,qwen-0.5b,Qwen/Qwen2.5-0.5B-Instruct,bfloat16,2026-08-02T08:03:10,load,34,1.3162380019202828,0,
2080,NVIDIA GeForce RTX 2080 Ti,qwen-0.5b,Qwen/Qwen2.5-0.5B-Instruct,bfloat16,2026-08-02T08:03:10,load,35,1.3756094379350543,0,
2080,NVIDIA GeForce RTX 2080 Ti,qwen-0.5b,Qwen/Qwen2.5-0.5B-Instruct,bfloat16,2026-08-02T08:03:10,load,36,1.3024048749357462,0,
2080,NVIDIA GeForce RTX 2080 Ti,qwen-0.5b,Qwen/Qwen2.5-0.5B-Instruct,bfloat16,2026-08-02T08:03:10,load,37,1.2990114809945226,0,
2080,NVIDIA GeForce RTX 2080 Ti,qwen-0.5b,Qwen/Qwen2.5-0.5B-Instruct,bfloat16,2026-08-02T08:03:10,load,38,1.341999044176191,0,
2080,NVIDIA GeForce RTX 2080 Ti,qwen-0.5b,Qwen/Qwen2.5-0.5B-Instruct,bfloat16,2026-08-02T08:03:10,load,39,1.3592970189638436,0,
2080,NVIDIA GeForce RTX 2080 Ti,qwen-0.5b,Qwen/Qwen2.5-0.5B-Instruct,bfloat16,2026-08-02T08:03:10,load,40,1.4091578740626574,0,
2080,NVIDIA GeForce RTX 2080 Ti,qwen-0.5b,Qwen/Qwen2.5-0.5B-Instruct,bfloat16,2026-08-02T08:03:10,load,41,1.360382230952382,0,
2080,NVIDIA GeForce RTX 2080 Ti,qwen-0.5b,Qwen/Qwen2.5-0.5B-Instruct,bfloat16,2026-08-02T08:03:10,load,42,1.3175006308592856,0,
2080,NVIDIA GeForce RTX 2080 Ti,qwen-0.5b,Qwen/Qwen2.5-0.5B-Instruct,bfloat16,2026-08-02T08:03:10,load,43,1.3154686242341995,0,
2080,NVIDIA GeForce RTX 2080 Ti,qwen-0.5b,Qwen/Qwen2.5-0.5B-Instruct,bfloat16,2026-08-02T08:03:10,load,44,1.3037304528988898,0,
2080,NVIDIA GeForce RTX 2080 Ti,qwen-0.5b,Qwen/Qwen2.5-0.5B-Instruct,bfloat16,2026-08-02T08:03:10,load,45,1.3302252739667892,0,
2080,NVIDIA GeForce RTX 2080 Ti,qwen-0.5b,Qwen/Qwen2.5-0.5B-Instruct,bfloat16,2026-08-02T08:03:10,load,46,1.3100743000395596,0,
2080,NVIDIA GeForce RTX 2080 Ti,qwen-0.5b,Qwen/Qwen2.5-0.5B-Instruct,bfloat16,2026-08-02T08:03:10,load,47,1.4209211240522563,0,
2080,NVIDIA GeForce RTX 2080 Ti,qwen-0.5b,Qwen/Qwen2.5-0.5B-Instruct,bfloat16,2026-08-02T08:03:10,load,48,1.3099660971201956,0,
2080,NVIDIA GeForce RTX 2080 Ti,qwen-0.5b,Qwen/Qwen2.5-0.5B-Instruct,bfloat16,2026-08-02T08:03:10,load,49,1.4110980699770153,0,
2080,NVIDIA GeForce RTX 2080 Ti,qwen-0.5b,Qwen/Qwen2.5-0.5B-Instruct,bfloat16,2026-08-02T08:03:10,load,50,1.3108306410722435,0,
2080,NVIDIA GeForce RTX 2080 Ti,qwen-0.5b,Qwen/Qwen2.5-0.5B-Instruct,bfloat16,2026-08-02T08:03:10,load,51,1.3520278739742935,0,
2080,NVIDIA GeForce RTX 2080 Ti,qwen-0.5b,Qwen/Qwen2.5-0.5B-Instruct,bfloat16,2026-08-02T08:03:10,load,52,1.3201794889755547,0,
2080,NVIDIA GeForce RTX 2080 Ti,qwen-0.5b,Qwen/Qwen2.5-0.5B-Instruct,bfloat16,2026-08-02T08:03:10,load,53,1.5845859572291374,0,
2080,NVIDIA GeForce RTX 2080 Ti,qwen-0.5b,Qwen/Qwen2.5-0.5B-Instruct,bfloat16,2026-08-02T08:03:10,load,54,1.3132626279257238,0,
2080,NVIDIA GeForce RTX 2080 Ti,qwen-0.5b,Qwen/Qwen2.5-0.5B-Instruct,bfloat16,2026-08-02T08:03:10,load,55,1.333367652259767,0,
2080,NVIDIA GeForce RTX 2080 Ti,qwen-0.5b,Qwen/Qwen2.5-0.5B-Instruct,bfloat16,2026-08-02T08:03:10,load,56,1.3227836210280657,0,
2080,NVIDIA GeForce RTX 2080 Ti,qwen-0.5b,Qwen/Qwen2.5-0.5B-Instruct,bfloat16,2026-08-02T08:03:10,load,57,1.3347306628711522,0,
2080,NVIDIA GeForce RTX 2080 Ti,qwen-0.5b,Qwen/Qwen2.5-0.5B-Instruct,bfloat16,2026-08-02T08:03:10,load,58,1.326684117782861,0,
2080,NVIDIA GeForce RTX 2080 Ti,qwen-0.5b,Qwen/Qwen2.5-0.5B-Instruct,bfloat16,2026-08-02T08:03:10,load,59,1.3340134001336992,0,
2080,NVIDIA GeForce RTX 2080 Ti,qwen-0.5b,Qwen/Qwen2.5-0.5B-Instruct,bfloat16,2026-08-02T08:03:10,load,60,1.3261460862122476,0,
2080,NVIDIA GeForce RTX 2080 Ti,qwen-0.5b,Qwen/Qwen2.5-0.5B-Instruct,bfloat16,2026-08-02T08:03:10,load,61,1.3297716891393065,0,
2080,NVIDIA GeForce RTX 2080 Ti,qwen-0.5b,Qwen/Qwen2.5-0.5B-Instruct,bfloat16,2026-08-02T08:03:10,load,62,1.292102409992367,0,
2080,NVIDIA GeForce RTX 2080 Ti,qwen-0.5b,Qwen/Qwen2.5-0.5B-Instruct,bfloat16,2026-08-02T08:03:10,load,63,1.3205262431874871,0,
2080,NVIDIA GeForce RTX 2080 Ti,qwen-0.5b,Qwen/Qwen2.5-0.5B-Instruct,bfloat16,2026-08-02T08:03:10,load,64,1.3408191530033946,0,
2080,NVIDIA GeForce RTX 2080 Ti,qwen-0.5b,Qwen/Qwen2.5-0.5B-Instruct,bfloat16,2026-08-02T08:03:10,load,65,1.3257362651638687,0,
2080,NVIDIA GeForce RTX 2080 Ti,qwen-0.5b,Qwen/Qwen2.5-0.5B-Instruct,bfloat16,2026-08-02T08:03:10,load,66,1.3598023508675396,0,
2080,NVIDIA GeForce RTX 2080 Ti,qwen-0.5b,Qwen/Qwen2.5-0.5B-Instruct,bfloat16,2026-08-02T08:03:10,load,67,1.3704781690612435,0,
2080,NVIDIA GeForce RTX 2080 Ti,qwen-0.5b,Qwen/Qwen2.5-0.5B-Instruct,bfloat16,2026-08-02T08:03:10,load,68,1.3122057649306953,0,
2080,NVIDIA GeForce RTX 2080 Ti,qwen-0.5b,Qwen/Qwen2.5-0.5B-Instruct,bfloat16,2026-08-02T08:03:10,load,69,1.3290235851891339,0,
2080,NVIDIA GeForce RTX 2080 Ti,qwen-0.5b,Qwen/Qwen2.5-0.5B-Instruct,bfloat16,2026-08-02T08:03:10,load,70,1.3139677718281746,0,
2080,NVIDIA GeForce RTX 2080 Ti,qwen-0.5b,Qwen/Qwen2.5-0.5B-Instruct,bfloat16,2026-08-02T08:03:10,load,71,1.347633542958647,0,
2080,NVIDIA GeForce RTX 2080 Ti,qwen-0.5b,Qwen/Qwen2.5-0.5B-Instruct,bfloat16,2026-08-02T08:03:10,load,72,1.3515584929846227,0,
2080,NVIDIA GeForce RTX 2080 Ti,qwen-0.5b,Qwen/Qwen2.5-0.5B-Instruct,bfloat16,2026-08-02T08:03:10,load,73,1.3317560791037977,0,
2080,NVIDIA GeForce RTX 2080 Ti,qwen-0.5b,Qwen/Qwen2.5-0.5B-Instruct,bfloat16,2026-08-02T08:03:10,load,74,1.3719556680880487,0,
2080,NVIDIA GeForce RTX 2080 Ti,qwen-0.5b,Qwen/Qwen2.5-0.5B-Instruct,bfloat16,2026-08-02T08:03:10,load,75,1.3495060531422496,0,
2080,NVIDIA GeForce RTX 2080 Ti,qwen-0.5b,Qwen/Qwen2.5-0.5B-Instruct,bfloat16,2026-08-02T08:03:10,load,76,1.3230092851445079,0,
2080,NVIDIA GeForce RTX 2080 Ti,qwen-0.5b,Qwen/Qwen2.5-0.5B-Instruct,bfloat16,2026-08-02T08:03:10,load,77,1.3259117254056036,0,
2080,NVIDIA GeForce RTX 2080 Ti,qwen-0.5b,Qwen/Qwen2.5-0.5B-Instruct,bfloat16,2026-08-02T08:03:10,load,78,1.3190154363401234,0,
2080,NVIDIA GeForce RTX 2080 Ti,qwen-0.5b,Qwen/Qwen2.5-0.5B-Instruct,bfloat16,2026-08-02T08:03:10,load,79,1.3708543181419373,0,
2080,NVIDIA GeForce RTX 2080 Ti,qwen-0.5b,Qwen/Qwen2.5-0.5B-Instruct,bfloat16,2026-08-02T08:03:10,load,80,1.401975757908076,0,
2080,NVIDIA GeForce RTX 2080 Ti,qwen-0.5b,Qwen/Qwen2.5-0.5B-Instruct,bfloat16,2026-08-02T08:03:10,load,81,1.3315256061032414,0,
2080,NVIDIA GeForce RTX 2080 Ti,qwen-0.5b,Qwen/Qwen2.5-0.5B-Instruct,bfloat16,2026-08-02T08:03:10,load,82,1.3311561960726976,0,
2080,NVIDIA GeForce RTX 2080 Ti,qwen-0.5b,Qwen/Qwen2.5-0.5B-Instruct,bfloat16,2026-08-02T08:03:10,load,83,1.3893436123616993,0,
2080,NVIDIA GeForce RTX 2080 Ti,qwen-0.5b,Qwen/Qwen2.5-0.5B-Instruct,bfloat16,2026-08-02T08:03:10,load,84,1.4051702967844903,0,
2080,NVIDIA GeForce RTX 2080 Ti,qwen-0.5b,Qwen/Qwen2.5-0.5B-Instruct,bfloat16,2026-08-02T08:03:10,load,85,1.3247604155912995,0,
2080,NVIDIA GeForce RTX 2080 Ti,qwen-0.5b,Qwen/Qwen2.5-0.5B-Instruct,bfloat16,2026-08-02T08:03:10,load,86,1.3128984058275819,0,
2080,NVIDIA GeForce RTX 2080 Ti,qwen-0.5b,Qwen/Qwen2.5-0.5B-Instruct,bfloat16,2026-08-02T08:03:10,load,87,1.3650761838071048,0,
2080,NVIDIA GeForce RTX 2080 Ti,qwen-0.5b,Qwen/Qwen2.5-0.5B-Instruct,bfloat16,2026-08-02T08:03:10,load,88,1.3453421550802886,0,
2080,NVIDIA GeForce RTX 2080 Ti,qwen-0.5b,Qwen/Qwen2.5-0.5B-Instruct,bfloat16,2026-08-02T08:03:10,load,89,1.334759633988142,0,
2080,NVIDIA GeForce RTX 2080 Ti,qwen-0.5b,Qwen/Qwen2.5-0.5B-Instruct,bfloat16,2026-08-02T08:03:10,load,90,1.3261219230480492,0,
2080,NVIDIA GeForce RTX 2080 Ti,qwen-0.5b,Qwen/Qwen2.5-0.5B-Instruct,bfloat16,2026-08-02T08:03:10,load,91,1.346641848795116,0,
2080,NVIDIA GeForce RTX 2080 Ti,qwen-0.5b,Qwen/Qwen2.5-0.5B-Instruct,bfloat16,2026-08-02T08:03:10,load,92,1.3456625062972307,0,
2080,NVIDIA GeForce RTX 2080 Ti,qwen-0.5b,Qwen/Qwen2.5-0.5B-Instruct,bfloat16,2026-08-02T08:03:10,load,93,1.468252553138882,0,
2080,NVIDIA GeForce RTX 2080 Ti,qwen-0.5b,Qwen/Qwen2.5-0.5B-Instruct,bfloat16,2026-08-02T08:03:10,load,94,1.3197176889516413,0,
2080,NVIDIA GeForce RTX 2080 Ti,qwen-0.5b,Qwen/Qwen2.5-0.5B-Instruct,bfloat16,2026-08-02T08:03:10,load,95,1.3542872066609561,0,
2080,NVIDIA GeForce RTX 2080 Ti,qwen-0.5b,Qwen/Qwen2.5-0.5B-Instruct,bfloat16,2026-08-02T08:03:10,load,96,1.3182005267590284,0,
2080,NVIDIA GeForce RTX 2080 Ti,qwen-0.5b,Qwen/Qwen2.5-0.5B-Instruct,bfloat16,2026-08-02T08:03:10,load,97,1.3691499698907137,0,
2080,NVIDIA GeForce RTX 2080 Ti,qwen-0.5b,Qwen/Qwen2.5-0.5B-Instruct,bfloat16,2026-08-02T08:03:10,load,98,1.3798136170953512,0,
2080,NVIDIA GeForce RTX 2080 Ti,qwen-0.5b,Qwen/Qwen2.5-0.5B-Instruct,bfloat16,2026-08-02T08:03:10,load,99,1.379508889745921,0,
2080,NVIDIA GeForce RTX 2080 Ti,qwen-0.5b,Qwen/Qwen2.5-0.5B-Instruct,bfloat16,2026-08-02T08:03:10,inference,0,0.7333544152788818,24,
2080,NVIDIA GeForce RTX 2080 Ti,qwen-0.5b,Qwen/Qwen2.5-0.5B-Instruct,bfloat16,2026-08-02T08:03:10,inference,1,0.7338851089589298,24,
2080,NVIDIA GeForce RTX 2080 Ti,qwen-0.5b,Qwen/Qwen2.5-0.5B-Instruct,bfloat16,2026-08-02T08:03:10,inference,2,0.7313569630496204,24,
2080,NVIDIA GeForce RTX 2080 Ti,qwen-0.5b,Qwen/Qwen2.5-0.5B-Instruct,bfloat16,2026-08-02T08:03:10,inference,3,0.7323448401875794,24,
2080,NVIDIA GeForce RTX 2080 Ti,qwen-0.5b,Qwen/Qwen2.5-0.5B-Instruct,bfloat16,2026-08-02T08:03:10,inference,4,0.7341496609151363,24,
2080,NVIDIA GeForce RTX 2080 Ti,qwen-0.5b,Qwen/Qwen2.5-0.5B-Instruct,bfloat16,2026-08-02T08:03:10,inference,5,0.7337388731539249,24,
2080,NVIDIA GeForce RTX 2080 Ti,qwen-0.5b,Qwen/Qwen2.5-0.5B-Instruct,bfloat16,2026-08-02T08:03:10,inference,6,0.7320633218623698,24,
2080,NVIDIA GeForce RTX 2080 Ti,qwen-0.5b,Qwen/Qwen2.5-0.5B-Instruct,bfloat16,2026-08-02T08:03:10,inference,7,0.7394597800448537,24,
2080,NVIDIA GeForce RTX 2080 Ti,qwen-0.5b,Qwen/Qwen2.5-0.5B-Instruct,bfloat16,2026-08-02T08:03:10,inference,8,0.7339977389201522,24,
2080,NVIDIA GeForce RTX 2080 Ti,qwen-0.5b,Qwen/Qwen2.5-0.5B-Instruct,bfloat16,2026-08-02T08:03:10,inference,9,0.733191919978708,24,
2080,NVIDIA GeForce RTX 2080 Ti,qwen-0.5b,Qwen/Qwen2.5-0.5B-Instruct,bfloat16,2026-08-02T08:03:10,inference,10,0.7332357778213918,24,
2080,NVIDIA GeForce RTX 2080 Ti,qwen-0.5b,Qwen/Qwen2.5-0.5B-Instruct,bfloat16,2026-08-02T08:03:10,inference,11,0.731937269680202,24,
2080,NVIDIA GeForce RTX 2080 Ti,qwen-0.5b,Qwen/Qwen2.5-0.5B-Instruct,bfloat16,2026-08-02T08:03:10,inference,12,0.7323124227114022,24,
2080,NVIDIA GeForce RTX 2080 Ti,qwen-0.5b,Qwen/Qwen2.5-0.5B-Instruct,bfloat16,2026-08-02T08:03:10,inference,13,0.7340118619613349,24,
2080,NVIDIA GeForce RTX 2080 Ti,qwen-0.5b,Qwen/Qwen2.5-0.5B-Instruct,bfloat16,2026-08-02T08:03:10,inference,14,0.7314078179188073,24,
2080,NVIDIA GeForce RTX 2080 Ti,qwen-0.5b,Qwen/Qwen2.5-0.5B-Instruct,bfloat16,2026-08-02T08:03:10,inference,15,0.7317894250154495,24,
2080,NVIDIA GeForce RTX 2080 Ti,qwen-0.5b,Qwen/Qwen2.5-0.5B-Instruct,bfloat16,2026-08-02T08:03:10,inference,16,0.7334636179730296,24,
2080,NVIDIA GeForce RTX 2080 Ti,qwen-0.5b,Qwen/Qwen2.5-0.5B-Instruct,bfloat16,2026-08-02T08:03:10,inference,17,0.7315704580396414,24,
2080,NVIDIA GeForce RTX 2080 Ti,qwen-0.5b,Qwen/Qwen2.5-0.5B-Instruct,bfloat16,2026-08-02T08:03:10,inference,18,0.7315310491248965,24,
2080,NVIDIA GeForce RTX 2080 Ti,qwen-0.5b,Qwen/Qwen2.5-0.5B-Instruct,bfloat16,2026-08-02T08:03:10,inference,19,0.7406550659798086,24,
2080,NVIDIA GeForce RTX 2080 Ti,qwen-0.5b,Qwen/Qwen2.5-0.5B-Instruct,bfloat16,2026-08-02T08:03:10,inference,20,0.7335120281204581,24,
2080,NVIDIA GeForce RTX 2080 Ti,qwen-0.5b,Qwen/Qwen2.5-0.5B-Instruct,bfloat16,2026-08-02T08:03:10,inference,21,0.7344083781354129,24,
2080,NVIDIA GeForce RTX 2080 Ti,qwen-0.5b,Qwen/Qwen2.5-0.5B-Instruct,bfloat16,2026-08-02T08:03:10,inference,22,0.7319106226786971,24,
2080,NVIDIA GeForce RTX 2080 Ti,qwen-0.5b,Qwen/Qwen2.5-0.5B-Instruct,bfloat16,2026-08-02T08:03:10,inference,23,0.7314769132062793,24,
2080,NVIDIA GeForce RTX 2080 Ti,qwen-0.5b,Qwen/Qwen2.5-0.5B-Instruct,bfloat16,2026-08-02T08:03:10,inference,24,0.7363133491016924,24,
2080,NVIDIA GeForce RTX 2080 Ti,qwen-0.5b,Qwen/Qwen2.5-0.5B-Instruct,bfloat16,2026-08-02T08:03:10,inference,25,0.7322887848131359,24,
2080,NVIDIA GeForce RTX 2080 Ti,qwen-0.5b,Qwen/Qwen2.5-0.5B-Instruct,bfloat16,2026-08-02T08:03:10,inference,26,0.731755721848458,24,
2080,NVIDIA GeForce RTX 2080 Ti,qwen-0.5b,Qwen/Qwen2.5-0.5B-Instruct,bfloat16,2026-08-02T08:03:10,inference,27,0.7325108237564564,24,
2080,NVIDIA GeForce RTX 2080 Ti,qwen-0.5b,Qwen/Qwen2.5-0.5B-Instruct,bfloat16,2026-08-02T08:03:10,inference,28,0.739084891974926,24,
2080,NVIDIA GeForce RTX 2080 Ti,qwen-0.5b,Qwen/Qwen2.5-0.5B-Instruct,bfloat16,2026-08-02T08:03:10,inference,29,0.7320323842577636,24,
2080,NVIDIA GeForce RTX 2080 Ti,qwen-0.5b,Qwen/Qwen2.5-0.5B-Instruct,bfloat16,2026-08-02T08:03:10,inference,30,0.7343833260238171,24,
2080,NVIDIA GeForce RTX 2080 Ti,qwen-0.5b,Qwen/Qwen2.5-0.5B-Instruct,bfloat16,2026-08-02T08:03:10,inference,31,0.7338663558475673,24,
2080,NVIDIA GeForce RTX 2080 Ti,qwen-0.5b,Qwen/Qwen2.5-0.5B-Instruct,bfloat16,2026-08-02T08:03:10,inference,32,0.7317325631156564,24,
2080,NVIDIA GeForce RTX 2080 Ti,qwen-0.5b,Qwen/Qwen2.5-0.5B-Instruct,bfloat16,2026-08-02T08:03:10,inference,33,0.7335022203624249,24,
2080,NVIDIA GeForce RTX 2080 Ti,qwen-0.5b,Qwen/Qwen2.5-0.5B-Instruct,bfloat16,2026-08-02T08:03:10,inference,34,0.7325407289899886,24,
2080,NVIDIA GeForce RTX 2080 Ti,qwen-0.5b,Qwen/Qwen2.5-0.5B-Instruct,bfloat16,2026-08-02T08:03:10,inference,35,0.7317311870865524,24,
2080,NVIDIA GeForce RTX 2080 Ti,qwen-0.5b,Qwen/Qwen2.5-0.5B-Instruct,bfloat16,2026-08-02T08:03:10,inference,36,0.7325407490134239,24,
2080,NVIDIA GeForce RTX 2080 Ti,qwen-0.5b,Qwen/Qwen2.5-0.5B-Instruct,bfloat16,2026-08-02T08:03:10,inference,37,0.7472793869674206,24,
2080,NVIDIA GeForce RTX 2080 Ti,qwen-0.5b,Qwen/Qwen2.5-0.5B-Instruct,bfloat16,2026-08-02T08:03:10,inference,38,0.7587411720305681,24,
2080,NVIDIA GeForce RTX 2080 Ti,qwen-0.5b,Qwen/Qwen2.5-0.5B-Instruct,bfloat16,2026-08-02T08:03:10,inference,39,0.7326513938605785,24,
2080,NVIDIA GeForce RTX 2080 Ti,qwen-0.5b,Qwen/Qwen2.5-0.5B-Instruct,bfloat16,2026-08-02T08:03:10,inference,40,0.7318112039938569,24,
2080,NVIDIA GeForce RTX 2080 Ti,qwen-0.5b,Qwen/Qwen2.5-0.5B-Instruct,bfloat16,2026-08-02T08:03:10,inference,41,0.7311938107013702,24,
2080,NVIDIA GeForce RTX 2080 Ti,qwen-0.5b,Qwen/Qwen2.5-0.5B-Instruct,bfloat16,2026-08-02T08:03:10,inference,42,0.7341096913442016,24,
2080,NVIDIA GeForce RTX 2080 Ti,qwen-0.5b,Qwen/Qwen2.5-0.5B-Instruct,bfloat16,2026-08-02T08:03:10,inference,43,0.7328496319241822,24,
2080,NVIDIA GeForce RTX 2080 Ti,qwen-0.5b,Qwen/Qwen2.5-0.5B-Instruct,bfloat16,2026-08-02T08:03:10,inference,44,0.7321846350096166,24,
2080,NVIDIA GeForce RTX 2080 Ti,qwen-0.5b,Qwen/Qwen2.5-0.5B-Instruct,bfloat16,2026-08-02T08:03:10,inference,45,0.7331610978581011,24,
2080,NVIDIA GeForce RTX 2080 Ti,qwen-0.5b,Qwen/Qwen2.5-0.5B-Instruct,bfloat16,2026-08-02T08:03:10,inference,46,0.7342622294090688,24,
2080,NVIDIA GeForce RTX 2080 Ti,qwen-0.5b,Qwen/Qwen2.5-0.5B-Instruct,bfloat16,2026-08-02T08:03:10,inference,47,0.7315331646241248,24,
2080,NVIDIA GeForce RTX 2080 Ti,qwen-0.5b,Qwen/Qwen2.5-0.5B-Instruct,bfloat16,2026-08-02T08:03:10,inference,48,0.7378029520623386,24,
2080,NVIDIA GeForce RTX 2080 Ti,qwen-0.5b,Qwen/Qwen2.5-0.5B-Instruct,bfloat16,2026-08-02T08:03:10,inference,49,0.7322798040695488,24,
2080,NVIDIA GeForce RTX 2080 Ti,qwen-0.5b,Qwen/Qwen2.5-0.5B-Instruct,bfloat16,2026-08-02T08:03:10,inference,50,0.732199972961098,24,
2080,NVIDIA GeForce RTX 2080 Ti,qwen-0.5b,Qwen/Qwen2.5-0.5B-Instruct,bfloat16,2026-08-02T08:03:10,inference,51,0.7338167303241789,24,
2080,NVIDIA GeForce RTX 2080 Ti,qwen-0.5b,Qwen/Qwen2.5-0.5B-Instruct,bfloat16,2026-08-02T08:03:10,inference,52,0.7306635333225131,24,
2080,NVIDIA GeForce RTX 2080 Ti,qwen-0.5b,Qwen/Qwen2.5-0.5B-Instruct,bfloat16,2026-08-02T08:03:10,inference,53,0.730860291980207,24,
2080,NVIDIA GeForce RTX 2080 Ti,qwen-0.5b,Qwen/Qwen2.5-0.5B-Instruct,bfloat16,2026-08-02T08:03:10,inference,54,0.7327156509272754,24,
2080,NVIDIA GeForce RTX 2080 Ti,qwen-0.5b,Qwen/Qwen2.5-0.5B-Instruct,bfloat16,2026-08-02T08:03:10,inference,55,0.7315751309506595,24,
2080,NVIDIA GeForce RTX 2080 Ti,qwen-0.5b,Qwen/Qwen2.5-0.5B-Instruct,bfloat16,2026-08-02T08:03:10,inference,56,0.7372809620574117,24,
2080,NVIDIA GeForce RTX 2080 Ti,qwen-0.5b,Qwen/Qwen2.5-0.5B-Instruct,bfloat16,2026-08-02T08:03:10,inference,57,0.7461562822572887,24,
2080,NVIDIA GeForce RTX 2080 Ti,qwen-0.5b,Qwen/Qwen2.5-0.5B-Instruct,bfloat16,2026-08-02T08:03:10,inference,58,0.7399936830624938,24,
2080,NVIDIA GeForce RTX 2080 Ti,qwen-0.5b,Qwen/Qwen2.5-0.5B-Instruct,bfloat16,2026-08-02T08:03:10,inference,59,0.7307955450378358,24,
2080,NVIDIA GeForce RTX 2080 Ti,qwen-0.5b,Qwen/Qwen2.5-0.5B-Instruct,bfloat16,2026-08-02T08:03:10,inference,60,0.7317585311830044,24,
2080,NVIDIA GeForce RTX 2080 Ti,qwen-0.5b,Qwen/Qwen2.5-0.5B-Instruct,bfloat16,2026-08-02T08:03:10,inference,61,0.7316806926392019,24,
2080,NVIDIA GeForce RTX 2080 Ti,qwen-0.5b,Qwen/Qwen2.5-0.5B-Instruct,bfloat16,2026-08-02T08:03:10,inference,62,0.7333403970114887,24,
2080,NVIDIA GeForce RTX 2080 Ti,qwen-0.5b,Qwen/Qwen2.5-0.5B-Instruct,bfloat16,2026-08-02T08:03:10,inference,63,0.7334108520299196,24,
2080,NVIDIA GeForce RTX 2080 Ti,qwen-0.5b,Qwen/Qwen2.5-0.5B-Instruct,bfloat16,2026-08-02T08:03:10,inference,64,0.7330924049019814,24,
2080,NVIDIA GeForce RTX 2080 Ti,qwen-0.5b,Qwen/Qwen2.5-0.5B-Instruct,bfloat16,2026-08-02T08:03:10,inference,65,0.7406360139138997,24,
2080,NVIDIA GeForce RTX 2080 Ti,qwen-0.5b,Qwen/Qwen2.5-0.5B-Instruct,bfloat16,2026-08-02T08:03:10,inference,66,0.7331946291960776,24,
2080,NVIDIA GeForce RTX 2080 Ti,qwen-0.5b,Qwen/Qwen2.5-0.5B-Instruct,bfloat16,2026-08-02T08:03:10,inference,67,0.7319588959217072,24,
2080,NVIDIA GeForce RTX 2080 Ti,qwen-0.5b,Qwen/Qwen2.5-0.5B-Instruct,bfloat16,2026-08-02T08:03:10,inference,68,0.7365855402313173,24,
2080,NVIDIA GeForce RTX 2080 Ti,qwen-0.5b,Qwen/Qwen2.5-0.5B-Instruct,bfloat16,2026-08-02T08:03:10,inference,69,0.7344468957744539,24,
2080,NVIDIA GeForce RTX 2080 Ti,qwen-0.5b,Qwen/Qwen2.5-0.5B-Instruct,bfloat16,2026-08-02T08:03:10,inference,70,0.7341795372776687,24,
2080,NVIDIA GeForce RTX 2080 Ti,qwen-0.5b,Qwen/Qwen2.5-0.5B-Instruct,bfloat16,2026-08-02T08:03:10,inference,71,0.7334475992247462,24,
2080,NVIDIA GeForce RTX 2080 Ti,qwen-0.5b,Qwen/Qwen2.5-0.5B-Instruct,bfloat16,2026-08-02T08:03:10,inference,72,0.7322147460654378,24,
2080,NVIDIA GeForce RTX 2080 Ti,qwen-0.5b,Qwen/Qwen2.5-0.5B-Instruct,bfloat16,2026-08-02T08:03:10,inference,73,0.7319851275533438,24,
2080,NVIDIA GeForce RTX 2080 Ti,qwen-0.5b,Qwen/Qwen2.5-0.5B-Instruct,bfloat16,2026-08-02T08:03:10,inference,74,0.7322458899579942,24,
2080,NVIDIA GeForce RTX 2080 Ti,qwen-0.5b,Qwen/Qwen2.5-0.5B-Instruct,bfloat16,2026-08-02T08:03:10,inference,75,0.73371796682477,24,
2080,NVIDIA GeForce RTX 2080 Ti,qwen-0.5b,Qwen/Qwen2.5-0.5B-Instruct,bfloat16,2026-08-02T08:03:10,inference,76,0.7334188329987228,24,
2080,NVIDIA GeForce RTX 2080 Ti,qwen-0.5b,Qwen/Qwen2.5-0.5B-Instruct,bfloat16,2026-08-02T08:03:10,inference,77,0.7360089630819857,24,
2080,NVIDIA GeForce RTX 2080 Ti,qwen-0.5b,Qwen/Qwen2.5-0.5B-Instruct,bfloat16,2026-08-02T08:03:10,inference,78,0.7308284612372518,24,
2080,NVIDIA GeForce RTX 2080 Ti,qwen-0.5b,Qwen/Qwen2.5-0.5B-Instruct,bfloat16,2026-08-02T08:03:10,inference,79,0.7375365542247891,24,
2080,NVIDIA GeForce RTX 2080 Ti,qwen-0.5b,Qwen/Qwen2.5-0.5B-Instruct,bfloat16,2026-08-02T08:03:10,inference,80,0.7346172560937703,24,
2080,NVIDIA GeForce RTX 2080 Ti,qwen-0.5b,Qwen/Qwen2.5-0.5B-Instruct,bfloat16,2026-08-02T08:03:10,inference,81,0.7333077141083777,24,
2080,NVIDIA GeForce RTX 2080 Ti,qwen-0.5b,Qwen/Qwen2.5-0.5B-Instruct,bfloat16,2026-08-02T08:03:10,inference,82,0.732457522302866,24,
2080,NVIDIA GeForce RTX 2080 Ti,qwen-0.5b,Qwen/Qwen2.5-0.5B-Instruct,bfloat16,2026-08-02T08:03:10,inference,83,0.7340378076769412,24,
2080,NVIDIA GeForce RTX 2080 Ti,qwen-0.5b,Qwen/Qwen2.5-0.5B-Instruct,bfloat16,2026-08-02T08:03:10,inference,84,0.7324394751340151,24,
2080,NVIDIA GeForce RTX 2080 Ti,qwen-0.5b,Qwen/Qwen2.5-0.5B-Instruct,bfloat16,2026-08-02T08:03:10,inference,85,0.7341325348243117,24,
2080,NVIDIA GeForce RTX 2080 Ti,qwen-0.5b,Qwen/Qwen2.5-0.5B-Instruct,bfloat16,2026-08-02T08:03:10,inference,86,0.7328412709757686,24,
2080,NVIDIA GeForce RTX 2080 Ti,qwen-0.5b,Qwen/Qwen2.5-0.5B-Instruct,bfloat16,2026-08-02T08:03:10,inference,87,0.7335312766954303,24,
2080,NVIDIA GeForce RTX 2080 Ti,qwen-0.5b,Qwen/Qwen2.5-0.5B-Instruct,bfloat16,2026-08-02T08:03:10,inference,88,0.7320937570184469,24,
2080,NVIDIA GeForce RTX 2080 Ti,qwen-0.5b,Qwen/Qwen2.5-0.5B-Instruct,bfloat16,2026-08-02T08:03:10,inference,89,0.7365620629861951,24,
2080,NVIDIA GeForce RTX 2080 Ti,qwen-0.5b,Qwen/Qwen2.5-0.5B-Instruct,bfloat16,2026-08-02T08:03:10,inference,90,0.7322630798444152,24,
2080,NVIDIA GeForce RTX 2080 Ti,qwen-0.5b,Qwen/Qwen2.5-0.5B-Instruct,bfloat16,2026-08-02T08:03:10,inference,91,0.7350117559544742,24,
2080,NVIDIA GeForce RTX 2080 Ti,qwen-0.5b,Qwen/Qwen2.5-0.5B-Instruct,bfloat16,2026-08-02T08:03:10,inference,92,0.7324023540131748,24,
2080,NVIDIA GeForce RTX 2080 Ti,qwen-0.5b,Qwen/Qwen2.5-0.5B-Instruct,bfloat16,2026-08-02T08:03:10,inference,93,0.7307935981079936,24,
2080,NVIDIA GeForce RTX 2080 Ti,qwen-0.5b,Qwen/Qwen2.5-0.5B-Instruct,bfloat16,2026-08-02T08:03:10,inference,94,0.7311194450594485,24,
2080,NVIDIA GeForce RTX 2080 Ti,qwen-0.5b,Qwen/Qwen2.5-0.5B-Instruct,bfloat16,2026-08-02T08:03:10,inference,95,0.7308891289867461,24,
2080,NVIDIA GeForce RTX 2080 Ti,qwen-0.5b,Qwen/Qwen2.5-0.5B-Instruct,bfloat16,2026-08-02T08:03:10,inference,96,0.7338774977251887,24,
2080,NVIDIA GeForce RTX 2080 Ti,qwen-0.5b,Qwen/Qwen2.5-0.5B-Instruct,bfloat16,2026-08-02T08:03:10,inference,97,0.7326181586831808,24,
2080,NVIDIA GeForce RTX 2080 Ti,qwen-0.5b,Qwen/Qwen2.5-0.5B-Instruct,bfloat16,2026-08-02T08:03:10,inference,98,0.7318247826769948,24,
2080,NVIDIA GeForce RTX 2080 Ti,qwen-0.5b,Qwen/Qwen2.5-0.5B-Instruct,bfloat16,2026-08-02T08:03:10,inference,99,0.7300818632356822,24,
2080,NVIDIA GeForce RTX 2080 Ti,qwen-3b,Qwen/Qwen2.5-3B-Instruct,bfloat16,2026-08-02T08:03:10,load,0,3.3145776255987585,0,
2080,NVIDIA GeForce RTX 2080 Ti,qwen-3b,Qwen/Qwen2.5-3B-Instruct,bfloat16,2026-08-02T08:03:10,load,1,3.24239932699129,0,
2080,NVIDIA GeForce RTX 2080 Ti,qwen-3b,Qwen/Qwen2.5-3B-Instruct,bfloat16,2026-08-02T08:03:10,load,2,3.2709929482080042,0,
2080,NVIDIA GeForce RTX 2080 Ti,qwen-3b,Qwen/Qwen2.5-3B-Instruct,bfloat16,2026-08-02T08:03:10,load,3,5.023223006166518,0,
2080,NVIDIA GeForce RTX 2080 Ti,qwen-3b,Qwen/Qwen2.5-3B-Instruct,bfloat16,2026-08-02T08:03:10,load,4,3.3481342350132763,0,
2080,NVIDIA GeForce RTX 2080 Ti,qwen-3b,Qwen/Qwen2.5-3B-Instruct,bfloat16,2026-08-02T08:03:10,load,5,3.4701170260086656,0,
2080,NVIDIA GeForce RTX 2080 Ti,qwen-3b,Qwen/Qwen2.5-3B-Instruct,bfloat16,2026-08-02T08:03:10,load,6,3.2428109026513994,0,
2080,NVIDIA GeForce RTX 2080 Ti,qwen-3b,Qwen/Qwen2.5-3B-Instruct,bfloat16,2026-08-02T08:03:10,load,7,3.2502330909483135,0,
2080,NVIDIA GeForce RTX 2080 Ti,qwen-3b,Qwen/Qwen2.5-3B-Instruct,bfloat16,2026-08-02T08:03:10,load,8,3.290634369943291,0,
2080,NVIDIA GeForce RTX 2080 Ti,qwen-3b,Qwen/Qwen2.5-3B-Instruct,bfloat16,2026-08-02T08:03:10,load,9,3.2862505191005766,0,
2080,NVIDIA GeForce RTX 2080 Ti,qwen-3b,Qwen/Qwen2.5-3B-Instruct,bfloat16,2026-08-02T08:03:10,load,10,3.2422919683158398,0,
2080,NVIDIA GeForce RTX 2080 Ti,qwen-3b,Qwen/Qwen2.5-3B-Instruct,bfloat16,2026-08-02T08:03:10,load,11,3.2458414332941175,0,
2080,NVIDIA GeForce RTX 2080 Ti,qwen-3b,Qwen/Qwen2.5-3B-Instruct,bfloat16,2026-08-02T08:03:10,load,12,3.310911097098142,0,
2080,NVIDIA GeForce RTX 2080 Ti,qwen-3b,Qwen/Qwen2.5-3B-Instruct,bfloat16,2026-08-02T08:03:10,load,13,3.2586009078659117,0,
2080,NVIDIA GeForce RTX 2080 Ti,qwen-3b,Qwen/Qwen2.5-3B-Instruct,bfloat16,2026-08-02T08:03:10,load,14,3.340703000780195,0,
2080,NVIDIA GeForce RTX 2080 Ti,qwen-3b,Qwen/Qwen2.5-3B-Instruct,bfloat16,2026-08-02T08:03:10,load,15,3.2660789457149804,0,
2080,NVIDIA GeForce RTX 2080 Ti,qwen-3b,Qwen/Qwen2.5-3B-Instruct,bfloat16,2026-08-02T08:03:10,load,16,3.2412545159459114,0,
2080,NVIDIA GeForce RTX 2080 Ti,qwen-3b,Qwen/Qwen2.5-3B-Instruct,bfloat16,2026-08-02T08:03:10,load,17,3.25032040476799,0,
2080,NVIDIA GeForce RTX 2080 Ti,qwen-3b,Qwen/Qwen2.5-3B-Instruct,bfloat16,2026-08-02T08:03:10,load,18,3.2441142392344773,0,
2080,NVIDIA GeForce RTX 2080 Ti,qwen-3b,Qwen/Qwen2.5-3B-Instruct,bfloat16,2026-08-02T08:03:10,load,19,3.2276960890740156,0,
2080,NVIDIA GeForce RTX 2080 Ti,qwen-3b,Qwen/Qwen2.5-3B-Instruct,bfloat16,2026-08-02T08:03:10,load,20,3.2458593412302434,0,
2080,NVIDIA GeForce RTX 2080 Ti,qwen-3b,Qwen/Qwen2.5-3B-Instruct,bfloat16,2026-08-02T08:03:10,load,21,3.224643263965845,0,
2080,NVIDIA GeForce RTX 2080 Ti,qwen-3b,Qwen/Qwen2.5-3B-Instruct,bfloat16,2026-08-02T08:03:10,load,22,3.308508798945695,0,
2080,NVIDIA GeForce RTX 2080 Ti,qwen-3b,Qwen/Qwen2.5-3B-Instruct,bfloat16,2026-08-02T08:03:10,load,23,3.239710030145943,0,
2080,NVIDIA GeForce RTX 2080 Ti,qwen-3b,Qwen/Qwen2.5-3B-Instruct,bfloat16,2026-08-02T08:03:10,load,24,3.240258912090212,0,
2080,NVIDIA GeForce RTX 2080 Ti,qwen-3b,Qwen/Qwen2.5-3B-Instruct,bfloat16,2026-08-02T08:03:10,load,25,3.340793700888753,0,
2080,NVIDIA GeForce RTX 2080 Ti,qwen-3b,Qwen/Qwen2.5-3B-Instruct,bfloat16,2026-08-02T08:03:10,load,26,3.270009580999613,0,
2080,NVIDIA GeForce RTX 2080 Ti,qwen-3b,Qwen/Qwen2.5-3B-Instruct,bfloat16,2026-08-02T08:03:10,load,27,3.232142325025052,0,
2080,NVIDIA GeForce RTX 2080 Ti,qwen-3b,Qwen/Qwen2.5-3B-Instruct,bfloat16,2026-08-02T08:03:10,load,28,3.225164250936359,0,
2080,NVIDIA GeForce RTX 2080 Ti,qwen-3b,Qwen/Qwen2.5-3B-Instruct,bfloat16,2026-08-02T08:03:10,load,29,3.2629092540591955,0,
2080,NVIDIA GeForce RTX 2080 Ti,qwen-3b,Qwen/Qwen2.5-3B-Instruct,bfloat16,2026-08-02T08:03:10,load,30,3.270030975341797,0,
2080,NVIDIA GeForce RTX 2080 Ti,qwen-3b,Qwen/Qwen2.5-3B-Instruct,bfloat16,2026-08-02T08:03:10,load,31,3.2556997598148882,0,
2080,NVIDIA GeForce RTX 2080 Ti,qwen-3b,Qwen/Qwen2.5-3B-Instruct,bfloat16,2026-08-02T08:03:10,load,32,3.246812669094652,0,
2080,NVIDIA GeForce RTX 2080 Ti,qwen-3b,Qwen/Qwen2.5-3B-Instruct,bfloat16,2026-08-02T08:03:10,load,33,3.216608364600688,0,
2080,NVIDIA GeForce RTX 2080 Ti,qwen-3b,Qwen/Qwen2.5-3B-Instruct,bfloat16,2026-08-02T08:03:10,load,34,3.2758885766379535,0,
2080,NVIDIA GeForce RTX 2080 Ti,qwen-3b,Qwen/Qwen2.5-3B-Instruct,bfloat16,2026-08-02T08:03:10,load,35,3.242372014094144,0,
2080,NVIDIA GeForce RTX 2080 Ti,qwen-3b,Qwen/Qwen2.5-3B-Instruct,bfloat16,2026-08-02T08:03:10,load,36,3.2556881704367697,0,
2080,NVIDIA GeForce RTX 2080 Ti,qwen-3b,Qwen/Qwen2.5-3B-Instruct,bfloat16,2026-08-02T08:03:10,load,37,3.2307790368795395,0,
2080,NVIDIA GeForce RTX 2080 Ti,qwen-3b,Qwen/Qwen2.5-3B-Instruct,bfloat16,2026-08-02T08:03:10,load,38,3.2964524631388485,0,
2080,NVIDIA GeForce RTX 2080 Ti,qwen-3b,Qwen/Qwen2.5-3B-Instruct,bfloat16,2026-08-02T08:03:10,load,39,3.2390206060372293,0,
2080,NVIDIA GeForce RTX 2080 Ti,qwen-3b,Qwen/Qwen2.5-3B-Instruct,bfloat16,2026-08-02T08:03:10,load,40,3.2503765798173845,0,
2080,NVIDIA GeForce RTX 2080 Ti,qwen-3b,Qwen/Qwen2.5-3B-Instruct,bfloat16,2026-08-02T08:03:10,load,41,3.2391864308156073,0,
2080,NVIDIA GeForce RTX 2080 Ti,qwen-3b,Qwen/Qwen2.5-3B-Instruct,bfloat16,2026-08-02T08:03:10,load,42,3.466871588025242,0,
2080,NVIDIA GeForce RTX 2080 Ti,qwen-3b,Qwen/Qwen2.5-3B-Instruct,bfloat16,2026-08-02T08:03:10,load,43,3.2734329509548843,0,
2080,NVIDIA GeForce RTX 2080 Ti,qwen-3b,Qwen/Qwen2.5-3B-Instruct,bfloat16,2026-08-02T08:03:10,load,44,3.2558785709552467,0,
2080,NVIDIA GeForce RTX 2080 Ti,qwen-3b,Qwen/Qwen2.5-3B-Instruct,bfloat16,2026-08-02T08:03:10,load,45,3.2662662877701223,0,
2080,NVIDIA GeForce RTX 2080 Ti,qwen-3b,Qwen/Qwen2.5-3B-Instruct,bfloat16,2026-08-02T08:03:10,load,46,3.4369296920485795,0,
2080,NVIDIA GeForce RTX 2080 Ti,qwen-3b,Qwen/Qwen2.5-3B-Instruct,bfloat16,2026-08-02T08:03:10,load,47,3.2176862522028387,0,
2080,NVIDIA GeForce RTX 2080 Ti,qwen-3b,Qwen/Qwen2.5-3B-Instruct,bfloat16,2026-08-02T08:03:10,load,48,3.265269933734089,0,
2080,NVIDIA GeForce RTX 2080 Ti,qwen-3b,Qwen/Qwen2.5-3B-Instruct,bfloat16,2026-08-02T08:03:10,load,49,3.23944698786363,0,
2080,NVIDIA GeForce RTX 2080 Ti,qwen-3b,Qwen/Qwen2.5-3B-Instruct,bfloat16,2026-08-02T08:03:10,load,50,3.2265860601328313,0,
2080,NVIDIA GeForce RTX 2080 Ti,qwen-3b,Qwen/Qwen2.5-3B-Instruct,bfloat16,2026-08-02T08:03:10,load,51,3.2483483096584678,0,
2080,NVIDIA GeForce RTX 2080 Ti,qwen-3b,Qwen/Qwen2.5-3B-Instruct,bfloat16,2026-08-02T08:03:10,load,52,3.2713170191273093,0,
2080,NVIDIA GeForce RTX 2080 Ti,qwen-3b,Qwen/Qwen2.5-3B-Instruct,bfloat16,2026-08-02T08:03:10,load,53,3.247762968298048,0,
2080,NVIDIA GeForce RTX 2080 Ti,qwen-3b,Qwen/Qwen2.5-3B-Instruct,bfloat16,2026-08-02T08:03:10,load,54,3.2507875529117882,0,
2080,NVIDIA GeForce RTX 2080 Ti,qwen-3b,Qwen/Qwen2.5-3B-Instruct,bfloat16,2026-08-02T08:03:10,load,55,3.285254339221865,0,
2080,NVIDIA GeForce RTX 2080 Ti,qwen-3b,Qwen/Qwen2.5-3B-Instruct,bfloat16,2026-08-02T08:03:10,load,56,3.2508347551338375,0,
2080,NVIDIA GeForce RTX 2080 Ti,qwen-3b,Qwen/Qwen2.5-3B-Instruct,bfloat16,2026-08-02T08:03:10,load,57,3.3386163851246238,0,
2080,NVIDIA GeForce RTX 2080 Ti,qwen-3b,Qwen/Qwen2.5-3B-Instruct,bfloat16,2026-08-02T08:03:10,load,58,3.2382214781828225,0,
2080,NVIDIA GeForce RTX 2080 Ti,qwen-3b,Qwen/Qwen2.5-3B-Instruct,bfloat16,2026-08-02T08:03:10,load,59,6.963967377319932,0,
2080,NVIDIA GeForce RTX 2080 Ti,qwen-3b,Qwen/Qwen2.5-3B-Instruct,bfloat16,2026-08-02T08:03:10,load,60,3.28377982089296,0,
2080,NVIDIA GeForce RTX 2080 Ti,qwen-3b,Qwen/Qwen2.5-3B-Instruct,bfloat16,2026-08-02T08:03:10,load,61,3.2210714230313897,0,
2080,NVIDIA GeForce RTX 2080 Ti,qwen-3b,Qwen/Qwen2.5-3B-Instruct,bfloat16,2026-08-02T08:03:10,load,62,3.2346014990471303,0,
2080,NVIDIA GeForce RTX 2080 Ti,qwen-3b,Qwen/Qwen2.5-3B-Instruct,bfloat16,2026-08-02T08:03:10,load,63,3.2379346070811152,0,
2080,NVIDIA GeForce RTX 2080 Ti,qwen-3b,Qwen/Qwen2.5-3B-Instruct,bfloat16,2026-08-02T08:03:10,load,64,3.349728752858937,0,
2080,NVIDIA GeForce RTX 2080 Ti,qwen-3b,Qwen/Qwen2.5-3B-Instruct,bfloat16,2026-08-02T08:03:10,load,65,3.2507401290349662,0,
2080,NVIDIA GeForce RTX 2080 Ti,qwen-3b,Qwen/Qwen2.5-3B-Instruct,bfloat16,2026-08-02T08:03:10,load,66,3.2244166508316994,0,
2080,NVIDIA GeForce RTX 2080 Ti,qwen-3b,Qwen/Qwen2.5-3B-Instruct,bfloat16,2026-08-02T08:03:10,load,67,3.448841596953571,0,
2080,NVIDIA GeForce RTX 2080 Ti,qwen-3b,Qwen/Qwen2.5-3B-Instruct,bfloat16,2026-08-02T08:03:10,load,68,3.2205045837908983,0,
2080,NVIDIA GeForce RTX 2080 Ti,qwen-3b,Qwen/Qwen2.5-3B-Instruct,bfloat16,2026-08-02T08:03:10,load,69,3.211512742098421,0,
2080,NVIDIA GeForce RTX 2080 Ti,qwen-3b,Qwen/Qwen2.5-3B-Instruct,bfloat16,2026-08-02T08:03:10,load,70,3.2530292090959847,0,
2080,NVIDIA GeForce RTX 2080 Ti,qwen-3b,Qwen/Qwen2.5-3B-Instruct,bfloat16,2026-08-02T08:03:10,load,71,3.2169380369596183,0,
2080,NVIDIA GeForce RTX 2080 Ti,qwen-3b,Qwen/Qwen2.5-3B-Instruct,bfloat16,2026-08-02T08:03:10,load,72,3.250778032001108,0,
2080,NVIDIA GeForce RTX 2080 Ti,qwen-3b,Qwen/Qwen2.5-3B-Instruct,bfloat16,2026-08-02T08:03:10,load,73,3.2754039028659463,0,
2080,NVIDIA GeForce RTX 2080 Ti,qwen-3b,Qwen/Qwen2.5-3B-Instruct,bfloat16,2026-08-02T08:03:10,load,74,3.234145508147776,0,
2080,NVIDIA GeForce RTX 2080 Ti,qwen-3b,Qwen/Qwen2.5-3B-Instruct,bfloat16,2026-08-02T08:03:10,load,75,3.274188424926251,0,
2080,NVIDIA GeForce RTX 2080 Ti,qwen-3b,Qwen/Qwen2.5-3B-Instruct,bfloat16,2026-08-02T08:03:10,load,76,3.244579730089754,0,
2080,NVIDIA GeForce RTX 2080 Ti,qwen-3b,Qwen/Qwen2.5-3B-Instruct,bfloat16,2026-08-02T08:03:10,load,77,3.219850436784327,0,
2080,NVIDIA GeForce RTX 2080 Ti,qwen-3b,Qwen/Qwen2.5-3B-Instruct,bfloat16,2026-08-02T08:03:10,load,78,3.2408760390244424,0,
2080,NVIDIA GeForce RTX 2080 Ti,qwen-3b,Qwen/Qwen2.5-3B-Instruct,bfloat16,2026-08-02T08:03:10,load,79,3.2501415801234543,0,
2080,NVIDIA GeForce RTX 2080 Ti,qwen-3b,Qwen/Qwen2.5-3B-Instruct,bfloat16,2026-08-02T08:03:10,load,80,3.2813435718417168,0,
2080,NVIDIA GeForce RTX 2080 Ti,qwen-3b,Qwen/Qwen2.5-3B-Instruct,bfloat16,2026-08-02T08:03:10,load,81,3.273733599111438,0,
2080,NVIDIA GeForce RTX 2080 Ti,qwen-3b,Qwen/Qwen2.5-3B-Instruct,bfloat16,2026-08-02T08:03:10,load,82,3.2560026668943465,0,
2080,NVIDIA GeForce RTX 2080 Ti,qwen-3b,Qwen/Qwen2.5-3B-Instruct,bfloat16,2026-08-02T08:03:10,load,83,3.2326397369615734,0,
2080,NVIDIA GeForce RTX 2080 Ti,qwen-3b,Qwen/Qwen2.5-3B-Instruct,bfloat16,2026-08-02T08:03:10,load,84,3.233331447932869,0,
2080,NVIDIA GeForce RTX 2080 Ti,qwen-3b,Qwen/Qwen2.5-3B-Instruct,bfloat16,2026-08-02T08:03:10,load,85,3.216612990014255,0,
2080,NVIDIA GeForce RTX 2080 Ti,qwen-3b,Qwen/Qwen2.5-3B-Instruct,bfloat16,2026-08-02T08:03:10,load,86,3.2129416330717504,0,
2080,NVIDIA GeForce RTX 2080 Ti,qwen-3b,Qwen/Qwen2.5-3B-Instruct,bfloat16,2026-08-02T08:03:10,load,87,3.239430444780737,0,
2080,NVIDIA GeForce RTX 2080 Ti,qwen-3b,Qwen/Qwen2.5-3B-Instruct,bfloat16,2026-08-02T08:03:10,load,88,3.2322723171673715,0,
2080,NVIDIA GeForce RTX 2080 Ti,qwen-3b,Qwen/Qwen2.5-3B-Instruct,bfloat16,2026-08-02T08:03:10,load,89,3.2051075440831482,0,
2080,NVIDIA GeForce RTX 2080 Ti,qwen-3b,Qwen/Qwen2.5-3B-Instruct,bfloat16,2026-08-02T08:03:10,load,90,3.3941121520474553,0,
2080,NVIDIA GeForce RTX 2080 Ti,qwen-3b,Qwen/Qwen2.5-3B-Instruct,bfloat16,2026-08-02T08:03:10,load,91,3.2650733860209584,0,
2080,NVIDIA GeForce RTX 2080 Ti,qwen-3b,Qwen/Qwen2.5-3B-Instruct,bfloat16,2026-08-02T08:03:10,load,92,3.2821970069780946,0,
2080,NVIDIA GeForce RTX 2080 Ti,qwen-3b,Qwen/Qwen2.5-3B-Instruct,bfloat16,2026-08-02T08:03:10,load,93,3.4830286162905395,0,
2080,NVIDIA GeForce RTX 2080 Ti,qwen-3b,Qwen/Qwen2.5-3B-Instruct,bfloat16,2026-08-02T08:03:10,load,94,3.2765156249515712,0,
2080,NVIDIA GeForce RTX 2080 Ti,qwen-3b,Qwen/Qwen2.5-3B-Instruct,bfloat16,2026-08-02T08:03:10,load,95,3.266031101811677,0,
2080,NVIDIA GeForce RTX 2080 Ti,qwen-3b,Qwen/Qwen2.5-3B-Instruct,bfloat16,2026-08-02T08:03:10,load,96,3.236101108137518,0,
2080,NVIDIA GeForce RTX 2080 Ti,qwen-3b,Qwen/Qwen2.5-3B-Instruct,bfloat16,2026-08-02T08:03:10,load,97,3.2491589528508484,0,
2080,NVIDIA GeForce RTX 2080 Ti,qwen-3b,Qwen/Qwen2.5-3B-Instruct,bfloat16,2026-08-02T08:03:10,load,98,3.2231673458591104,0,
2080,NVIDIA GeForce RTX 2080 Ti,qwen-3b,Qwen/Qwen2.5-3B-Instruct,bfloat16,2026-08-02T08:03:10,load,99,3.3546804687939584,0,
2080,NVIDIA GeForce RTX 2080 Ti,qwen-3b,Qwen/Qwen2.5-3B-Instruct,bfloat16,2026-08-02T08:03:10,inference,0,1.137233064044267,24,
2080,NVIDIA GeForce RTX 2080 Ti,qwen-3b,Qwen/Qwen2.5-3B-Instruct,bfloat16,2026-08-02T08:03:10,inference,1,1.1343333721160889,24,
2080,NVIDIA GeForce RTX 2080 Ti,qwen-3b,Qwen/Qwen2.5-3B-Instruct,bfloat16,2026-08-02T08:03:10,inference,2,1.1330574876628816,24,
2080,NVIDIA GeForce RTX 2080 Ti,qwen-3b,Qwen/Qwen2.5-3B-Instruct,bfloat16,2026-08-02T08:03:10,inference,3,1.1329008149914443,24,
2080,NVIDIA GeForce RTX 2080 Ti,qwen-3b,Qwen/Qwen2.5-3B-Instruct,bfloat16,2026-08-02T08:03:10,inference,4,1.1363541027531028,24,
2080,NVIDIA GeForce RTX 2080 Ti,qwen-3b,Qwen/Qwen2.5-3B-Instruct,bfloat16,2026-08-02T08:03:10,inference,5,1.1415569358505309,24,
2080,NVIDIA GeForce RTX 2080 Ti,qwen-3b,Qwen/Qwen2.5-3B-Instruct,bfloat16,2026-08-02T08:03:10,inference,6,1.1364491819404066,24,
2080,NVIDIA GeForce RTX 2080 Ti,qwen-3b,Qwen/Qwen2.5-3B-Instruct,bfloat16,2026-08-02T08:03:10,inference,7,1.1412292467430234,24,
2080,NVIDIA GeForce RTX 2080 Ti,qwen-3b,Qwen/Qwen2.5-3B-Instruct,bfloat16,2026-08-02T08:03:10,inference,8,1.1370507408864796,24,
2080,NVIDIA GeForce RTX 2080 Ti,qwen-3b,Qwen/Qwen2.5-3B-Instruct,bfloat16,2026-08-02T08:03:10,inference,9,1.144875556230545,24,
2080,NVIDIA GeForce RTX 2080 Ti,qwen-3b,Qwen/Qwen2.5-3B-Instruct,bfloat16,2026-08-02T08:03:10,inference,10,1.1430443259887397,24,
2080,NVIDIA GeForce RTX 2080 Ti,qwen-3b,Qwen/Qwen2.5-3B-Instruct,bfloat16,2026-08-02T08:03:10,inference,11,1.1377954930067062,24,
2080,NVIDIA GeForce RTX 2080 Ti,qwen-3b,Qwen/Qwen2.5-3B-Instruct,bfloat16,2026-08-02T08:03:10,inference,12,1.1406456967815757,24,
2080,NVIDIA GeForce RTX 2080 Ti,qwen-3b,Qwen/Qwen2.5-3B-Instruct,bfloat16,2026-08-02T08:03:10,inference,13,1.1355998637154698,24,
2080,NVIDIA GeForce RTX 2080 Ti,qwen-3b,Qwen/Qwen2.5-3B-Instruct,bfloat16,2026-08-02T08:03:10,inference,14,1.1341962539590895,24,
2080,NVIDIA GeForce RTX 2080 Ti,qwen-3b,Qwen/Qwen2.5-3B-Instruct,bfloat16,2026-08-02T08:03:10,inference,15,1.1342157726176083,24,
2080,NVIDIA GeForce RTX 2080 Ti,qwen-3b,Qwen/Qwen2.5-3B-Instruct,bfloat16,2026-08-02T08:03:10,inference,16,1.1397593752481043,24,
2080,NVIDIA GeForce RTX 2080 Ti,qwen-3b,Qwen/Qwen2.5-3B-Instruct,bfloat16,2026-08-02T08:03:10,inference,17,1.135477954056114,24,
2080,NVIDIA GeForce RTX 2080 Ti,qwen-3b,Qwen/Qwen2.5-3B-Instruct,bfloat16,2026-08-02T08:03:10,inference,18,1.1427619750611484,24,
2080,NVIDIA GeForce RTX 2080 Ti,qwen-3b,Qwen/Qwen2.5-3B-Instruct,bfloat16,2026-08-02T08:03:10,inference,19,1.1400603060610592,24,
2080,NVIDIA GeForce RTX 2080 Ti,qwen-3b,Qwen/Qwen2.5-3B-Instruct,bfloat16,2026-08-02T08:03:10,inference,20,1.1396135813556612,24,
2080,NVIDIA GeForce RTX 2080 Ti,qwen-3b,Qwen/Qwen2.5-3B-Instruct,bfloat16,2026-08-02T08:03:10,inference,21,1.137021818663925,24,
2080,NVIDIA GeForce RTX 2080 Ti,qwen-3b,Qwen/Qwen2.5-3B-Instruct,bfloat16,2026-08-02T08:03:10,inference,22,1.1367411399260163,24,
2080,NVIDIA GeForce RTX 2080 Ti,qwen-3b,Qwen/Qwen2.5-3B-Instruct,bfloat16,2026-08-02T08:03:10,inference,23,1.137456165626645,24,
2080,NVIDIA GeForce RTX 2080 Ti,qwen-3b,Qwen/Qwen2.5-3B-Instruct,bfloat16,2026-08-02T08:03:10,inference,24,1.137031995691359,24,
2080,NVIDIA GeForce RTX 2080 Ti,qwen-3b,Qwen/Qwen2.5-3B-Instruct,bfloat16,2026-08-02T08:03:10,inference,25,1.1416642009280622,24,
2080,NVIDIA GeForce RTX 2080 Ti,qwen-3b,Qwen/Qwen2.5-3B-Instruct,bfloat16,2026-08-02T08:03:10,inference,26,1.136488955002278,24,
2080,NVIDIA GeForce RTX 2080 Ti,qwen-3b,Qwen/Qwen2.5-3B-Instruct,bfloat16,2026-08-02T08:03:10,inference,27,1.136955551803112,24,
2080,NVIDIA GeForce RTX 2080 Ti,qwen-3b,Qwen/Qwen2.5-3B-Instruct,bfloat16,2026-08-02T08:03:10,inference,28,1.1356893172487617,24,
2080,NVIDIA GeForce RTX 2080 Ti,qwen-3b,Qwen/Qwen2.5-3B-Instruct,bfloat16,2026-08-02T08:03:10,inference,29,1.138085984159261,24,
2080,NVIDIA GeForce RTX 2080 Ti,qwen-3b,Qwen/Qwen2.5-3B-Instruct,bfloat16,2026-08-02T08:03:10,inference,30,1.136838875245303,24,
2080,NVIDIA GeForce RTX 2080 Ti,qwen-3b,Qwen/Qwen2.5-3B-Instruct,bfloat16,2026-08-02T08:03:10,inference,31,1.14326832909137,24,
2080,NVIDIA GeForce RTX 2080 Ti,qwen-3b,Qwen/Qwen2.5-3B-Instruct,bfloat16,2026-08-02T08:03:10,inference,32,1.1378645640797913,24,
2080,NVIDIA GeForce RTX 2080 Ti,qwen-3b,Qwen/Qwen2.5-3B-Instruct,bfloat16,2026-08-02T08:03:10,inference,33,1.1380221550352871,24,
2080,NVIDIA GeForce RTX 2080 Ti,qwen-3b,Qwen/Qwen2.5-3B-Instruct,bfloat16,2026-08-02T08:03:10,inference,34,1.1382679818198085,24,
2080,NVIDIA GeForce RTX 2080 Ti,qwen-3b,Qwen/Qwen2.5-3B-Instruct,bfloat16,2026-08-02T08:03:10,inference,35,1.1387276938185096,24,
2080,NVIDIA GeForce RTX 2080 Ti,qwen-3b,Qwen/Qwen2.5-3B-Instruct,bfloat16,2026-08-02T08:03:10,inference,36,1.138291927985847,24,
2080,NVIDIA GeForce RTX 2080 Ti,qwen-3b,Qwen/Qwen2.5-3B-Instruct,bfloat16,2026-08-02T08:03:10,inference,37,1.146035869140178,24,
2080,NVIDIA GeForce RTX 2080 Ti,qwen-3b,Qwen/Qwen2.5-3B-Instruct,bfloat16,2026-08-02T08:03:10,inference,38,1.1434169900603592,24,
2080,NVIDIA GeForce RTX 2080 Ti,qwen-3b,Qwen/Qwen2.5-3B-Instruct,bfloat16,2026-08-02T08:03:10,inference,39,1.1372984000481665,24,
2080,NVIDIA GeForce RTX 2080 Ti,qwen-3b,Qwen/Qwen2.5-3B-Instruct,bfloat16,2026-08-02T08:03:10,inference,40,1.1386901009827852,24,
2080,NVIDIA GeForce RTX 2080 Ti,qwen-3b,Qwen/Qwen2.5-3B-Instruct,bfloat16,2026-08-02T08:03:10,inference,41,1.1390257151797414,24,
2080,NVIDIA GeForce RTX 2080 Ti,qwen-3b,Qwen/Qwen2.5-3B-Instruct,bfloat16,2026-08-02T08:03:10,inference,42,1.1406817510724068,24,
2080,NVIDIA GeForce RTX 2080 Ti,qwen-3b,Qwen/Qwen2.5-3B-Instruct,bfloat16,2026-08-02T08:03:10,inference,43,1.1393646928481758,24,
2080,NVIDIA GeForce RTX 2080 Ti,qwen-3b,Qwen/Qwen2.5-3B-Instruct,bfloat16,2026-08-02T08:03:10,inference,44,1.1419952800497413,24,
2080,NVIDIA GeForce RTX 2080 Ti,qwen-3b,Qwen/Qwen2.5-3B-Instruct,bfloat16,2026-08-02T08:03:10,inference,45,1.142995912116021,24,
2080,NVIDIA GeForce RTX 2080 Ti,qwen-3b,Qwen/Qwen2.5-3B-Instruct,bfloat16,2026-08-02T08:03:10,inference,46,1.1411506501026452,24,
2080,NVIDIA GeForce RTX 2080 Ti,qwen-3b,Qwen/Qwen2.5-3B-Instruct,bfloat16,2026-08-02T08:03:10,inference,47,1.1422515911981463,24,
2080,NVIDIA GeForce RTX 2080 Ti,qwen-3b,Qwen/Qwen2.5-3B-Instruct,bfloat16,2026-08-02T08:03:10,inference,48,1.1431329539045691,24,
2080,NVIDIA GeForce RTX 2080 Ti,qwen-3b,Qwen/Qwen2.5-3B-Instruct,bfloat16,2026-08-02T08:03:10,inference,49,1.1420421842485666,24,
2080,NVIDIA GeForce RTX 2080 Ti,qwen-3b,Qwen/Qwen2.5-3B-Instruct,bfloat16,2026-08-02T08:03:10,inference,50,1.1397407641634345,24,
2080,NVIDIA GeForce RTX 2080 Ti,qwen-3b,Qwen/Qwen2.5-3B-Instruct,bfloat16,2026-08-02T08:03:10,inference,51,1.1430610250681639,24,
2080,NVIDIA GeForce RTX 2080 Ti,qwen-3b,Qwen/Qwen2.5-3B-Instruct,bfloat16,2026-08-02T08:03:10,inference,52,1.1344645461067557,24,
2080,NVIDIA GeForce RTX 2080 Ti,qwen-3b,Qwen/Qwen2.5-3B-Instruct,bfloat16,2026-08-02T08:03:10,inference,53,1.1409499980509281,24,
2080,NVIDIA GeForce RTX 2080 Ti,qwen-3b,Qwen/Qwen2.5-3B-Instruct,bfloat16,2026-08-02T08:03:10,inference,54,1.1464930498041213,24,
2080,NVIDIA GeForce RTX 2080 Ti,qwen-3b,Qwen/Qwen2.5-3B-Instruct,bfloat16,2026-08-02T08:03:10,inference,55,1.1482006469741464,24,
2080,NVIDIA GeForce RTX 2080 Ti,qwen-3b,Qwen/Qwen2.5-3B-Instruct,bfloat16,2026-08-02T08:03:10,inference,56,1.1491424990817904,24,
2080,NVIDIA GeForce RTX 2080 Ti,qwen-3b,Qwen/Qwen2.5-3B-Instruct,bfloat16,2026-08-02T08:03:10,inference,57,1.1509482702240348,24,
2080,NVIDIA GeForce RTX 2080 Ti,qwen-3b,Qwen/Qwen2.5-3B-Instruct,bfloat16,2026-08-02T08:03:10,inference,58,1.1520882546901703,24,
2080,NVIDIA GeForce RTX 2080 Ti,qwen-3b,Qwen/Qwen2.5-3B-Instruct,bfloat16,2026-08-02T08:03:10,inference,59,1.1484845569357276,24,
2080,NVIDIA GeForce RTX 2080 Ti,qwen-3b,Qwen/Qwen2.5-3B-Instruct,bfloat16,2026-08-02T08:03:10,inference,60,1.1454296060837805,24,
2080,NVIDIA GeForce RTX 2080 Ti,qwen-3b,Qwen/Qwen2.5-3B-Instruct,bfloat16,2026-08-02T08:03:10,inference,61,1.151562015991658,24,
2080,NVIDIA GeForce RTX 2080 Ti,qwen-3b,Qwen/Qwen2.5-3B-Instruct,bfloat16,2026-08-02T08:03:10,inference,62,1.1421437067911029,24,
2080,NVIDIA GeForce RTX 2080 Ti,qwen-3b,Qwen/Qwen2.5-3B-Instruct,bfloat16,2026-08-02T08:03:10,inference,63,1.146660050842911,24,
2080,NVIDIA GeForce RTX 2080 Ti,qwen-3b,Qwen/Qwen2.5-3B-Instruct,bfloat16,2026-08-02T08:03:10,inference,64,1.1496023731306195,24,
2080,NVIDIA GeForce RTX 2080 Ti,qwen-3b,Qwen/Qwen2.5-3B-Instruct,bfloat16,2026-08-02T08:03:10,inference,65,1.1455930839292705,24,
2080,NVIDIA GeForce RTX 2080 Ti,qwen-3b,Qwen/Qwen2.5-3B-Instruct,bfloat16,2026-08-02T08:03:10,inference,66,1.1490896493196487,24,
2080,NVIDIA GeForce RTX 2080 Ti,qwen-3b,Qwen/Qwen2.5-3B-Instruct,bfloat16,2026-08-02T08:03:10,inference,67,1.1452959212474525,24,
2080,NVIDIA GeForce RTX 2080 Ti,qwen-3b,Qwen/Qwen2.5-3B-Instruct,bfloat16,2026-08-02T08:03:10,inference,68,1.1461742310784757,24,
2080,NVIDIA GeForce RTX 2080 Ti,qwen-3b,Qwen/Qwen2.5-3B-Instruct,bfloat16,2026-08-02T08:03:10,inference,69,1.1426741918548942,24,
2080,NVIDIA GeForce RTX 2080 Ti,qwen-3b,Qwen/Qwen2.5-3B-Instruct,bfloat16,2026-08-02T08:03:10,inference,70,1.1451641297899187,24,
2080,NVIDIA GeForce RTX 2080 Ti,qwen-3b,Qwen/Qwen2.5-3B-Instruct,bfloat16,2026-08-02T08:03:10,inference,71,1.1502440562471747,24,
2080,NVIDIA GeForce RTX 2080 Ti,qwen-3b,Qwen/Qwen2.5-3B-Instruct,bfloat16,2026-08-02T08:03:10,inference,72,1.1519430810585618,24,
2080,NVIDIA GeForce RTX 2080 Ti,qwen-3b,Qwen/Qwen2.5-3B-Instruct,bfloat16,2026-08-02T08:03:10,inference,73,1.1472463351674378,24,
2080,NVIDIA GeForce RTX 2080 Ti,qwen-3b,Qwen/Qwen2.5-3B-Instruct,bfloat16,2026-08-02T08:03:10,inference,74,1.1419655308127403,24,
2080,NVIDIA GeForce RTX 2080 Ti,qwen-3b,Qwen/Qwen2.5-3B-Instruct,bfloat16,2026-08-02T08:03:10,inference,75,1.1450145188719034,24,
2080,NVIDIA GeForce RTX 2080 Ti,qwen-3b,Qwen/Qwen2.5-3B-Instruct,bfloat16,2026-08-02T08:03:10,inference,76,1.1513282437808812,24,
2080,NVIDIA GeForce RTX 2080 Ti,qwen-3b,Qwen/Qwen2.5-3B-Instruct,bfloat16,2026-08-02T08:03:10,inference,77,1.1509777610190213,24,
2080,NVIDIA GeForce RTX 2080 Ti,qwen-3b,Qwen/Qwen2.5-3B-Instruct,bfloat16,2026-08-02T08:03:10,inference,78,1.1430375310592353,24,
2080,NVIDIA GeForce RTX 2080 Ti,qwen-3b,Qwen/Qwen2.5-3B-Instruct,bfloat16,2026-08-02T08:03:10,inference,79,1.149872412905097,24,
2080,NVIDIA GeForce RTX 2080 Ti,qwen-3b,Qwen/Qwen2.5-3B-Instruct,bfloat16,2026-08-02T08:03:10,inference,80,1.1436830228194594,24,
2080,NVIDIA GeForce RTX 2080 Ti,qwen-3b,Qwen/Qwen2.5-3B-Instruct,bfloat16,2026-08-02T08:03:10,inference,81,1.1433924157172441,24,
2080,NVIDIA GeForce RTX 2080 Ti,qwen-3b,Qwen/Qwen2.5-3B-Instruct,bfloat16,2026-08-02T08:03:10,inference,82,1.1495858738198876,24,
2080,NVIDIA GeForce RTX 2080 Ti,qwen-3b,Qwen/Qwen2.5-3B-Instruct,bfloat16,2026-08-02T08:03:10,inference,83,1.146611482836306,24,
2080,NVIDIA GeForce RTX 2080 Ti,qwen-3b,Qwen/Qwen2.5-3B-Instruct,bfloat16,2026-08-02T08:03:10,inference,84,1.1558993933722377,24,
2080,NVIDIA GeForce RTX 2080 Ti,qwen-3b,Qwen/Qwen2.5-3B-Instruct,bfloat16,2026-08-02T08:03:10,inference,85,1.153401643037796,24,
2080,NVIDIA GeForce RTX 2080 Ti,qwen-3b,Qwen/Qwen2.5-3B-Instruct,bfloat16,2026-08-02T08:03:10,inference,86,1.143998961430043,24,
2080,NVIDIA GeForce RTX 2080 Ti,qwen-3b,Qwen/Qwen2.5-3B-Instruct,bfloat16,2026-08-02T08:03:10,inference,87,1.1485861740075052,24,
2080,NVIDIA GeForce RTX 2080 Ti,qwen-3b,Qwen/Qwen2.5-3B-Instruct,bfloat16,2026-08-02T08:03:10,inference,88,1.1442085830494761,24,
2080,NVIDIA GeForce RTX 2080 Ti,qwen-3b,Qwen/Qwen2.5-3B-Instruct,bfloat16,2026-08-02T08:03:10,inference,89,1.1547864377498627,24,
2080,NVIDIA GeForce RTX 2080 Ti,qwen-3b,Qwen/Qwen2.5-3B-Instruct,bfloat16,2026-08-02T08:03:10,inference,90,1.1585105611011386,24,
2080,NVIDIA GeForce RTX 2080 Ti,qwen-3b,Qwen/Qwen2.5-3B-Instruct,bfloat16,2026-08-02T08:03:10,inference,91,1.1489676730707288,24,
2080,NVIDIA GeForce RTX 2080 Ti,qwen-3b,Qwen/Qwen2.5-3B-Instruct,bfloat16,2026-08-02T08:03:10,inference,92,1.1417855857871473,24,
2080,NVIDIA GeForce RTX 2080 Ti,qwen-3b,Qwen/Qwen2.5-3B-Instruct,bfloat16,2026-08-02T08:03:10,inference,93,1.1465015928260982,24,
2080,NVIDIA GeForce RTX 2080 Ti,qwen-3b,Qwen/Qwen2.5-3B-Instruct,bfloat16,2026-08-02T08:03:10,inference,94,1.1558947758749127,24,
2080,NVIDIA GeForce RTX 2080 Ti,qwen-3b,Qwen/Qwen2.5-3B-Instruct,bfloat16,2026-08-02T08:03:10,inference,95,1.1430789739824831,24,
2080,NVIDIA GeForce RTX 2080 Ti,qwen-3b,Qwen/Qwen2.5-3B-Instruct,bfloat16,2026-08-02T08:03:10,inference,96,1.1490310761146247,24,
2080,NVIDIA GeForce RTX 2080 Ti,qwen-3b,Qwen/Qwen2.5-3B-Instruct,bfloat16,2026-08-02T08:03:10,inference,97,1.1518672816455364,24,
2080,NVIDIA GeForce RTX 2080 Ti,qwen-3b,Qwen/Qwen2.5-3B-Instruct,bfloat16,2026-08-02T08:03:10,inference,98,1.1430623210035264,24,
2080,NVIDIA GeForce RTX 2080 Ti,qwen-3b,Qwen/Qwen2.5-3B-Instruct,bfloat16,2026-08-02T08:03:10,inference,99,1.1500510419718921,24,
V100,Tesla V100-PCIE-16GB,llama-1b,meta-llama/Llama-3.2-1B-Instruct,bfloat16,2026-08-02T08:51:45,load,0,2.596916323993355,0,
V100,Tesla V100-PCIE-16GB,llama-1b,meta-llama/Llama-3.2-1B-Instruct,bfloat16,2026-08-02T08:51:45,load,1,2.573357531800866,0,
V100,Tesla V100-PCIE-16GB,llama-1b,meta-llama/Llama-3.2-1B-Instruct,bfloat16,2026-08-02T08:51:45,load,2,2.545599253848195,0,
V100,Tesla V100-PCIE-16GB,llama-1b,meta-llama/Llama-3.2-1B-Instruct,bfloat16,2026-08-02T08:51:45,load,3,2.6533511243760586,0,
V100,Tesla V100-PCIE-16GB,llama-1b,meta-llama/Llama-3.2-1B-Instruct,bfloat16,2026-08-02T08:51:45,load,4,2.5659685786813498,0,
V100,Tesla V100-PCIE-16GB,llama-1b,meta-llama/Llama-3.2-1B-Instruct,bfloat16,2026-08-02T08:51:45,load,5,2.518120606895536,0,
V100,Tesla V100-PCIE-16GB,llama-1b,meta-llama/Llama-3.2-1B-Instruct,bfloat16,2026-08-02T08:51:45,load,6,2.5097634331323206,0,
V100,Tesla V100-PCIE-16GB,llama-1b,meta-llama/Llama-3.2-1B-Instruct,bfloat16,2026-08-02T08:51:45,load,7,2.529411091003567,0,
V100,Tesla V100-PCIE-16GB,llama-1b,meta-llama/Llama-3.2-1B-Instruct,bfloat16,2026-08-02T08:51:45,load,8,2.517962658777833,0,
V100,Tesla V100-PCIE-16GB,llama-1b,meta-llama/Llama-3.2-1B-Instruct,bfloat16,2026-08-02T08:51:45,load,9,2.5954842222854495,0,
V100,Tesla V100-PCIE-16GB,llama-1b,meta-llama/Llama-3.2-1B-Instruct,bfloat16,2026-08-02T08:51:45,load,10,2.501363873016089,0,
V100,Tesla V100-PCIE-16GB,llama-1b,meta-llama/Llama-3.2-1B-Instruct,bfloat16,2026-08-02T08:51:45,load,11,2.4847658718936145,0,
V100,Tesla V100-PCIE-16GB,llama-1b,meta-llama/Llama-3.2-1B-Instruct,bfloat16,2026-08-02T08:51:45,load,12,2.522791584022343,0,
V100,Tesla V100-PCIE-16GB,llama-1b,meta-llama/Llama-3.2-1B-Instruct,bfloat16,2026-08-02T08:51:45,load,13,2.5348180518485606,0,
V100,Tesla V100-PCIE-16GB,llama-1b,meta-llama/Llama-3.2-1B-Instruct,bfloat16,2026-08-02T08:51:45,load,14,2.521615471225232,0,
V100,Tesla V100-PCIE-16GB,llama-1b,meta-llama/Llama-3.2-1B-Instruct,bfloat16,2026-08-02T08:51:45,load,15,2.513267614413053,0,
V100,Tesla V100-PCIE-16GB,llama-1b,meta-llama/Llama-3.2-1B-Instruct,bfloat16,2026-08-02T08:51:45,load,16,2.5228158608078957,0,
V100,Tesla V100-PCIE-16GB,llama-1b,meta-llama/Llama-3.2-1B-Instruct,bfloat16,2026-08-02T08:51:45,load,17,2.5024324669502676,0,
V100,Tesla V100-PCIE-16GB,llama-1b,meta-llama/Llama-3.2-1B-Instruct,bfloat16,2026-08-02T08:51:45,load,18,2.494540964253247,0,
V100,Tesla V100-PCIE-16GB,llama-1b,meta-llama/Llama-3.2-1B-Instruct,bfloat16,2026-08-02T08:51:45,load,19,2.5053731431253254,0,
V100,Tesla V100-PCIE-16GB,llama-1b,meta-llama/Llama-3.2-1B-Instruct,bfloat16,2026-08-02T08:51:45,load,20,2.568128942977637,0,
V100,Tesla V100-PCIE-16GB,llama-1b,meta-llama/Llama-3.2-1B-Instruct,bfloat16,2026-08-02T08:51:45,load,21,2.545514274854213,0,
V100,Tesla V100-PCIE-16GB,llama-1b,meta-llama/Llama-3.2-1B-Instruct,bfloat16,2026-08-02T08:51:45,load,22,2.5654091676697135,0,
V100,Tesla V100-PCIE-16GB,llama-1b,meta-llama/Llama-3.2-1B-Instruct,bfloat16,2026-08-02T08:51:45,load,23,2.542616084218025,0,
V100,Tesla V100-PCIE-16GB,llama-1b,meta-llama/Llama-3.2-1B-Instruct,bfloat16,2026-08-02T08:51:45,load,24,2.551881164778024,0,
V100,Tesla V100-PCIE-16GB,llama-1b,meta-llama/Llama-3.2-1B-Instruct,bfloat16,2026-08-02T08:51:45,load,25,2.537000854033977,0,
V100,Tesla V100-PCIE-16GB,llama-1b,meta-llama/Llama-3.2-1B-Instruct,bfloat16,2026-08-02T08:51:45,load,26,2.698673762846738,0,
V100,Tesla V100-PCIE-16GB,llama-1b,meta-llama/Llama-3.2-1B-Instruct,bfloat16,2026-08-02T08:51:45,load,27,2.591606286354363,0,
V100,Tesla V100-PCIE-16GB,llama-1b,meta-llama/Llama-3.2-1B-Instruct,bfloat16,2026-08-02T08:51:45,load,28,2.5063734431751072,0,
V100,Tesla V100-PCIE-16GB,llama-1b,meta-llama/Llama-3.2-1B-Instruct,bfloat16,2026-08-02T08:51:45,load,29,2.5333546516485512,0,
V100,Tesla V100-PCIE-16GB,llama-1b,meta-llama/Llama-3.2-1B-Instruct,bfloat16,2026-08-02T08:51:45,load,30,2.573897855821997,0,
V100,Tesla V100-PCIE-16GB,llama-1b,meta-llama/Llama-3.2-1B-Instruct,bfloat16,2026-08-02T08:51:45,load,31,2.5500680580735207,0,
V100,Tesla V100-PCIE-16GB,llama-1b,meta-llama/Llama-3.2-1B-Instruct,bfloat16,2026-08-02T08:51:45,load,32,2.53356900671497,0,
V100,Tesla V100-PCIE-16GB,llama-1b,meta-llama/Llama-3.2-1B-Instruct,bfloat16,2026-08-02T08:51:45,load,33,2.5336883077397943,0,
V100,Tesla V100-PCIE-16GB,llama-1b,meta-llama/Llama-3.2-1B-Instruct,bfloat16,2026-08-02T08:51:45,load,34,2.573588493745774,0,
V100,Tesla V100-PCIE-16GB,llama-1b,meta-llama/Llama-3.2-1B-Instruct,bfloat16,2026-08-02T08:51:45,load,35,2.536740099079907,0,
V100,Tesla V100-PCIE-16GB,llama-1b,meta-llama/Llama-3.2-1B-Instruct,bfloat16,2026-08-02T08:51:45,load,36,2.5493513429537416,0,
V100,Tesla V100-PCIE-16GB,llama-1b,meta-llama/Llama-3.2-1B-Instruct,bfloat16,2026-08-02T08:51:45,load,37,2.5689123421907425,0,
V100,Tesla V100-PCIE-16GB,llama-1b,meta-llama/Llama-3.2-1B-Instruct,bfloat16,2026-08-02T08:51:45,load,38,2.4983909097500145,0,
V100,Tesla V100-PCIE-16GB,llama-1b,meta-llama/Llama-3.2-1B-Instruct,bfloat16,2026-08-02T08:51:45,load,39,2.494751827791333,0,
V100,Tesla V100-PCIE-16GB,llama-1b,meta-llama/Llama-3.2-1B-Instruct,bfloat16,2026-08-02T08:51:45,load,40,2.528168688993901,0,
V100,Tesla V100-PCIE-16GB,llama-1b,meta-llama/Llama-3.2-1B-Instruct,bfloat16,2026-08-02T08:51:45,load,41,2.772918292786926,0,
V100,Tesla V100-PCIE-16GB,llama-1b,meta-llama/Llama-3.2-1B-Instruct,bfloat16,2026-08-02T08:51:45,load,42,2.5301122376695275,0,
V100,Tesla V100-PCIE-16GB,llama-1b,meta-llama/Llama-3.2-1B-Instruct,bfloat16,2026-08-02T08:51:45,load,43,2.52381343068555,0,
V100,Tesla V100-PCIE-16GB,llama-1b,meta-llama/Llama-3.2-1B-Instruct,bfloat16,2026-08-02T08:51:45,load,44,2.6626167809590697,0,
V100,Tesla V100-PCIE-16GB,llama-1b,meta-llama/Llama-3.2-1B-Instruct,bfloat16,2026-08-02T08:51:45,load,45,2.4974392699077725,0,
V100,Tesla V100-PCIE-16GB,llama-1b,meta-llama/Llama-3.2-1B-Instruct,bfloat16,2026-08-02T08:51:45,load,46,2.523651445750147,0,
V100,Tesla V100-PCIE-16GB,llama-1b,meta-llama/Llama-3.2-1B-Instruct,bfloat16,2026-08-02T08:51:45,load,47,2.516171885188669,0,
V100,Tesla V100-PCIE-16GB,llama-1b,meta-llama/Llama-3.2-1B-Instruct,bfloat16,2026-08-02T08:51:45,load,48,2.536525571718812,0,
V100,Tesla V100-PCIE-16GB,llama-1b,meta-llama/Llama-3.2-1B-Instruct,bfloat16,2026-08-02T08:51:45,load,49,2.5193323493003845,0,
V100,Tesla V100-PCIE-16GB,llama-1b,meta-llama/Llama-3.2-1B-Instruct,bfloat16,2026-08-02T08:51:45,load,50,2.566500468645245,0,
V100,Tesla V100-PCIE-16GB,llama-1b,meta-llama/Llama-3.2-1B-Instruct,bfloat16,2026-08-02T08:51:45,load,51,2.5434868200682104,0,
V100,Tesla V100-PCIE-16GB,llama-1b,meta-llama/Llama-3.2-1B-Instruct,bfloat16,2026-08-02T08:51:45,load,52,2.598455328028649,0,
V100,Tesla V100-PCIE-16GB,llama-1b,meta-llama/Llama-3.2-1B-Instruct,bfloat16,2026-08-02T08:51:45,load,53,2.5515178949572146,0,
V100,Tesla V100-PCIE-16GB,llama-1b,meta-llama/Llama-3.2-1B-Instruct,bfloat16,2026-08-02T08:51:45,load,54,2.4969440060667694,0,
V100,Tesla V100-PCIE-16GB,llama-1b,meta-llama/Llama-3.2-1B-Instruct,bfloat16,2026-08-02T08:51:45,load,55,2.5010282932780683,0,
V100,Tesla V100-PCIE-16GB,llama-1b,meta-llama/Llama-3.2-1B-Instruct,bfloat16,2026-08-02T08:51:45,load,56,2.52965054102242,0,
V100,Tesla V100-PCIE-16GB,llama-1b,meta-llama/Llama-3.2-1B-Instruct,bfloat16,2026-08-02T08:51:45,load,57,2.5382619188167155,0,
V100,Tesla V100-PCIE-16GB,llama-1b,meta-llama/Llama-3.2-1B-Instruct,bfloat16,2026-08-02T08:51:45,load,58,2.5228406470268965,0,
V100,Tesla V100-PCIE-16GB,llama-1b,meta-llama/Llama-3.2-1B-Instruct,bfloat16,2026-08-02T08:51:45,load,59,2.5246713520027697,0,
V100,Tesla V100-PCIE-16GB,llama-1b,meta-llama/Llama-3.2-1B-Instruct,bfloat16,2026-08-02T08:51:45,load,60,2.5217024460434914,0,
V100,Tesla V100-PCIE-16GB,llama-1b,meta-llama/Llama-3.2-1B-Instruct,bfloat16,2026-08-02T08:51:45,load,61,2.522516008000821,0,
V100,Tesla V100-PCIE-16GB,llama-1b,meta-llama/Llama-3.2-1B-Instruct,bfloat16,2026-08-02T08:51:45,load,62,2.772780530154705,0,
V100,Tesla V100-PCIE-16GB,llama-1b,meta-llama/Llama-3.2-1B-Instruct,bfloat16,2026-08-02T08:51:45,load,63,2.5445867092348635,0,
V100,Tesla V100-PCIE-16GB,llama-1b,meta-llama/Llama-3.2-1B-Instruct,bfloat16,2026-08-02T08:51:45,load,64,2.5017407778650522,0,
V100,Tesla V100-PCIE-16GB,llama-1b,meta-llama/Llama-3.2-1B-Instruct,bfloat16,2026-08-02T08:51:45,load,65,2.531838158145547,0,
V100,Tesla V100-PCIE-16GB,llama-1b,meta-llama/Llama-3.2-1B-Instruct,bfloat16,2026-08-02T08:51:45,load,66,2.519665946252644,0,
V100,Tesla V100-PCIE-16GB,llama-1b,meta-llama/Llama-3.2-1B-Instruct,bfloat16,2026-08-02T08:51:45,load,67,2.5849751480855048,0,
V100,Tesla V100-PCIE-16GB,llama-1b,meta-llama/Llama-3.2-1B-Instruct,bfloat16,2026-08-02T08:51:45,load,68,2.546688498929143,0,
V100,Tesla V100-PCIE-16GB,llama-1b,meta-llama/Llama-3.2-1B-Instruct,bfloat16,2026-08-02T08:51:45,load,69,2.5114656519144773,0,
V100,Tesla V100-PCIE-16GB,llama-1b,meta-llama/Llama-3.2-1B-Instruct,bfloat16,2026-08-02T08:51:45,load,70,2.5200514011085033,0,
V100,Tesla V100-PCIE-16GB,llama-1b,meta-llama/Llama-3.2-1B-Instruct,bfloat16,2026-08-02T08:51:45,load,71,2.5030633751302958,0,
V100,Tesla V100-PCIE-16GB,llama-1b,meta-llama/Llama-3.2-1B-Instruct,bfloat16,2026-08-02T08:51:45,load,72,2.5741586228832603,0,
V100,Tesla V100-PCIE-16GB,llama-1b,meta-llama/Llama-3.2-1B-Instruct,bfloat16,2026-08-02T08:51:45,load,73,2.5843991390429437,0,
V100,Tesla V100-PCIE-16GB,llama-1b,meta-llama/Llama-3.2-1B-Instruct,bfloat16,2026-08-02T08:51:45,load,74,2.5027173957787454,0,
V100,Tesla V100-PCIE-16GB,llama-1b,meta-llama/Llama-3.2-1B-Instruct,bfloat16,2026-08-02T08:51:45,load,75,2.490181128960103,0,
V100,Tesla V100-PCIE-16GB,llama-1b,meta-llama/Llama-3.2-1B-Instruct,bfloat16,2026-08-02T08:51:45,load,76,2.4735615579411387,0,
V100,Tesla V100-PCIE-16GB,llama-1b,meta-llama/Llama-3.2-1B-Instruct,bfloat16,2026-08-02T08:51:45,load,77,2.5230225129052997,0,
V100,Tesla V100-PCIE-16GB,llama-1b,meta-llama/Llama-3.2-1B-Instruct,bfloat16,2026-08-02T08:51:45,load,78,2.50916337268427,0,
V100,Tesla V100-PCIE-16GB,llama-1b,meta-llama/Llama-3.2-1B-Instruct,bfloat16,2026-08-02T08:51:45,load,79,2.5099121262319386,0,
V100,Tesla V100-PCIE-16GB,llama-1b,meta-llama/Llama-3.2-1B-Instruct,bfloat16,2026-08-02T08:51:45,load,80,2.4910864140838385,0,
V100,Tesla V100-PCIE-16GB,llama-1b,meta-llama/Llama-3.2-1B-Instruct,bfloat16,2026-08-02T08:51:45,load,81,2.545530240982771,0,
V100,Tesla V100-PCIE-16GB,llama-1b,meta-llama/Llama-3.2-1B-Instruct,bfloat16,2026-08-02T08:51:45,load,82,2.521600835956633,0,
V100,Tesla V100-PCIE-16GB,llama-1b,meta-llama/Llama-3.2-1B-Instruct,bfloat16,2026-08-02T08:51:45,load,83,2.4965321077033877,0,
V100,Tesla V100-PCIE-16GB,llama-1b,meta-llama/Llama-3.2-1B-Instruct,bfloat16,2026-08-02T08:51:45,load,84,2.5030540078878403,0,
V100,Tesla V100-PCIE-16GB,llama-1b,meta-llama/Llama-3.2-1B-Instruct,bfloat16,2026-08-02T08:51:45,load,85,2.4943755911663175,0,
V100,Tesla V100-PCIE-16GB,llama-1b,meta-llama/Llama-3.2-1B-Instruct,bfloat16,2026-08-02T08:51:45,load,86,2.527842011768371,0,
V100,Tesla V100-PCIE-16GB,llama-1b,meta-llama/Llama-3.2-1B-Instruct,bfloat16,2026-08-02T08:51:45,load,87,2.4816813389770687,0,
V100,Tesla V100-PCIE-16GB,llama-1b,meta-llama/Llama-3.2-1B-Instruct,bfloat16,2026-08-02T08:51:45,load,88,2.519060242921114,0,
V100,Tesla V100-PCIE-16GB,llama-1b,meta-llama/Llama-3.2-1B-Instruct,bfloat16,2026-08-02T08:51:45,load,89,2.5535681848414242,0,
V100,Tesla V100-PCIE-16GB,llama-1b,meta-llama/Llama-3.2-1B-Instruct,bfloat16,2026-08-02T08:51:45,load,90,2.511854867916554,0,
V100,Tesla V100-PCIE-16GB,llama-1b,meta-llama/Llama-3.2-1B-Instruct,bfloat16,2026-08-02T08:51:45,load,91,2.5496446271426976,0,
V100,Tesla V100-PCIE-16GB,llama-1b,meta-llama/Llama-3.2-1B-Instruct,bfloat16,2026-08-02T08:51:45,load,92,2.583100221119821,0,
V100,Tesla V100-PCIE-16GB,llama-1b,meta-llama/Llama-3.2-1B-Instruct,bfloat16,2026-08-02T08:51:45,load,93,2.4832591922022402,0,
V100,Tesla V100-PCIE-16GB,llama-1b,meta-llama/Llama-3.2-1B-Instruct,bfloat16,2026-08-02T08:51:45,load,94,2.5341081842780113,0,
V100,Tesla V100-PCIE-16GB,llama-1b,meta-llama/Llama-3.2-1B-Instruct,bfloat16,2026-08-02T08:51:45,load,95,2.477073886897415,0,
V100,Tesla V100-PCIE-16GB,llama-1b,meta-llama/Llama-3.2-1B-Instruct,bfloat16,2026-08-02T08:51:45,load,96,2.511175623163581,0,
V100,Tesla V100-PCIE-16GB,llama-1b,meta-llama/Llama-3.2-1B-Instruct,bfloat16,2026-08-02T08:51:45,load,97,2.543127912096679,0,
V100,Tesla V100-PCIE-16GB,llama-1b,meta-llama/Llama-3.2-1B-Instruct,bfloat16,2026-08-02T08:51:45,load,98,2.7707687318325043,0,
V100,Tesla V100-PCIE-16GB,llama-1b,meta-llama/Llama-3.2-1B-Instruct,bfloat16,2026-08-02T08:51:45,load,99,2.531932258978486,0,
V100,Tesla V100-PCIE-16GB,llama-1b,meta-llama/Llama-3.2-1B-Instruct,bfloat16,2026-08-02T08:51:45,inference,0,0.6344063351862133,24,
V100,Tesla V100-PCIE-16GB,llama-1b,meta-llama/Llama-3.2-1B-Instruct,bfloat16,2026-08-02T08:51:45,inference,1,0.6324064047075808,24,
V100,Tesla V100-PCIE-16GB,llama-1b,meta-llama/Llama-3.2-1B-Instruct,bfloat16,2026-08-02T08:51:45,inference,2,0.6329710688441992,24,
V100,Tesla V100-PCIE-16GB,llama-1b,meta-llama/Llama-3.2-1B-Instruct,bfloat16,2026-08-02T08:51:45,inference,3,0.6328049041330814,24,
V100,Tesla V100-PCIE-16GB,llama-1b,meta-llama/Llama-3.2-1B-Instruct,bfloat16,2026-08-02T08:51:45,inference,4,0.6330119050107896,24,
V100,Tesla V100-PCIE-16GB,llama-1b,meta-llama/Llama-3.2-1B-Instruct,bfloat16,2026-08-02T08:51:45,inference,5,0.6324848788790405,24,
V100,Tesla V100-PCIE-16GB,llama-1b,meta-llama/Llama-3.2-1B-Instruct,bfloat16,2026-08-02T08:51:45,inference,6,0.6325573450885713,24,
V100,Tesla V100-PCIE-16GB,llama-1b,meta-llama/Llama-3.2-1B-Instruct,bfloat16,2026-08-02T08:51:45,inference,7,0.6325045190751553,24,
V100,Tesla V100-PCIE-16GB,llama-1b,meta-llama/Llama-3.2-1B-Instruct,bfloat16,2026-08-02T08:51:45,inference,8,0.6324362503364682,24,
V100,Tesla V100-PCIE-16GB,llama-1b,meta-llama/Llama-3.2-1B-Instruct,bfloat16,2026-08-02T08:51:45,inference,9,0.6333176670596004,24,
V100,Tesla V100-PCIE-16GB,llama-1b,meta-llama/Llama-3.2-1B-Instruct,bfloat16,2026-08-02T08:51:45,inference,10,0.6324728480540216,24,
V100,Tesla V100-PCIE-16GB,llama-1b,meta-llama/Llama-3.2-1B-Instruct,bfloat16,2026-08-02T08:51:45,inference,11,0.6327395681291819,24,
V100,Tesla V100-PCIE-16GB,llama-1b,meta-llama/Llama-3.2-1B-Instruct,bfloat16,2026-08-02T08:51:45,inference,12,0.631935081910342,24,
V100,Tesla V100-PCIE-16GB,llama-1b,meta-llama/Llama-3.2-1B-Instruct,bfloat16,2026-08-02T08:51:45,inference,13,0.6327227829024196,24,
V100,Tesla V100-PCIE-16GB,llama-1b,meta-llama/Llama-3.2-1B-Instruct,bfloat16,2026-08-02T08:51:45,inference,14,0.6320491516962647,24,
V100,Tesla V100-PCIE-16GB,llama-1b,meta-llama/Llama-3.2-1B-Instruct,bfloat16,2026-08-02T08:51:45,inference,15,0.6314663179218769,24,
V100,Tesla V100-PCIE-16GB,llama-1b,meta-llama/Llama-3.2-1B-Instruct,bfloat16,2026-08-02T08:51:45,inference,16,0.632625768892467,24,
V100,Tesla V100-PCIE-16GB,llama-1b,meta-llama/Llama-3.2-1B-Instruct,bfloat16,2026-08-02T08:51:45,inference,17,0.6344566899351776,24,
V100,Tesla V100-PCIE-16GB,llama-1b,meta-llama/Llama-3.2-1B-Instruct,bfloat16,2026-08-02T08:51:45,inference,18,0.631956054829061,24,
V100,Tesla V100-PCIE-16GB,llama-1b,meta-llama/Llama-3.2-1B-Instruct,bfloat16,2026-08-02T08:51:45,inference,19,0.6321465261280537,24,
V100,Tesla V100-PCIE-16GB,llama-1b,meta-llama/Llama-3.2-1B-Instruct,bfloat16,2026-08-02T08:51:45,inference,20,0.6321965558454394,24,
V100,Tesla V100-PCIE-16GB,llama-1b,meta-llama/Llama-3.2-1B-Instruct,bfloat16,2026-08-02T08:51:45,inference,21,0.6320734173059464,24,
V100,Tesla V100-PCIE-16GB,llama-1b,meta-llama/Llama-3.2-1B-Instruct,bfloat16,2026-08-02T08:51:45,inference,22,0.6344097121618688,24,
V100,Tesla V100-PCIE-16GB,llama-1b,meta-llama/Llama-3.2-1B-Instruct,bfloat16,2026-08-02T08:51:45,inference,23,0.6480750809423625,24,
V100,Tesla V100-PCIE-16GB,llama-1b,meta-llama/Llama-3.2-1B-Instruct,bfloat16,2026-08-02T08:51:45,inference,24,0.6322831930592656,24,
V100,Tesla V100-PCIE-16GB,llama-1b,meta-llama/Llama-3.2-1B-Instruct,bfloat16,2026-08-02T08:51:45,inference,25,0.6333656730130315,24,
V100,Tesla V100-PCIE-16GB,llama-1b,meta-llama/Llama-3.2-1B-Instruct,bfloat16,2026-08-02T08:51:45,inference,26,0.6317457612603903,24,
V100,Tesla V100-PCIE-16GB,llama-1b,meta-llama/Llama-3.2-1B-Instruct,bfloat16,2026-08-02T08:51:45,inference,27,0.6319015431217849,24,
V100,Tesla V100-PCIE-16GB,llama-1b,meta-llama/Llama-3.2-1B-Instruct,bfloat16,2026-08-02T08:51:45,inference,28,0.6320025152526796,24,
V100,Tesla V100-PCIE-16GB,llama-1b,meta-llama/Llama-3.2-1B-Instruct,bfloat16,2026-08-02T08:51:45,inference,29,0.632639882620424,24,
V100,Tesla V100-PCIE-16GB,llama-1b,meta-llama/Llama-3.2-1B-Instruct,bfloat16,2026-08-02T08:51:45,inference,30,0.6322418749332428,24,
V100,Tesla V100-PCIE-16GB,llama-1b,meta-llama/Llama-3.2-1B-Instruct,bfloat16,2026-08-02T08:51:45,inference,31,0.6322199879214168,24,
V100,Tesla V100-PCIE-16GB,llama-1b,meta-llama/Llama-3.2-1B-Instruct,bfloat16,2026-08-02T08:51:45,inference,32,0.6321982913650572,24,
V100,Tesla V100-PCIE-16GB,llama-1b,meta-llama/Llama-3.2-1B-Instruct,bfloat16,2026-08-02T08:51:45,inference,33,0.6321687810122967,24,
V100,Tesla V100-PCIE-16GB,llama-1b,meta-llama/Llama-3.2-1B-Instruct,bfloat16,2026-08-02T08:51:45,inference,34,0.6314117070287466,24,
V100,Tesla V100-PCIE-16GB,llama-1b,meta-llama/Llama-3.2-1B-Instruct,bfloat16,2026-08-02T08:51:45,inference,35,0.6349970703013241,24,
V100,Tesla V100-PCIE-16GB,llama-1b,meta-llama/Llama-3.2-1B-Instruct,bfloat16,2026-08-02T08:51:45,inference,36,0.6322353291325271,24,
V100,Tesla V100-PCIE-16GB,llama-1b,meta-llama/Llama-3.2-1B-Instruct,bfloat16,2026-08-02T08:51:45,inference,37,0.6317132231779397,24,
V100,Tesla V100-PCIE-16GB,llama-1b,meta-llama/Llama-3.2-1B-Instruct,bfloat16,2026-08-02T08:51:45,inference,38,0.6321542682126164,24,
V100,Tesla V100-PCIE-16GB,llama-1b,meta-llama/Llama-3.2-1B-Instruct,bfloat16,2026-08-02T08:51:45,inference,39,0.6318749710917473,24,
V100,Tesla V100-PCIE-16GB,llama-1b,meta-llama/Llama-3.2-1B-Instruct,bfloat16,2026-08-02T08:51:45,inference,40,0.632298668846488,24,
V100,Tesla V100-PCIE-16GB,llama-1b,meta-llama/Llama-3.2-1B-Instruct,bfloat16,2026-08-02T08:51:45,inference,41,0.6321520702913404,24,
V100,Tesla V100-PCIE-16GB,llama-1b,meta-llama/Llama-3.2-1B-Instruct,bfloat16,2026-08-02T08:51:45,inference,42,0.6319791851565242,24,
V100,Tesla V100-PCIE-16GB,llama-1b,meta-llama/Llama-3.2-1B-Instruct,bfloat16,2026-08-02T08:51:45,inference,43,0.6319445129483938,24,
V100,Tesla V100-PCIE-16GB,llama-1b,meta-llama/Llama-3.2-1B-Instruct,bfloat16,2026-08-02T08:51:45,inference,44,0.6317326771095395,24,
V100,Tesla V100-PCIE-16GB,llama-1b,meta-llama/Llama-3.2-1B-Instruct,bfloat16,2026-08-02T08:51:45,inference,45,0.6317150979302824,24,
V100,Tesla V100-PCIE-16GB,llama-1b,meta-llama/Llama-3.2-1B-Instruct,bfloat16,2026-08-02T08:51:45,inference,46,0.632365255150944,24,
V100,Tesla V100-PCIE-16GB,llama-1b,meta-llama/Llama-3.2-1B-Instruct,bfloat16,2026-08-02T08:51:45,inference,47,0.6478207218460739,24,
V100,Tesla V100-PCIE-16GB,llama-1b,meta-llama/Llama-3.2-1B-Instruct,bfloat16,2026-08-02T08:51:45,inference,48,0.6323513309471309,24,
V100,Tesla V100-PCIE-16GB,llama-1b,meta-llama/Llama-3.2-1B-Instruct,bfloat16,2026-08-02T08:51:45,inference,49,0.6320221638306975,24,
V100,Tesla V100-PCIE-16GB,llama-1b,meta-llama/Llama-3.2-1B-Instruct,bfloat16,2026-08-02T08:51:45,inference,50,0.6323974840342999,24,
V100,Tesla V100-PCIE-16GB,llama-1b,meta-llama/Llama-3.2-1B-Instruct,bfloat16,2026-08-02T08:51:45,inference,51,0.6326040546409786,24,
V100,Tesla V100-PCIE-16GB,llama-1b,meta-llama/Llama-3.2-1B-Instruct,bfloat16,2026-08-02T08:51:45,inference,52,0.6326759019866586,24,
V100,Tesla V100-PCIE-16GB,llama-1b,meta-llama/Llama-3.2-1B-Instruct,bfloat16,2026-08-02T08:51:45,inference,53,0.6323057841509581,24,
V100,Tesla V100-PCIE-16GB,llama-1b,meta-llama/Llama-3.2-1B-Instruct,bfloat16,2026-08-02T08:51:45,inference,54,0.6332135270349681,24,
V100,Tesla V100-PCIE-16GB,llama-1b,meta-llama/Llama-3.2-1B-Instruct,bfloat16,2026-08-02T08:51:45,inference,55,0.6322215250693262,24,
V100,Tesla V100-PCIE-16GB,llama-1b,meta-llama/Llama-3.2-1B-Instruct,bfloat16,2026-08-02T08:51:45,inference,56,0.6324623920954764,24,
V100,Tesla V100-PCIE-16GB,llama-1b,meta-llama/Llama-3.2-1B-Instruct,bfloat16,2026-08-02T08:51:45,inference,57,0.6321085342206061,24,
V100,Tesla V100-PCIE-16GB,llama-1b,meta-llama/Llama-3.2-1B-Instruct,bfloat16,2026-08-02T08:51:45,inference,58,0.6315313288941979,24,
V100,Tesla V100-PCIE-16GB,llama-1b,meta-llama/Llama-3.2-1B-Instruct,bfloat16,2026-08-02T08:51:45,inference,59,0.6330824070610106,24,
V100,Tesla V100-PCIE-16GB,llama-1b,meta-llama/Llama-3.2-1B-Instruct,bfloat16,2026-08-02T08:51:45,inference,60,0.634185723029077,24,
V100,Tesla V100-PCIE-16GB,llama-1b,meta-llama/Llama-3.2-1B-Instruct,bfloat16,2026-08-02T08:51:45,inference,61,0.6334429099224508,24,
V100,Tesla V100-PCIE-16GB,llama-1b,meta-llama/Llama-3.2-1B-Instruct,bfloat16,2026-08-02T08:51:45,inference,62,0.6333618820644915,24,
V100,Tesla V100-PCIE-16GB,llama-1b,meta-llama/Llama-3.2-1B-Instruct,bfloat16,2026-08-02T08:51:45,inference,63,0.6343321981839836,24,
V100,Tesla V100-PCIE-16GB,llama-1b,meta-llama/Llama-3.2-1B-Instruct,bfloat16,2026-08-02T08:51:45,inference,64,0.634114664979279,24,
V100,Tesla V100-PCIE-16GB,llama-1b,meta-llama/Llama-3.2-1B-Instruct,bfloat16,2026-08-02T08:51:45,inference,65,0.63311826903373,24,
V100,Tesla V100-PCIE-16GB,llama-1b,meta-llama/Llama-3.2-1B-Instruct,bfloat16,2026-08-02T08:51:45,inference,66,0.6335016069933772,24,
V100,Tesla V100-PCIE-16GB,llama-1b,meta-llama/Llama-3.2-1B-Instruct,bfloat16,2026-08-02T08:51:45,inference,67,0.6342612653970718,24,
V100,Tesla V100-PCIE-16GB,llama-1b,meta-llama/Llama-3.2-1B-Instruct,bfloat16,2026-08-02T08:51:45,inference,68,0.6353483782149851,24,
V100,Tesla V100-PCIE-16GB,llama-1b,meta-llama/Llama-3.2-1B-Instruct,bfloat16,2026-08-02T08:51:45,inference,69,0.6331652826629579,24,
V100,Tesla V100-PCIE-16GB,llama-1b,meta-llama/Llama-3.2-1B-Instruct,bfloat16,2026-08-02T08:51:45,inference,70,0.6370303588919342,24,
V100,Tesla V100-PCIE-16GB,llama-1b,meta-llama/Llama-3.2-1B-Instruct,bfloat16,2026-08-02T08:51:45,inference,71,0.63446158869192,24,
V100,Tesla V100-PCIE-16GB,llama-1b,meta-llama/Llama-3.2-1B-Instruct,bfloat16,2026-08-02T08:51:45,inference,72,0.6416488452814519,24,
V100,Tesla V100-PCIE-16GB,llama-1b,meta-llama/Llama-3.2-1B-Instruct,bfloat16,2026-08-02T08:51:45,inference,73,0.6334301591850817,24,
V100,Tesla V100-PCIE-16GB,llama-1b,meta-llama/Llama-3.2-1B-Instruct,bfloat16,2026-08-02T08:51:45,inference,74,0.6338803791441023,24,
V100,Tesla V100-PCIE-16GB,llama-1b,meta-llama/Llama-3.2-1B-Instruct,bfloat16,2026-08-02T08:51:45,inference,75,0.6327616800554097,24,
V100,Tesla V100-PCIE-16GB,llama-1b,meta-llama/Llama-3.2-1B-Instruct,bfloat16,2026-08-02T08:51:45,inference,76,0.6332298410125077,24,
V100,Tesla V100-PCIE-16GB,llama-1b,meta-llama/Llama-3.2-1B-Instruct,bfloat16,2026-08-02T08:51:45,inference,77,0.6328821880742908,24,
V100,Tesla V100-PCIE-16GB,llama-1b,meta-llama/Llama-3.2-1B-Instruct,bfloat16,2026-08-02T08:51:45,inference,78,0.6327971341088414,24,
V100,Tesla V100-PCIE-16GB,llama-1b,meta-llama/Llama-3.2-1B-Instruct,bfloat16,2026-08-02T08:51:45,inference,79,0.6342816748656332,24,
V100,Tesla V100-PCIE-16GB,llama-1b,meta-llama/Llama-3.2-1B-Instruct,bfloat16,2026-08-02T08:51:45,inference,80,0.6328666592016816,24,
V100,Tesla V100-PCIE-16GB,llama-1b,meta-llama/Llama-3.2-1B-Instruct,bfloat16,2026-08-02T08:51:45,inference,81,0.6330690472386777,24,
V100,Tesla V100-PCIE-16GB,llama-1b,meta-llama/Llama-3.2-1B-Instruct,bfloat16,2026-08-02T08:51:45,inference,82,0.6330572441220284,24,
V100,Tesla V100-PCIE-16GB,llama-1b,meta-llama/Llama-3.2-1B-Instruct,bfloat16,2026-08-02T08:51:45,inference,83,0.6329774330370128,24,
V100,Tesla V100-PCIE-16GB,llama-1b,meta-llama/Llama-3.2-1B-Instruct,bfloat16,2026-08-02T08:51:45,inference,84,0.6339135700836778,24,
V100,Tesla V100-PCIE-16GB,llama-1b,meta-llama/Llama-3.2-1B-Instruct,bfloat16,2026-08-02T08:51:45,inference,85,0.6329554948024452,24,
V100,Tesla V100-PCIE-16GB,llama-1b,meta-llama/Llama-3.2-1B-Instruct,bfloat16,2026-08-02T08:51:45,inference,86,0.633406070061028,24,
V100,Tesla V100-PCIE-16GB,llama-1b,meta-llama/Llama-3.2-1B-Instruct,bfloat16,2026-08-02T08:51:45,inference,87,0.632809585891664,24,
V100,Tesla V100-PCIE-16GB,llama-1b,meta-llama/Llama-3.2-1B-Instruct,bfloat16,2026-08-02T08:51:45,inference,88,0.6322811478748918,24,
V100,Tesla V100-PCIE-16GB,llama-1b,meta-llama/Llama-3.2-1B-Instruct,bfloat16,2026-08-02T08:51:45,inference,89,0.6327020181342959,24,
V100,Tesla V100-PCIE-16GB,llama-1b,meta-llama/Llama-3.2-1B-Instruct,bfloat16,2026-08-02T08:51:45,inference,90,0.6321831671521068,24,
V100,Tesla V100-PCIE-16GB,llama-1b,meta-llama/Llama-3.2-1B-Instruct,bfloat16,2026-08-02T08:51:45,inference,91,0.6312538110651076,24,
V100,Tesla V100-PCIE-16GB,llama-1b,meta-llama/Llama-3.2-1B-Instruct,bfloat16,2026-08-02T08:51:45,inference,92,0.632832677103579,24,
V100,Tesla V100-PCIE-16GB,llama-1b,meta-llama/Llama-3.2-1B-Instruct,bfloat16,2026-08-02T08:51:45,inference,93,0.6330570350401103,24,
V100,Tesla V100-PCIE-16GB,llama-1b,meta-llama/Llama-3.2-1B-Instruct,bfloat16,2026-08-02T08:51:45,inference,94,0.6355282538570464,24,
V100,Tesla V100-PCIE-16GB,llama-1b,meta-llama/Llama-3.2-1B-Instruct,bfloat16,2026-08-02T08:51:45,inference,95,0.6329622818157077,24,
V100,Tesla V100-PCIE-16GB,llama-1b,meta-llama/Llama-3.2-1B-Instruct,bfloat16,2026-08-02T08:51:45,inference,96,0.63308076094836,24,
V100,Tesla V100-PCIE-16GB,llama-1b,meta-llama/Llama-3.2-1B-Instruct,bfloat16,2026-08-02T08:51:45,inference,97,0.6323604523204267,24,
V100,Tesla V100-PCIE-16GB,llama-1b,meta-llama/Llama-3.2-1B-Instruct,bfloat16,2026-08-02T08:51:45,inference,98,0.6323440028354526,24,
V100,Tesla V100-PCIE-16GB,llama-1b,meta-llama/Llama-3.2-1B-Instruct,bfloat16,2026-08-02T08:51:45,inference,99,0.6321046920493245,24,
V100,Tesla V100-PCIE-16GB,llama-3b,meta-llama/Llama-3.2-3B-Instruct,bfloat16,2026-08-02T08:51:45,load,0,4.7406315128318965,0,
V100,Tesla V100-PCIE-16GB,llama-3b,meta-llama/Llama-3.2-3B-Instruct,bfloat16,2026-08-02T08:51:45,load,1,4.493136771954596,0,
V100,Tesla V100-PCIE-16GB,llama-3b,meta-llama/Llama-3.2-3B-Instruct,bfloat16,2026-08-02T08:51:45,load,2,4.44848924735561,0,
V100,Tesla V100-PCIE-16GB,llama-3b,meta-llama/Llama-3.2-3B-Instruct,bfloat16,2026-08-02T08:51:45,load,3,4.447565431240946,0,
V100,Tesla V100-PCIE-16GB,llama-3b,meta-llama/Llama-3.2-3B-Instruct,bfloat16,2026-08-02T08:51:45,load,4,4.689812076743692,0,
V100,Tesla V100-PCIE-16GB,llama-3b,meta-llama/Llama-3.2-3B-Instruct,bfloat16,2026-08-02T08:51:45,load,5,4.77119000069797,0,
V100,Tesla V100-PCIE-16GB,llama-3b,meta-llama/Llama-3.2-3B-Instruct,bfloat16,2026-08-02T08:51:45,load,6,4.735139784403145,0,
V100,Tesla V100-PCIE-16GB,llama-3b,meta-llama/Llama-3.2-3B-Instruct,bfloat16,2026-08-02T08:51:45,load,7,4.662964515853673,0,
V100,Tesla V100-PCIE-16GB,llama-3b,meta-llama/Llama-3.2-3B-Instruct,bfloat16,2026-08-02T08:51:45,load,8,4.667411852162331,0,
V100,Tesla V100-PCIE-16GB,llama-3b,meta-llama/Llama-3.2-3B-Instruct,bfloat16,2026-08-02T08:51:45,load,9,4.53004303900525,0,
V100,Tesla V100-PCIE-16GB,llama-3b,meta-llama/Llama-3.2-3B-Instruct,bfloat16,2026-08-02T08:51:45,load,10,4.467797860037535,0,
V100,Tesla V100-PCIE-16GB,llama-3b,meta-llama/Llama-3.2-3B-Instruct,bfloat16,2026-08-02T08:51:45,load,11,4.474850005004555,0,
V100,Tesla V100-PCIE-16GB,llama-3b,meta-llama/Llama-3.2-3B-Instruct,bfloat16,2026-08-02T08:51:45,load,12,4.444575366098434,0,
V100,Tesla V100-PCIE-16GB,llama-3b,meta-llama/Llama-3.2-3B-Instruct,bfloat16,2026-08-02T08:51:45,load,13,4.368549928069115,0,
V100,Tesla V100-PCIE-16GB,llama-3b,meta-llama/Llama-3.2-3B-Instruct,bfloat16,2026-08-02T08:51:45,load,14,4.386289289686829,0,
V100,Tesla V100-PCIE-16GB,llama-3b,meta-llama/Llama-3.2-3B-Instruct,bfloat16,2026-08-02T08:51:45,load,15,4.493155041709542,0,
V100,Tesla V100-PCIE-16GB,llama-3b,meta-llama/Llama-3.2-3B-Instruct,bfloat16,2026-08-02T08:51:45,load,16,4.491103065665811,0,
V100,Tesla V100-PCIE-16GB,llama-3b,meta-llama/Llama-3.2-3B-Instruct,bfloat16,2026-08-02T08:51:45,load,17,4.470453170593828,0,
V100,Tesla V100-PCIE-16GB,llama-3b,meta-llama/Llama-3.2-3B-Instruct,bfloat16,2026-08-02T08:51:45,load,18,4.6873848042450845,0,
V100,Tesla V100-PCIE-16GB,llama-3b,meta-llama/Llama-3.2-3B-Instruct,bfloat16,2026-08-02T08:51:45,load,19,4.39698561001569,0,
V100,Tesla V100-PCIE-16GB,llama-3b,meta-llama/Llama-3.2-3B-Instruct,bfloat16,2026-08-02T08:51:45,load,20,6.257458949927241,0,
V100,Tesla V100-PCIE-16GB,llama-3b,meta-llama/Llama-3.2-3B-Instruct,bfloat16,2026-08-02T08:51:45,load,21,4.474189369939268,0,
V100,Tesla V100-PCIE-16GB,llama-3b,meta-llama/Llama-3.2-3B-Instruct,bfloat16,2026-08-02T08:51:45,load,22,4.534773210063577,0,
V100,Tesla V100-PCIE-16GB,llama-3b,meta-llama/Llama-3.2-3B-Instruct,bfloat16,2026-08-02T08:51:45,load,23,4.492261847946793,0,
V100,Tesla V100-PCIE-16GB,llama-3b,meta-llama/Llama-3.2-3B-Instruct,bfloat16,2026-08-02T08:51:45,load,24,4.401865805964917,0,
V100,Tesla V100-PCIE-16GB,llama-3b,meta-llama/Llama-3.2-3B-Instruct,bfloat16,2026-08-02T08:51:45,load,25,4.3606059779413044,0,
V100,Tesla V100-PCIE-16GB,llama-3b,meta-llama/Llama-3.2-3B-Instruct,bfloat16,2026-08-02T08:51:45,load,26,4.429437836166471,0,
V100,Tesla V100-PCIE-16GB,llama-3b,meta-llama/Llama-3.2-3B-Instruct,bfloat16,2026-08-02T08:51:45,load,27,4.4557706862688065,0,
V100,Tesla V100-PCIE-16GB,llama-3b,meta-llama/Llama-3.2-3B-Instruct,bfloat16,2026-08-02T08:51:45,load,28,4.426689133048058,0,
V100,Tesla V100-PCIE-16GB,llama-3b,meta-llama/Llama-3.2-3B-Instruct,bfloat16,2026-08-02T08:51:45,load,29,4.335494919214398,0,
V100,Tesla V100-PCIE-16GB,llama-3b,meta-llama/Llama-3.2-3B-Instruct,bfloat16,2026-08-02T08:51:45,load,30,4.342635607812554,0,
V100,Tesla V100-PCIE-16GB,llama-3b,meta-llama/Llama-3.2-3B-Instruct,bfloat16,2026-08-02T08:51:45,load,31,4.457259095739573,0,
V100,Tesla V100-PCIE-16GB,llama-3b,meta-llama/Llama-3.2-3B-Instruct,bfloat16,2026-08-02T08:51:45,load,32,4.4444002863019705,0,
V100,Tesla V100-PCIE-16GB,llama-3b,meta-llama/Llama-3.2-3B-Instruct,bfloat16,2026-08-02T08:51:45,load,33,4.340102721937001,0,
V100,Tesla V100-PCIE-16GB,llama-3b,meta-llama/Llama-3.2-3B-Instruct,bfloat16,2026-08-02T08:51:45,load,34,4.5524652362801135,0,
V100,Tesla V100-PCIE-16GB,llama-3b,meta-llama/Llama-3.2-3B-Instruct,bfloat16,2026-08-02T08:51:45,load,35,4.34707708330825,0,
V100,Tesla V100-PCIE-16GB,llama-3b,meta-llama/Llama-3.2-3B-Instruct,bfloat16,2026-08-02T08:51:45,load,36,4.462049277033657,0,
V100,Tesla V100-PCIE-16GB,llama-3b,meta-llama/Llama-3.2-3B-Instruct,bfloat16,2026-08-02T08:51:45,load,37,4.364614644087851,0,
V100,Tesla V100-PCIE-16GB,llama-3b,meta-llama/Llama-3.2-3B-Instruct,bfloat16,2026-08-02T08:51:45,load,38,6.191064021084458,0,
V100,Tesla V100-PCIE-16GB,llama-3b,meta-llama/Llama-3.2-3B-Instruct,bfloat16,2026-08-02T08:51:45,load,39,4.4279236127622426,0,
V100,Tesla V100-PCIE-16GB,llama-3b,meta-llama/Llama-3.2-3B-Instruct,bfloat16,2026-08-02T08:51:45,load,40,4.3489716299809515,0,
V100,Tesla V100-PCIE-16GB,llama-3b,meta-llama/Llama-3.2-3B-Instruct,bfloat16,2026-08-02T08:51:45,load,41,4.375983295030892,0,
V100,Tesla V100-PCIE-16GB,llama-3b,meta-llama/Llama-3.2-3B-Instruct,bfloat16,2026-08-02T08:51:45,load,42,4.34671455482021,0,
V100,Tesla V100-PCIE-16GB,llama-3b,meta-llama/Llama-3.2-3B-Instruct,bfloat16,2026-08-02T08:51:45,load,43,4.340764240827411,0,
V100,Tesla V100-PCIE-16GB,llama-3b,meta-llama/Llama-3.2-3B-Instruct,bfloat16,2026-08-02T08:51:45,load,44,4.376041747163981,0,
V100,Tesla V100-PCIE-16GB,llama-3b,meta-llama/Llama-3.2-3B-Instruct,bfloat16,2026-08-02T08:51:45,load,45,4.34530146420002,0,
V100,Tesla V100-PCIE-16GB,llama-3b,meta-llama/Llama-3.2-3B-Instruct,bfloat16,2026-08-02T08:51:45,load,46,4.412999884225428,0,
V100,Tesla V100-PCIE-16GB,llama-3b,meta-llama/Llama-3.2-3B-Instruct,bfloat16,2026-08-02T08:51:45,load,47,4.394544458016753,0,
V100,Tesla V100-PCIE-16GB,llama-3b,meta-llama/Llama-3.2-3B-Instruct,bfloat16,2026-08-02T08:51:45,load,48,4.320304496213794,0,
V100,Tesla V100-PCIE-16GB,llama-3b,meta-llama/Llama-3.2-3B-Instruct,bfloat16,2026-08-02T08:51:45,load,49,4.367026777006686,0,
V100,Tesla V100-PCIE-16GB,llama-3b,meta-llama/Llama-3.2-3B-Instruct,bfloat16,2026-08-02T08:51:45,load,50,4.672217583749443,0,
V100,Tesla V100-PCIE-16GB,llama-3b,meta-llama/Llama-3.2-3B-Instruct,bfloat16,2026-08-02T08:51:45,load,51,4.444040482863784,0,
V100,Tesla V100-PCIE-16GB,llama-3b,meta-llama/Llama-3.2-3B-Instruct,bfloat16,2026-08-02T08:51:45,load,52,4.353572410065681,0,
V100,Tesla V100-PCIE-16GB,llama-3b,meta-llama/Llama-3.2-3B-Instruct,bfloat16,2026-08-02T08:51:45,load,53,4.392242255154997,0,
V100,Tesla V100-PCIE-16GB,llama-3b,meta-llama/Llama-3.2-3B-Instruct,bfloat16,2026-08-02T08:51:45,load,54,4.327383190393448,0,
V100,Tesla V100-PCIE-16GB,llama-3b,meta-llama/Llama-3.2-3B-Instruct,bfloat16,2026-08-02T08:51:45,load,55,4.46524485014379,0,
V100,Tesla V100-PCIE-16GB,llama-3b,meta-llama/Llama-3.2-3B-Instruct,bfloat16,2026-08-02T08:51:45,load,56,4.350614354014397,0,
V100,Tesla V100-PCIE-16GB,llama-3b,meta-llama/Llama-3.2-3B-Instruct,bfloat16,2026-08-02T08:51:45,load,57,4.332888715900481,0,
V100,Tesla V100-PCIE-16GB,llama-3b,meta-llama/Llama-3.2-3B-Instruct,bfloat16,2026-08-02T08:51:45,load,58,4.371542069129646,0,
V100,Tesla V100-PCIE-16GB,llama-3b,meta-llama/Llama-3.2-3B-Instruct,bfloat16,2026-08-02T08:51:45,load,59,4.451038994360715,0,
V100,Tesla V100-PCIE-16GB,llama-3b,meta-llama/Llama-3.2-3B-Instruct,bfloat16,2026-08-02T08:51:45,load,60,4.3958573010750115,0,
V100,Tesla V100-PCIE-16GB,llama-3b,meta-llama/Llama-3.2-3B-Instruct,bfloat16,2026-08-02T08:51:45,load,61,4.3462465181946754,0,
V100,Tesla V100-PCIE-16GB,llama-3b,meta-llama/Llama-3.2-3B-Instruct,bfloat16,2026-08-02T08:51:45,load,62,4.366366406902671,0,
V100,Tesla V100-PCIE-16GB,llama-3b,meta-llama/Llama-3.2-3B-Instruct,bfloat16,2026-08-02T08:51:45,load,63,4.440277750138193,0,
V100,Tesla V100-PCIE-16GB,llama-3b,meta-llama/Llama-3.2-3B-Instruct,bfloat16,2026-08-02T08:51:45,load,64,4.46538953576237,0,
V100,Tesla V100-PCIE-16GB,llama-3b,meta-llama/Llama-3.2-3B-Instruct,bfloat16,2026-08-02T08:51:45,load,65,4.436668914742768,0,
V100,Tesla V100-PCIE-16GB,llama-3b,meta-llama/Llama-3.2-3B-Instruct,bfloat16,2026-08-02T08:51:45,load,66,4.327939846087247,0,
V100,Tesla V100-PCIE-16GB,llama-3b,meta-llama/Llama-3.2-3B-Instruct,bfloat16,2026-08-02T08:51:45,load,67,4.661423143930733,0,
V100,Tesla V100-PCIE-16GB,llama-3b,meta-llama/Llama-3.2-3B-Instruct,bfloat16,2026-08-02T08:51:45,load,68,4.400801316834986,0,
V100,Tesla V100-PCIE-16GB,llama-3b,meta-llama/Llama-3.2-3B-Instruct,bfloat16,2026-08-02T08:51:45,load,69,4.430559079628438,0,
V100,Tesla V100-PCIE-16GB,llama-3b,meta-llama/Llama-3.2-3B-Instruct,bfloat16,2026-08-02T08:51:45,load,70,4.358000198379159,0,
V100,Tesla V100-PCIE-16GB,llama-3b,meta-llama/Llama-3.2-3B-Instruct,bfloat16,2026-08-02T08:51:45,load,71,4.306882368866354,0,
V100,Tesla V100-PCIE-16GB,llama-3b,meta-llama/Llama-3.2-3B-Instruct,bfloat16,2026-08-02T08:51:45,load,72,4.460617650765926,0,
V100,Tesla V100-PCIE-16GB,llama-3b,meta-llama/Llama-3.2-3B-Instruct,bfloat16,2026-08-02T08:51:45,load,73,4.413464313838631,0,
V100,Tesla V100-PCIE-16GB,llama-3b,meta-llama/Llama-3.2-3B-Instruct,bfloat16,2026-08-02T08:51:45,load,74,4.364396757911891,0,
V100,Tesla V100-PCIE-16GB,llama-3b,meta-llama/Llama-3.2-3B-Instruct,bfloat16,2026-08-02T08:51:45,load,75,4.693000375293195,0,
V100,Tesla V100-PCIE-16GB,llama-3b,meta-llama/Llama-3.2-3B-Instruct,bfloat16,2026-08-02T08:51:45,load,76,4.439648536965251,0,
V100,Tesla V100-PCIE-16GB,llama-3b,meta-llama/Llama-3.2-3B-Instruct,bfloat16,2026-08-02T08:51:45,load,77,4.477719691116363,0,
V100,Tesla V100-PCIE-16GB,llama-3b,meta-llama/Llama-3.2-3B-Instruct,bfloat16,2026-08-02T08:51:45,load,78,4.470509166363627,0,
V100,Tesla V100-PCIE-16GB,llama-3b,meta-llama/Llama-3.2-3B-Instruct,bfloat16,2026-08-02T08:51:45,load,79,4.404398682061583,0,
V100,Tesla V100-PCIE-16GB,llama-3b,meta-llama/Llama-3.2-3B-Instruct,bfloat16,2026-08-02T08:51:45,load,80,4.3523473450914025,0,
V100,Tesla V100-PCIE-16GB,llama-3b,meta-llama/Llama-3.2-3B-Instruct,bfloat16,2026-08-02T08:51:45,load,81,4.435021616052836,0,
V100,Tesla V100-PCIE-16GB,llama-3b,meta-llama/Llama-3.2-3B-Instruct,bfloat16,2026-08-02T08:51:45,load,82,4.461272981949151,0,
V100,Tesla V100-PCIE-16GB,llama-3b,meta-llama/Llama-3.2-3B-Instruct,bfloat16,2026-08-02T08:51:45,load,83,4.368846958037466,0,
V100,Tesla V100-PCIE-16GB,llama-3b,meta-llama/Llama-3.2-3B-Instruct,bfloat16,2026-08-02T08:51:45,load,84,4.3690183740109205,0,
V100,Tesla V100-PCIE-16GB,llama-3b,meta-llama/Llama-3.2-3B-Instruct,bfloat16,2026-08-02T08:51:45,load,85,4.383920059073716,0,
V100,Tesla V100-PCIE-16GB,llama-3b,meta-llama/Llama-3.2-3B-Instruct,bfloat16,2026-08-02T08:51:45,load,86,4.437005212996155,0,
V100,Tesla V100-PCIE-16GB,llama-3b,meta-llama/Llama-3.2-3B-Instruct,bfloat16,2026-08-02T08:51:45,load,87,4.386387932114303,0,
V100,Tesla V100-PCIE-16GB,llama-3b,meta-llama/Llama-3.2-3B-Instruct,bfloat16,2026-08-02T08:51:45,load,88,4.379420622251928,0,
V100,Tesla V100-PCIE-16GB,llama-3b,meta-llama/Llama-3.2-3B-Instruct,bfloat16,2026-08-02T08:51:45,load,89,4.494484912138432,0,
V100,Tesla V100-PCIE-16GB,llama-3b,meta-llama/Llama-3.2-3B-Instruct,bfloat16,2026-08-02T08:51:45,load,90,4.421705132350326,0,
V100,Tesla V100-PCIE-16GB,llama-3b,meta-llama/Llama-3.2-3B-Instruct,bfloat16,2026-08-02T08:51:45,load,91,4.42725966591388,0,
V100,Tesla V100-PCIE-16GB,llama-3b,meta-llama/Llama-3.2-3B-Instruct,bfloat16,2026-08-02T08:51:45,load,92,4.381354784127325,0,
V100,Tesla V100-PCIE-16GB,llama-3b,meta-llama/Llama-3.2-3B-Instruct,bfloat16,2026-08-02T08:51:45,load,93,4.316190549172461,0,
V100,Tesla V100-PCIE-16GB,llama-3b,meta-llama/Llama-3.2-3B-Instruct,bfloat16,2026-08-02T08:51:45,load,94,4.459592510946095,0,
V100,Tesla V100-PCIE-16GB,llama-3b,meta-llama/Llama-3.2-3B-Instruct,bfloat16,2026-08-02T08:51:45,load,95,4.342104006092995,0,
V100,Tesla V100-PCIE-16GB,llama-3b,meta-llama/Llama-3.2-3B-Instruct,bfloat16,2026-08-02T08:51:45,load,96,4.387786420993507,0,
V100,Tesla V100-PCIE-16GB,llama-3b,meta-llama/Llama-3.2-3B-Instruct,bfloat16,2026-08-02T08:51:45,load,97,4.323822568170726,0,
V100,Tesla V100-PCIE-16GB,llama-3b,meta-llama/Llama-3.2-3B-Instruct,bfloat16,2026-08-02T08:51:45,load,98,4.3378438567742705,0,
V100,Tesla V100-PCIE-16GB,llama-3b,meta-llama/Llama-3.2-3B-Instruct,bfloat16,2026-08-02T08:51:45,load,99,4.321154116187245,0,
V100,Tesla V100-PCIE-16GB,llama-3b,meta-llama/Llama-3.2-3B-Instruct,bfloat16,2026-08-02T08:51:45,inference,0,1.1172786676324904,24,
V100,Tesla V100-PCIE-16GB,llama-3b,meta-llama/Llama-3.2-3B-Instruct,bfloat16,2026-08-02T08:51:45,inference,1,1.1159248109906912,24,
V100,Tesla V100-PCIE-16GB,llama-3b,meta-llama/Llama-3.2-3B-Instruct,bfloat16,2026-08-02T08:51:45,inference,2,1.1150625390000641,24,
V100,Tesla V100-PCIE-16GB,llama-3b,meta-llama/Llama-3.2-3B-Instruct,bfloat16,2026-08-02T08:51:45,inference,3,1.1157887931913137,24,
V100,Tesla V100-PCIE-16GB,llama-3b,meta-llama/Llama-3.2-3B-Instruct,bfloat16,2026-08-02T08:51:45,inference,4,1.1172627010382712,24,
V100,Tesla V100-PCIE-16GB,llama-3b,meta-llama/Llama-3.2-3B-Instruct,bfloat16,2026-08-02T08:51:45,inference,5,1.1161788399331272,24,
V100,Tesla V100-PCIE-16GB,llama-3b,meta-llama/Llama-3.2-3B-Instruct,bfloat16,2026-08-02T08:51:45,inference,6,1.1329786758869886,24,
V100,Tesla V100-PCIE-16GB,llama-3b,meta-llama/Llama-3.2-3B-Instruct,bfloat16,2026-08-02T08:51:45,inference,7,1.1154080349951982,24,
V100,Tesla V100-PCIE-16GB,llama-3b,meta-llama/Llama-3.2-3B-Instruct,bfloat16,2026-08-02T08:51:45,inference,8,1.1155912443064153,24,
V100,Tesla V100-PCIE-16GB,llama-3b,meta-llama/Llama-3.2-3B-Instruct,bfloat16,2026-08-02T08:51:45,inference,9,1.1167649580165744,24,
V100,Tesla V100-PCIE-16GB,llama-3b,meta-llama/Llama-3.2-3B-Instruct,bfloat16,2026-08-02T08:51:45,inference,10,1.1167230349965394,24,
V100,Tesla V100-PCIE-16GB,llama-3b,meta-llama/Llama-3.2-3B-Instruct,bfloat16,2026-08-02T08:51:45,inference,11,1.115768768824637,24,
V100,Tesla V100-PCIE-16GB,llama-3b,meta-llama/Llama-3.2-3B-Instruct,bfloat16,2026-08-02T08:51:45,inference,12,1.1158900381997228,24,
V100,Tesla V100-PCIE-16GB,llama-3b,meta-llama/Llama-3.2-3B-Instruct,bfloat16,2026-08-02T08:51:45,inference,13,1.1157372640445828,24,
V100,Tesla V100-PCIE-16GB,llama-3b,meta-llama/Llama-3.2-3B-Instruct,bfloat16,2026-08-02T08:51:45,inference,14,1.1161910477094352,24,
V100,Tesla V100-PCIE-16GB,llama-3b,meta-llama/Llama-3.2-3B-Instruct,bfloat16,2026-08-02T08:51:45,inference,15,1.1155457869172096,24,
V100,Tesla V100-PCIE-16GB,llama-3b,meta-llama/Llama-3.2-3B-Instruct,bfloat16,2026-08-02T08:51:45,inference,16,1.1152087389491498,24,
V100,Tesla V100-PCIE-16GB,llama-3b,meta-llama/Llama-3.2-3B-Instruct,bfloat16,2026-08-02T08:51:45,inference,17,1.1174848726950586,24,
V100,Tesla V100-PCIE-16GB,llama-3b,meta-llama/Llama-3.2-3B-Instruct,bfloat16,2026-08-02T08:51:45,inference,18,1.1165001899935305,24,
V100,Tesla V100-PCIE-16GB,llama-3b,meta-llama/Llama-3.2-3B-Instruct,bfloat16,2026-08-02T08:51:45,inference,19,1.1317837228998542,24,
V100,Tesla V100-PCIE-16GB,llama-3b,meta-llama/Llama-3.2-3B-Instruct,bfloat16,2026-08-02T08:51:45,inference,20,1.1209061811678112,24,
V100,Tesla V100-PCIE-16GB,llama-3b,meta-llama/Llama-3.2-3B-Instruct,bfloat16,2026-08-02T08:51:45,inference,21,1.1190913510508835,24,
V100,Tesla V100-PCIE-16GB,llama-3b,meta-llama/Llama-3.2-3B-Instruct,bfloat16,2026-08-02T08:51:45,inference,22,1.119023053906858,24,
V100,Tesla V100-PCIE-16GB,llama-3b,meta-llama/Llama-3.2-3B-Instruct,bfloat16,2026-08-02T08:51:45,inference,23,1.118086283095181,24,
V100,Tesla V100-PCIE-16GB,llama-3b,meta-llama/Llama-3.2-3B-Instruct,bfloat16,2026-08-02T08:51:45,inference,24,1.1252812040038407,24,
V100,Tesla V100-PCIE-16GB,llama-3b,meta-llama/Llama-3.2-3B-Instruct,bfloat16,2026-08-02T08:51:45,inference,25,1.1177418120205402,24,
V100,Tesla V100-PCIE-16GB,llama-3b,meta-llama/Llama-3.2-3B-Instruct,bfloat16,2026-08-02T08:51:45,inference,26,1.117863873951137,24,
V100,Tesla V100-PCIE-16GB,llama-3b,meta-llama/Llama-3.2-3B-Instruct,bfloat16,2026-08-02T08:51:45,inference,27,1.118075706064701,24,
V100,Tesla V100-PCIE-16GB,llama-3b,meta-llama/Llama-3.2-3B-Instruct,bfloat16,2026-08-02T08:51:45,inference,28,1.1176275350153446,24,
V100,Tesla V100-PCIE-16GB,llama-3b,meta-llama/Llama-3.2-3B-Instruct,bfloat16,2026-08-02T08:51:45,inference,29,1.1180773084051907,24,
V100,Tesla V100-PCIE-16GB,llama-3b,meta-llama/Llama-3.2-3B-Instruct,bfloat16,2026-08-02T08:51:45,inference,30,1.1171904639340937,24,
V100,Tesla V100-PCIE-16GB,llama-3b,meta-llama/Llama-3.2-3B-Instruct,bfloat16,2026-08-02T08:51:45,inference,31,1.115316517651081,24,
V100,Tesla V100-PCIE-16GB,llama-3b,meta-llama/Llama-3.2-3B-Instruct,bfloat16,2026-08-02T08:51:45,inference,32,1.1157335098832846,24,
V100,Tesla V100-PCIE-16GB,llama-3b,meta-llama/Llama-3.2-3B-Instruct,bfloat16,2026-08-02T08:51:45,inference,33,1.1330627496354282,24,
V100,Tesla V100-PCIE-16GB,llama-3b,meta-llama/Llama-3.2-3B-Instruct,bfloat16,2026-08-02T08:51:45,inference,34,1.1156147420406342,24,
V100,Tesla V100-PCIE-16GB,llama-3b,meta-llama/Llama-3.2-3B-Instruct,bfloat16,2026-08-02T08:51:45,inference,35,1.115997786168009,24,
V100,Tesla V100-PCIE-16GB,llama-3b,meta-llama/Llama-3.2-3B-Instruct,bfloat16,2026-08-02T08:51:45,inference,36,1.115597175899893,24,
V100,Tesla V100-PCIE-16GB,llama-3b,meta-llama/Llama-3.2-3B-Instruct,bfloat16,2026-08-02T08:51:45,inference,37,1.1156158410012722,24,
V100,Tesla V100-PCIE-16GB,llama-3b,meta-llama/Llama-3.2-3B-Instruct,bfloat16,2026-08-02T08:51:45,inference,38,1.1157536641694605,24,
V100,Tesla V100-PCIE-16GB,llama-3b,meta-llama/Llama-3.2-3B-Instruct,bfloat16,2026-08-02T08:51:45,inference,39,1.1201204075478017,24,
V100,Tesla V100-PCIE-16GB,llama-3b,meta-llama/Llama-3.2-3B-Instruct,bfloat16,2026-08-02T08:51:45,inference,40,1.118960396386683,24,
V100,Tesla V100-PCIE-16GB,llama-3b,meta-llama/Llama-3.2-3B-Instruct,bfloat16,2026-08-02T08:51:45,inference,41,1.1176560590974987,24,
V100,Tesla V100-PCIE-16GB,llama-3b,meta-llama/Llama-3.2-3B-Instruct,bfloat16,2026-08-02T08:51:45,inference,42,1.1184973469935358,24,
V100,Tesla V100-PCIE-16GB,llama-3b,meta-llama/Llama-3.2-3B-Instruct,bfloat16,2026-08-02T08:51:45,inference,43,1.1174836591817439,24,
V100,Tesla V100-PCIE-16GB,llama-3b,meta-llama/Llama-3.2-3B-Instruct,bfloat16,2026-08-02T08:51:45,inference,44,1.1170987668447196,24,
V100,Tesla V100-PCIE-16GB,llama-3b,meta-llama/Llama-3.2-3B-Instruct,bfloat16,2026-08-02T08:51:45,inference,45,1.118755578994751,24,
V100,Tesla V100-PCIE-16GB,llama-3b,meta-llama/Llama-3.2-3B-Instruct,bfloat16,2026-08-02T08:51:45,inference,46,1.1360657699406147,24,
V100,Tesla V100-PCIE-16GB,llama-3b,meta-llama/Llama-3.2-3B-Instruct,bfloat16,2026-08-02T08:51:45,inference,47,1.1175231281667948,24,
V100,Tesla V100-PCIE-16GB,llama-3b,meta-llama/Llama-3.2-3B-Instruct,bfloat16,2026-08-02T08:51:45,inference,48,1.1157668340019882,24,
V100,Tesla V100-PCIE-16GB,llama-3b,meta-llama/Llama-3.2-3B-Instruct,bfloat16,2026-08-02T08:51:45,inference,49,1.1159375440329313,24,
V100,Tesla V100-PCIE-16GB,llama-3b,meta-llama/Llama-3.2-3B-Instruct,bfloat16,2026-08-02T08:51:45,inference,50,1.1150986570864916,24,
V100,Tesla V100-PCIE-16GB,llama-3b,meta-llama/Llama-3.2-3B-Instruct,bfloat16,2026-08-02T08:51:45,inference,51,1.1159565430134535,24,
V100,Tesla V100-PCIE-16GB,llama-3b,meta-llama/Llama-3.2-3B-Instruct,bfloat16,2026-08-02T08:51:45,inference,52,1.1154952570796013,24,
V100,Tesla V100-PCIE-16GB,llama-3b,meta-llama/Llama-3.2-3B-Instruct,bfloat16,2026-08-02T08:51:45,inference,53,1.1157771707512438,24,
V100,Tesla V100-PCIE-16GB,llama-3b,meta-llama/Llama-3.2-3B-Instruct,bfloat16,2026-08-02T08:51:45,inference,54,1.1162514756433666,24,
V100,Tesla V100-PCIE-16GB,llama-3b,meta-llama/Llama-3.2-3B-Instruct,bfloat16,2026-08-02T08:51:45,inference,55,1.1168459146283567,24,
V100,Tesla V100-PCIE-16GB,llama-3b,meta-llama/Llama-3.2-3B-Instruct,bfloat16,2026-08-02T08:51:45,inference,56,1.115735444240272,24,
V100,Tesla V100-PCIE-16GB,llama-3b,meta-llama/Llama-3.2-3B-Instruct,bfloat16,2026-08-02T08:51:45,inference,57,1.1183579610660672,24,
V100,Tesla V100-PCIE-16GB,llama-3b,meta-llama/Llama-3.2-3B-Instruct,bfloat16,2026-08-02T08:51:45,inference,58,1.117421269416809,24,
V100,Tesla V100-PCIE-16GB,llama-3b,meta-llama/Llama-3.2-3B-Instruct,bfloat16,2026-08-02T08:51:45,inference,59,1.1180537049658597,24,
V100,Tesla V100-PCIE-16GB,llama-3b,meta-llama/Llama-3.2-3B-Instruct,bfloat16,2026-08-02T08:51:45,inference,60,1.136133864056319,24,
V100,Tesla V100-PCIE-16GB,llama-3b,meta-llama/Llama-3.2-3B-Instruct,bfloat16,2026-08-02T08:51:45,inference,61,1.1176369837485254,24,
V100,Tesla V100-PCIE-16GB,llama-3b,meta-llama/Llama-3.2-3B-Instruct,bfloat16,2026-08-02T08:51:45,inference,62,1.1186331729404628,24,
V100,Tesla V100-PCIE-16GB,llama-3b,meta-llama/Llama-3.2-3B-Instruct,bfloat16,2026-08-02T08:51:45,inference,63,1.1169363530352712,24,
V100,Tesla V100-PCIE-16GB,llama-3b,meta-llama/Llama-3.2-3B-Instruct,bfloat16,2026-08-02T08:51:45,inference,64,1.1176540711894631,24,
V100,Tesla V100-PCIE-16GB,llama-3b,meta-llama/Llama-3.2-3B-Instruct,bfloat16,2026-08-02T08:51:45,inference,65,1.1160775246098638,24,
V100,Tesla V100-PCIE-16GB,llama-3b,meta-llama/Llama-3.2-3B-Instruct,bfloat16,2026-08-02T08:51:45,inference,66,1.1156052821315825,24,
V100,Tesla V100-PCIE-16GB,llama-3b,meta-llama/Llama-3.2-3B-Instruct,bfloat16,2026-08-02T08:51:45,inference,67,1.1171594271436334,24,
V100,Tesla V100-PCIE-16GB,llama-3b,meta-llama/Llama-3.2-3B-Instruct,bfloat16,2026-08-02T08:51:45,inference,68,1.1152708078734577,24,
V100,Tesla V100-PCIE-16GB,llama-3b,meta-llama/Llama-3.2-3B-Instruct,bfloat16,2026-08-02T08:51:45,inference,69,1.1153538608923554,24,
V100,Tesla V100-PCIE-16GB,llama-3b,meta-llama/Llama-3.2-3B-Instruct,bfloat16,2026-08-02T08:51:45,inference,70,1.1158278807997704,24,
V100,Tesla V100-PCIE-16GB,llama-3b,meta-llama/Llama-3.2-3B-Instruct,bfloat16,2026-08-02T08:51:45,inference,71,1.1152142467908561,24,
V100,Tesla V100-PCIE-16GB,llama-3b,meta-llama/Llama-3.2-3B-Instruct,bfloat16,2026-08-02T08:51:45,inference,72,1.1151715316809714,24,
V100,Tesla V100-PCIE-16GB,llama-3b,meta-llama/Llama-3.2-3B-Instruct,bfloat16,2026-08-02T08:51:45,inference,73,1.1353705418296158,24,
V100,Tesla V100-PCIE-16GB,llama-3b,meta-llama/Llama-3.2-3B-Instruct,bfloat16,2026-08-02T08:51:45,inference,74,1.1157882777042687,24,
V100,Tesla V100-PCIE-16GB,llama-3b,meta-llama/Llama-3.2-3B-Instruct,bfloat16,2026-08-02T08:51:45,inference,75,1.1169680417515337,24,
V100,Tesla V100-PCIE-16GB,llama-3b,meta-llama/Llama-3.2-3B-Instruct,bfloat16,2026-08-02T08:51:45,inference,76,1.1174844377674162,24,
V100,Tesla V100-PCIE-16GB,llama-3b,meta-llama/Llama-3.2-3B-Instruct,bfloat16,2026-08-02T08:51:45,inference,77,1.1177381593734026,24,
V100,Tesla V100-PCIE-16GB,llama-3b,meta-llama/Llama-3.2-3B-Instruct,bfloat16,2026-08-02T08:51:45,inference,78,1.117101184092462,24,
V100,Tesla V100-PCIE-16GB,llama-3b,meta-llama/Llama-3.2-3B-Instruct,bfloat16,2026-08-02T08:51:45,inference,79,1.1174013298004866,24,
V100,Tesla V100-PCIE-16GB,llama-3b,meta-llama/Llama-3.2-3B-Instruct,bfloat16,2026-08-02T08:51:45,inference,80,1.1169686722569168,24,
V100,Tesla V100-PCIE-16GB,llama-3b,meta-llama/Llama-3.2-3B-Instruct,bfloat16,2026-08-02T08:51:45,inference,81,1.128837595693767,24,
V100,Tesla V100-PCIE-16GB,llama-3b,meta-llama/Llama-3.2-3B-Instruct,bfloat16,2026-08-02T08:51:45,inference,82,1.1250437516719103,24,
V100,Tesla V100-PCIE-16GB,llama-3b,meta-llama/Llama-3.2-3B-Instruct,bfloat16,2026-08-02T08:51:45,inference,83,1.1247859075665474,24,
V100,Tesla V100-PCIE-16GB,llama-3b,meta-llama/Llama-3.2-3B-Instruct,bfloat16,2026-08-02T08:51:45,inference,84,1.1235696678049862,24,
V100,Tesla V100-PCIE-16GB,llama-3b,meta-llama/Llama-3.2-3B-Instruct,bfloat16,2026-08-02T08:51:45,inference,85,1.1241285311989486,24,
V100,Tesla V100-PCIE-16GB,llama-3b,meta-llama/Llama-3.2-3B-Instruct,bfloat16,2026-08-02T08:51:45,inference,86,1.1369530810043216,24,
V100,Tesla V100-PCIE-16GB,llama-3b,meta-llama/Llama-3.2-3B-Instruct,bfloat16,2026-08-02T08:51:45,inference,87,1.1247240048833191,24,
V100,Tesla V100-PCIE-16GB,llama-3b,meta-llama/Llama-3.2-3B-Instruct,bfloat16,2026-08-02T08:51:45,inference,88,1.124589289072901,24,
V100,Tesla V100-PCIE-16GB,llama-3b,meta-llama/Llama-3.2-3B-Instruct,bfloat16,2026-08-02T08:51:45,inference,89,1.1248585851863027,24,
V100,Tesla V100-PCIE-16GB,llama-3b,meta-llama/Llama-3.2-3B-Instruct,bfloat16,2026-08-02T08:51:45,inference,90,1.1247529960237443,24,
V100,Tesla V100-PCIE-16GB,llama-3b,meta-llama/Llama-3.2-3B-Instruct,bfloat16,2026-08-02T08:51:45,inference,91,1.121396732982248,24,
V100,Tesla V100-PCIE-16GB,llama-3b,meta-llama/Llama-3.2-3B-Instruct,bfloat16,2026-08-02T08:51:45,inference,92,1.1176800839602947,24,
V100,Tesla V100-PCIE-16GB,llama-3b,meta-llama/Llama-3.2-3B-Instruct,bfloat16,2026-08-02T08:51:45,inference,93,1.1167035228572786,24,
V100,Tesla V100-PCIE-16GB,llama-3b,meta-llama/Llama-3.2-3B-Instruct,bfloat16,2026-08-02T08:51:45,inference,94,1.1175297009758651,24,
V100,Tesla V100-PCIE-16GB,llama-3b,meta-llama/Llama-3.2-3B-Instruct,bfloat16,2026-08-02T08:51:45,inference,95,1.1166918380185962,24,
V100,Tesla V100-PCIE-16GB,llama-3b,meta-llama/Llama-3.2-3B-Instruct,bfloat16,2026-08-02T08:51:45,inference,96,1.1171354381367564,24,
V100,Tesla V100-PCIE-16GB,llama-3b,meta-llama/Llama-3.2-3B-Instruct,bfloat16,2026-08-02T08:51:45,inference,97,1.1165962708182633,24,
V100,Tesla V100-PCIE-16GB,llama-3b,meta-llama/Llama-3.2-3B-Instruct,bfloat16,2026-08-02T08:51:45,inference,98,1.1170317800715566,24,
V100,Tesla V100-PCIE-16GB,llama-3b,meta-llama/Llama-3.2-3B-Instruct,bfloat16,2026-08-02T08:51:45,inference,99,1.1182087240740657,24,
V100,Tesla V100-PCIE-16GB,qwen-0.5b,Qwen/Qwen2.5-0.5B-Instruct,bfloat16,2026-08-02T08:51:45,load,0,1.484629673883319,0,
V100,Tesla V100-PCIE-16GB,qwen-0.5b,Qwen/Qwen2.5-0.5B-Instruct,bfloat16,2026-08-02T08:51:45,load,1,1.390618272125721,0,
V100,Tesla V100-PCIE-16GB,qwen-0.5b,Qwen/Qwen2.5-0.5B-Instruct,bfloat16,2026-08-02T08:51:45,load,2,1.4048166573047638,0,
V100,Tesla V100-PCIE-16GB,qwen-0.5b,Qwen/Qwen2.5-0.5B-Instruct,bfloat16,2026-08-02T08:51:45,load,3,1.3584891320206225,0,
V100,Tesla V100-PCIE-16GB,qwen-0.5b,Qwen/Qwen2.5-0.5B-Instruct,bfloat16,2026-08-02T08:51:45,load,4,1.3668484869413078,0,
V100,Tesla V100-PCIE-16GB,qwen-0.5b,Qwen/Qwen2.5-0.5B-Instruct,bfloat16,2026-08-02T08:51:45,load,5,1.3593885879963636,0,
V100,Tesla V100-PCIE-16GB,qwen-0.5b,Qwen/Qwen2.5-0.5B-Instruct,bfloat16,2026-08-02T08:51:45,load,6,1.3458797601051629,0,
V100,Tesla V100-PCIE-16GB,qwen-0.5b,Qwen/Qwen2.5-0.5B-Instruct,bfloat16,2026-08-02T08:51:45,load,7,1.3401394779793918,0,
V100,Tesla V100-PCIE-16GB,qwen-0.5b,Qwen/Qwen2.5-0.5B-Instruct,bfloat16,2026-08-02T08:51:45,load,8,1.337498721666634,0,
V100,Tesla V100-PCIE-16GB,qwen-0.5b,Qwen/Qwen2.5-0.5B-Instruct,bfloat16,2026-08-02T08:51:45,load,9,1.3512613819912076,0,
V100,Tesla V100-PCIE-16GB,qwen-0.5b,Qwen/Qwen2.5-0.5B-Instruct,bfloat16,2026-08-02T08:51:45,load,10,1.4368328941054642,0,
V100,Tesla V100-PCIE-16GB,qwen-0.5b,Qwen/Qwen2.5-0.5B-Instruct,bfloat16,2026-08-02T08:51:45,load,11,1.3632602086290717,0,
V100,Tesla V100-PCIE-16GB,qwen-0.5b,Qwen/Qwen2.5-0.5B-Instruct,bfloat16,2026-08-02T08:51:45,load,12,1.3742688787169755,0,
V100,Tesla V100-PCIE-16GB,qwen-0.5b,Qwen/Qwen2.5-0.5B-Instruct,bfloat16,2026-08-02T08:51:45,load,13,1.3809470180422068,0,
V100,Tesla V100-PCIE-16GB,qwen-0.5b,Qwen/Qwen2.5-0.5B-Instruct,bfloat16,2026-08-02T08:51:45,load,14,1.3724825358949602,0,
V100,Tesla V100-PCIE-16GB,qwen-0.5b,Qwen/Qwen2.5-0.5B-Instruct,bfloat16,2026-08-02T08:51:45,load,15,1.3697813707403839,0,
V100,Tesla V100-PCIE-16GB,qwen-0.5b,Qwen/Qwen2.5-0.5B-Instruct,bfloat16,2026-08-02T08:51:45,load,16,1.3658397318795323,0,
V100,Tesla V100-PCIE-16GB,qwen-0.5b,Qwen/Qwen2.5-0.5B-Instruct,bfloat16,2026-08-02T08:51:45,load,17,1.3998023769818246,0,
V100,Tesla V100-PCIE-16GB,qwen-0.5b,Qwen/Qwen2.5-0.5B-Instruct,bfloat16,2026-08-02T08:51:45,load,18,1.3918977077119052,0,
V100,Tesla V100-PCIE-16GB,qwen-0.5b,Qwen/Qwen2.5-0.5B-Instruct,bfloat16,2026-08-02T08:51:45,load,19,1.3541418663226068,0,
V100,Tesla V100-PCIE-16GB,qwen-0.5b,Qwen/Qwen2.5-0.5B-Instruct,bfloat16,2026-08-02T08:51:45,load,20,1.365284914150834,0,
V100,Tesla V100-PCIE-16GB,qwen-0.5b,Qwen/Qwen2.5-0.5B-Instruct,bfloat16,2026-08-02T08:51:45,load,21,1.3354302220977843,0,
V100,Tesla V100-PCIE-16GB,qwen-0.5b,Qwen/Qwen2.5-0.5B-Instruct,bfloat16,2026-08-02T08:51:45,load,22,1.314976586960256,0,
V100,Tesla V100-PCIE-16GB,qwen-0.5b,Qwen/Qwen2.5-0.5B-Instruct,bfloat16,2026-08-02T08:51:45,load,23,1.411879651248455,0,
V100,Tesla V100-PCIE-16GB,qwen-0.5b,Qwen/Qwen2.5-0.5B-Instruct,bfloat16,2026-08-02T08:51:45,load,24,1.3602317408658564,0,
V100,Tesla V100-PCIE-16GB,qwen-0.5b,Qwen/Qwen2.5-0.5B-Instruct,bfloat16,2026-08-02T08:51:45,load,25,1.3412602292373776,0,
V100,Tesla V100-PCIE-16GB,qwen-0.5b,Qwen/Qwen2.5-0.5B-Instruct,bfloat16,2026-08-02T08:51:45,load,26,1.3446056651882827,0,
V100,Tesla V100-PCIE-16GB,qwen-0.5b,Qwen/Qwen2.5-0.5B-Instruct,bfloat16,2026-08-02T08:51:45,load,27,1.3844097037799656,0,
V100,Tesla V100-PCIE-16GB,qwen-0.5b,Qwen/Qwen2.5-0.5B-Instruct,bfloat16,2026-08-02T08:51:45,load,28,1.4361592889763415,0,
V100,Tesla V100-PCIE-16GB,qwen-0.5b,Qwen/Qwen2.5-0.5B-Instruct,bfloat16,2026-08-02T08:51:45,load,29,1.3444966510869563,0,
V100,Tesla V100-PCIE-16GB,qwen-0.5b,Qwen/Qwen2.5-0.5B-Instruct,bfloat16,2026-08-02T08:51:45,load,30,1.359536062926054,0,
V100,Tesla V100-PCIE-16GB,qwen-0.5b,Qwen/Qwen2.5-0.5B-Instruct,bfloat16,2026-08-02T08:51:45,load,31,1.395691339392215,0,
V100,Tesla V100-PCIE-16GB,qwen-0.5b,Qwen/Qwen2.5-0.5B-Instruct,bfloat16,2026-08-02T08:51:45,load,32,1.3428408708423376,0,
V100,Tesla V100-PCIE-16GB,qwen-0.5b,Qwen/Qwen2.5-0.5B-Instruct,bfloat16,2026-08-02T08:51:45,load,33,1.3578514130786061,0,
V100,Tesla V100-PCIE-16GB,qwen-0.5b,Qwen/Qwen2.5-0.5B-Instruct,bfloat16,2026-08-02T08:51:45,load,34,1.5148082533851266,0,
V100,Tesla V100-PCIE-16GB,qwen-0.5b,Qwen/Qwen2.5-0.5B-Instruct,bfloat16,2026-08-02T08:51:45,load,35,1.3372511961497366,0,
V100,Tesla V100-PCIE-16GB,qwen-0.5b,Qwen/Qwen2.5-0.5B-Instruct,bfloat16,2026-08-02T08:51:45,load,36,1.3465532409027219,0,
V100,Tesla V100-PCIE-16GB,qwen-0.5b,Qwen/Qwen2.5-0.5B-Instruct,bfloat16,2026-08-02T08:51:45,load,37,1.3576639858074486,0,
V100,Tesla V100-PCIE-16GB,qwen-0.5b,Qwen/Qwen2.5-0.5B-Instruct,bfloat16,2026-08-02T08:51:45,load,38,1.3382332143373787,0,
V100,Tesla V100-PCIE-16GB,qwen-0.5b,Qwen/Qwen2.5-0.5B-Instruct,bfloat16,2026-08-02T08:51:45,load,39,1.3287983732298017,0,
V100,Tesla V100-PCIE-16GB,qwen-0.5b,Qwen/Qwen2.5-0.5B-Instruct,bfloat16,2026-08-02T08:51:45,load,40,1.3904480142518878,0,
V100,Tesla V100-PCIE-16GB,qwen-0.5b,Qwen/Qwen2.5-0.5B-Instruct,bfloat16,2026-08-02T08:51:45,load,41,1.3475092248991132,0,
V100,Tesla V100-PCIE-16GB,qwen-0.5b,Qwen/Qwen2.5-0.5B-Instruct,bfloat16,2026-08-02T08:51:45,load,42,1.343438945710659,0,
V100,Tesla V100-PCIE-16GB,qwen-0.5b,Qwen/Qwen2.5-0.5B-Instruct,bfloat16,2026-08-02T08:51:45,load,43,1.3684888612478971,0,
V100,Tesla V100-PCIE-16GB,qwen-0.5b,Qwen/Qwen2.5-0.5B-Instruct,bfloat16,2026-08-02T08:51:45,load,44,1.4233509441837668,0,
V100,Tesla V100-PCIE-16GB,qwen-0.5b,Qwen/Qwen2.5-0.5B-Instruct,bfloat16,2026-08-02T08:51:45,load,45,1.3650474110618234,0,
V100,Tesla V100-PCIE-16GB,qwen-0.5b,Qwen/Qwen2.5-0.5B-Instruct,bfloat16,2026-08-02T08:51:45,load,46,1.352247105911374,0,
V100,Tesla V100-PCIE-16GB,qwen-0.5b,Qwen/Qwen2.5-0.5B-Instruct,bfloat16,2026-08-02T08:51:45,load,47,1.3929761899635196,0,
V100,Tesla V100-PCIE-16GB,qwen-0.5b,Qwen/Qwen2.5-0.5B-Instruct,bfloat16,2026-08-02T08:51:45,load,48,1.3247831771150231,0,
V100,Tesla V100-PCIE-16GB,qwen-0.5b,Qwen/Qwen2.5-0.5B-Instruct,bfloat16,2026-08-02T08:51:45,load,49,1.3253292860463262,0,
V100,Tesla V100-PCIE-16GB,qwen-0.5b,Qwen/Qwen2.5-0.5B-Instruct,bfloat16,2026-08-02T08:51:45,load,50,1.4587442078627646,0,
V100,Tesla V100-PCIE-16GB,qwen-0.5b,Qwen/Qwen2.5-0.5B-Instruct,bfloat16,2026-08-02T08:51:45,load,51,1.380900037009269,0,
V100,Tesla V100-PCIE-16GB,qwen-0.5b,Qwen/Qwen2.5-0.5B-Instruct,bfloat16,2026-08-02T08:51:45,load,52,1.3198077171109617,0,
V100,Tesla V100-PCIE-16GB,qwen-0.5b,Qwen/Qwen2.5-0.5B-Instruct,bfloat16,2026-08-02T08:51:45,load,53,1.3712623436003923,0,
V100,Tesla V100-PCIE-16GB,qwen-0.5b,Qwen/Qwen2.5-0.5B-Instruct,bfloat16,2026-08-02T08:51:45,load,54,1.3314626133069396,0,
V100,Tesla V100-PCIE-16GB,qwen-0.5b,Qwen/Qwen2.5-0.5B-Instruct,bfloat16,2026-08-02T08:51:45,load,55,1.422613985836506,0,
V100,Tesla V100-PCIE-16GB,qwen-0.5b,Qwen/Qwen2.5-0.5B-Instruct,bfloat16,2026-08-02T08:51:45,load,56,1.3488590638153255,0,
V100,Tesla V100-PCIE-16GB,qwen-0.5b,Qwen/Qwen2.5-0.5B-Instruct,bfloat16,2026-08-02T08:51:45,load,57,1.4538405640050769,0,
V100,Tesla V100-PCIE-16GB,qwen-0.5b,Qwen/Qwen2.5-0.5B-Instruct,bfloat16,2026-08-02T08:51:45,load,58,1.3754985299892724,0,
V100,Tesla V100-PCIE-16GB,qwen-0.5b,Qwen/Qwen2.5-0.5B-Instruct,bfloat16,2026-08-02T08:51:45,load,59,1.3423120640218258,0,
V100,Tesla V100-PCIE-16GB,qwen-0.5b,Qwen/Qwen2.5-0.5B-Instruct,bfloat16,2026-08-02T08:51:45,load,60,1.3407798307016492,0,
V100,Tesla V100-PCIE-16GB,qwen-0.5b,Qwen/Qwen2.5-0.5B-Instruct,bfloat16,2026-08-02T08:51:45,load,61,1.315684035886079,0,
V100,Tesla V100-PCIE-16GB,qwen-0.5b,Qwen/Qwen2.5-0.5B-Instruct,bfloat16,2026-08-02T08:51:45,load,62,1.3320233328267932,0,
V100,Tesla V100-PCIE-16GB,qwen-0.5b,Qwen/Qwen2.5-0.5B-Instruct,bfloat16,2026-08-02T08:51:45,load,63,1.3390163909643888,0,
V100,Tesla V100-PCIE-16GB,qwen-0.5b,Qwen/Qwen2.5-0.5B-Instruct,bfloat16,2026-08-02T08:51:45,load,64,1.3084677336737514,0,
V100,Tesla V100-PCIE-16GB,qwen-0.5b,Qwen/Qwen2.5-0.5B-Instruct,bfloat16,2026-08-02T08:51:45,load,65,1.3295035120099783,0,
V100,Tesla V100-PCIE-16GB,qwen-0.5b,Qwen/Qwen2.5-0.5B-Instruct,bfloat16,2026-08-02T08:51:45,load,66,1.3028057450428605,0,
V100,Tesla V100-PCIE-16GB,qwen-0.5b,Qwen/Qwen2.5-0.5B-Instruct,bfloat16,2026-08-02T08:51:45,load,67,1.325752770062536,0,
V100,Tesla V100-PCIE-16GB,qwen-0.5b,Qwen/Qwen2.5-0.5B-Instruct,bfloat16,2026-08-02T08:51:45,load,68,1.3513549882918596,0,
V100,Tesla V100-PCIE-16GB,qwen-0.5b,Qwen/Qwen2.5-0.5B-Instruct,bfloat16,2026-08-02T08:51:45,load,69,1.3531926851719618,0,
V100,Tesla V100-PCIE-16GB,qwen-0.5b,Qwen/Qwen2.5-0.5B-Instruct,bfloat16,2026-08-02T08:51:45,load,70,1.3686148901470006,0,
V100,Tesla V100-PCIE-16GB,qwen-0.5b,Qwen/Qwen2.5-0.5B-Instruct,bfloat16,2026-08-02T08:51:45,load,71,1.3821826446801424,0,
V100,Tesla V100-PCIE-16GB,qwen-0.5b,Qwen/Qwen2.5-0.5B-Instruct,bfloat16,2026-08-02T08:51:45,load,72,1.4177764891646802,0,
V100,Tesla V100-PCIE-16GB,qwen-0.5b,Qwen/Qwen2.5-0.5B-Instruct,bfloat16,2026-08-02T08:51:45,load,73,1.3623189181089401,0,
V100,Tesla V100-PCIE-16GB,qwen-0.5b,Qwen/Qwen2.5-0.5B-Instruct,bfloat16,2026-08-02T08:51:45,load,74,3.02227396517992,0,
V100,Tesla V100-PCIE-16GB,qwen-0.5b,Qwen/Qwen2.5-0.5B-Instruct,bfloat16,2026-08-02T08:51:45,load,75,1.3599371947348118,0,
V100,Tesla V100-PCIE-16GB,qwen-0.5b,Qwen/Qwen2.5-0.5B-Instruct,bfloat16,2026-08-02T08:51:45,load,76,1.3658136688172817,0,
V100,Tesla V100-PCIE-16GB,qwen-0.5b,Qwen/Qwen2.5-0.5B-Instruct,bfloat16,2026-08-02T08:51:45,load,77,1.329723292030394,0,
V100,Tesla V100-PCIE-16GB,qwen-0.5b,Qwen/Qwen2.5-0.5B-Instruct,bfloat16,2026-08-02T08:51:45,load,78,1.3178312978707254,0,
V100,Tesla V100-PCIE-16GB,qwen-0.5b,Qwen/Qwen2.5-0.5B-Instruct,bfloat16,2026-08-02T08:51:45,load,79,1.3228685706853867,0,
V100,Tesla V100-PCIE-16GB,qwen-0.5b,Qwen/Qwen2.5-0.5B-Instruct,bfloat16,2026-08-02T08:51:45,load,80,1.612918758764863,0,
V100,Tesla V100-PCIE-16GB,qwen-0.5b,Qwen/Qwen2.5-0.5B-Instruct,bfloat16,2026-08-02T08:51:45,load,81,1.3126566708087921,0,
V100,Tesla V100-PCIE-16GB,qwen-0.5b,Qwen/Qwen2.5-0.5B-Instruct,bfloat16,2026-08-02T08:51:45,load,82,1.3211874747648835,0,
V100,Tesla V100-PCIE-16GB,qwen-0.5b,Qwen/Qwen2.5-0.5B-Instruct,bfloat16,2026-08-02T08:51:45,load,83,1.3190311072394252,0,
V100,Tesla V100-PCIE-16GB,qwen-0.5b,Qwen/Qwen2.5-0.5B-Instruct,bfloat16,2026-08-02T08:51:45,load,84,1.652106394059956,0,
V100,Tesla V100-PCIE-16GB,qwen-0.5b,Qwen/Qwen2.5-0.5B-Instruct,bfloat16,2026-08-02T08:51:45,load,85,1.3373381323181093,0,
V100,Tesla V100-PCIE-16GB,qwen-0.5b,Qwen/Qwen2.5-0.5B-Instruct,bfloat16,2026-08-02T08:51:45,load,86,1.3297785930335522,0,
V100,Tesla V100-PCIE-16GB,qwen-0.5b,Qwen/Qwen2.5-0.5B-Instruct,bfloat16,2026-08-02T08:51:45,load,87,1.3480081898160279,0,
V100,Tesla V100-PCIE-16GB,qwen-0.5b,Qwen/Qwen2.5-0.5B-Instruct,bfloat16,2026-08-02T08:51:45,load,88,1.3211301369592547,0,
V100,Tesla V100-PCIE-16GB,qwen-0.5b,Qwen/Qwen2.5-0.5B-Instruct,bfloat16,2026-08-02T08:51:45,load,89,1.5051214881241322,0,
V100,Tesla V100-PCIE-16GB,qwen-0.5b,Qwen/Qwen2.5-0.5B-Instruct,bfloat16,2026-08-02T08:51:45,load,90,1.5861469791270792,0,
V100,Tesla V100-PCIE-16GB,qwen-0.5b,Qwen/Qwen2.5-0.5B-Instruct,bfloat16,2026-08-02T08:51:45,load,91,1.622076959349215,0,
V100,Tesla V100-PCIE-16GB,qwen-0.5b,Qwen/Qwen2.5-0.5B-Instruct,bfloat16,2026-08-02T08:51:45,load,92,1.6693756319582462,0,
V100,Tesla V100-PCIE-16GB,qwen-0.5b,Qwen/Qwen2.5-0.5B-Instruct,bfloat16,2026-08-02T08:51:45,load,93,1.8295688703656197,0,
V100,Tesla V100-PCIE-16GB,qwen-0.5b,Qwen/Qwen2.5-0.5B-Instruct,bfloat16,2026-08-02T08:51:45,load,94,1.8825361337512732,0,
V100,Tesla V100-PCIE-16GB,qwen-0.5b,Qwen/Qwen2.5-0.5B-Instruct,bfloat16,2026-08-02T08:51:45,load,95,1.7127606277354062,0,
V100,Tesla V100-PCIE-16GB,qwen-0.5b,Qwen/Qwen2.5-0.5B-Instruct,bfloat16,2026-08-02T08:51:45,load,96,1.3246679352596402,0,
V100,Tesla V100-PCIE-16GB,qwen-0.5b,Qwen/Qwen2.5-0.5B-Instruct,bfloat16,2026-08-02T08:51:45,load,97,1.3830361901782453,0,
V100,Tesla V100-PCIE-16GB,qwen-0.5b,Qwen/Qwen2.5-0.5B-Instruct,bfloat16,2026-08-02T08:51:45,load,98,1.4664423540234566,0,
V100,Tesla V100-PCIE-16GB,qwen-0.5b,Qwen/Qwen2.5-0.5B-Instruct,bfloat16,2026-08-02T08:51:45,load,99,1.339326225221157,0,
V100,Tesla V100-PCIE-16GB,qwen-0.5b,Qwen/Qwen2.5-0.5B-Instruct,bfloat16,2026-08-02T08:51:45,inference,0,0.8983851452358067,24,
V100,Tesla V100-PCIE-16GB,qwen-0.5b,Qwen/Qwen2.5-0.5B-Instruct,bfloat16,2026-08-02T08:51:45,inference,1,0.8983275196515024,24,
V100,Tesla V100-PCIE-16GB,qwen-0.5b,Qwen/Qwen2.5-0.5B-Instruct,bfloat16,2026-08-02T08:51:45,inference,2,0.8977150223217905,24,
V100,Tesla V100-PCIE-16GB,qwen-0.5b,Qwen/Qwen2.5-0.5B-Instruct,bfloat16,2026-08-02T08:51:45,inference,3,0.8976902780123055,24,
V100,Tesla V100-PCIE-16GB,qwen-0.5b,Qwen/Qwen2.5-0.5B-Instruct,bfloat16,2026-08-02T08:51:45,inference,4,0.9027322977781296,24,
V100,Tesla V100-PCIE-16GB,qwen-0.5b,Qwen/Qwen2.5-0.5B-Instruct,bfloat16,2026-08-02T08:51:45,inference,5,0.8993024216033518,24,
V100,Tesla V100-PCIE-16GB,qwen-0.5b,Qwen/Qwen2.5-0.5B-Instruct,bfloat16,2026-08-02T08:51:45,inference,6,0.8983153230510652,24,
V100,Tesla V100-PCIE-16GB,qwen-0.5b,Qwen/Qwen2.5-0.5B-Instruct,bfloat16,2026-08-02T08:51:45,inference,7,0.8983172620646656,24,
V100,Tesla V100-PCIE-16GB,qwen-0.5b,Qwen/Qwen2.5-0.5B-Instruct,bfloat16,2026-08-02T08:51:45,inference,8,0.8993008290417492,24,
V100,Tesla V100-PCIE-16GB,qwen-0.5b,Qwen/Qwen2.5-0.5B-Instruct,bfloat16,2026-08-02T08:51:45,inference,9,0.9013929180800915,24,
V100,Tesla V100-PCIE-16GB,qwen-0.5b,Qwen/Qwen2.5-0.5B-Instruct,bfloat16,2026-08-02T08:51:45,inference,10,0.9031830099411309,24,
V100,Tesla V100-PCIE-16GB,qwen-0.5b,Qwen/Qwen2.5-0.5B-Instruct,bfloat16,2026-08-02T08:51:45,inference,11,0.8986250893212855,24,
V100,Tesla V100-PCIE-16GB,qwen-0.5b,Qwen/Qwen2.5-0.5B-Instruct,bfloat16,2026-08-02T08:51:45,inference,12,0.8977245716378093,24,
V100,Tesla V100-PCIE-16GB,qwen-0.5b,Qwen/Qwen2.5-0.5B-Instruct,bfloat16,2026-08-02T08:51:45,inference,13,0.8992164838127792,24,
V100,Tesla V100-PCIE-16GB,qwen-0.5b,Qwen/Qwen2.5-0.5B-Instruct,bfloat16,2026-08-02T08:51:45,inference,14,0.8998610018752515,24,
V100,Tesla V100-PCIE-16GB,qwen-0.5b,Qwen/Qwen2.5-0.5B-Instruct,bfloat16,2026-08-02T08:51:45,inference,15,0.8993397238664329,24,
V100,Tesla V100-PCIE-16GB,qwen-0.5b,Qwen/Qwen2.5-0.5B-Instruct,bfloat16,2026-08-02T08:51:45,inference,16,0.8990462319925427,24,
V100,Tesla V100-PCIE-16GB,qwen-0.5b,Qwen/Qwen2.5-0.5B-Instruct,bfloat16,2026-08-02T08:51:45,inference,17,0.898209978826344,24,
V100,Tesla V100-PCIE-16GB,qwen-0.5b,Qwen/Qwen2.5-0.5B-Instruct,bfloat16,2026-08-02T08:51:45,inference,18,0.8995491610839963,24,
V100,Tesla V100-PCIE-16GB,qwen-0.5b,Qwen/Qwen2.5-0.5B-Instruct,bfloat16,2026-08-02T08:51:45,inference,19,0.8991511072963476,24,
V100,Tesla V100-PCIE-16GB,qwen-0.5b,Qwen/Qwen2.5-0.5B-Instruct,bfloat16,2026-08-02T08:51:45,inference,20,0.9042282840237021,24,
V100,Tesla V100-PCIE-16GB,qwen-0.5b,Qwen/Qwen2.5-0.5B-Instruct,bfloat16,2026-08-02T08:51:45,inference,21,0.9063083496876061,24,
V100,Tesla V100-PCIE-16GB,qwen-0.5b,Qwen/Qwen2.5-0.5B-Instruct,bfloat16,2026-08-02T08:51:45,inference,22,0.906662271823734,24,
V100,Tesla V100-PCIE-16GB,qwen-0.5b,Qwen/Qwen2.5-0.5B-Instruct,bfloat16,2026-08-02T08:51:45,inference,23,0.9130322360433638,24,
V100,Tesla V100-PCIE-16GB,qwen-0.5b,Qwen/Qwen2.5-0.5B-Instruct,bfloat16,2026-08-02T08:51:45,inference,24,0.9076695828698575,24,
V100,Tesla V100-PCIE-16GB,qwen-0.5b,Qwen/Qwen2.5-0.5B-Instruct,bfloat16,2026-08-02T08:51:45,inference,25,0.9069286859594285,24,
V100,Tesla V100-PCIE-16GB,qwen-0.5b,Qwen/Qwen2.5-0.5B-Instruct,bfloat16,2026-08-02T08:51:45,inference,26,0.9083345825783908,24,
V100,Tesla V100-PCIE-16GB,qwen-0.5b,Qwen/Qwen2.5-0.5B-Instruct,bfloat16,2026-08-02T08:51:45,inference,27,0.9090257580392063,24,
V100,Tesla V100-PCIE-16GB,qwen-0.5b,Qwen/Qwen2.5-0.5B-Instruct,bfloat16,2026-08-02T08:51:45,inference,28,0.9066443778574467,24,
V100,Tesla V100-PCIE-16GB,qwen-0.5b,Qwen/Qwen2.5-0.5B-Instruct,bfloat16,2026-08-02T08:51:45,inference,29,0.9078058288432658,24,
V100,Tesla V100-PCIE-16GB,qwen-0.5b,Qwen/Qwen2.5-0.5B-Instruct,bfloat16,2026-08-02T08:51:45,inference,30,0.9067916963249445,24,
V100,Tesla V100-PCIE-16GB,qwen-0.5b,Qwen/Qwen2.5-0.5B-Instruct,bfloat16,2026-08-02T08:51:45,inference,31,0.9061436299234629,24,
V100,Tesla V100-PCIE-16GB,qwen-0.5b,Qwen/Qwen2.5-0.5B-Instruct,bfloat16,2026-08-02T08:51:45,inference,32,0.9103173920884728,24,
V100,Tesla V100-PCIE-16GB,qwen-0.5b,Qwen/Qwen2.5-0.5B-Instruct,bfloat16,2026-08-02T08:51:45,inference,33,0.9072038396261632,24,
V100,Tesla V100-PCIE-16GB,qwen-0.5b,Qwen/Qwen2.5-0.5B-Instruct,bfloat16,2026-08-02T08:51:45,inference,34,0.9059865870513022,24,
V100,Tesla V100-PCIE-16GB,qwen-0.5b,Qwen/Qwen2.5-0.5B-Instruct,bfloat16,2026-08-02T08:51:45,inference,35,0.902202713303268,24,
V100,Tesla V100-PCIE-16GB,qwen-0.5b,Qwen/Qwen2.5-0.5B-Instruct,bfloat16,2026-08-02T08:51:45,inference,36,0.9016143600456417,24,
V100,Tesla V100-PCIE-16GB,qwen-0.5b,Qwen/Qwen2.5-0.5B-Instruct,bfloat16,2026-08-02T08:51:45,inference,37,0.9005623762495816,24,
V100,Tesla V100-PCIE-16GB,qwen-0.5b,Qwen/Qwen2.5-0.5B-Instruct,bfloat16,2026-08-02T08:51:45,inference,38,0.9003579961135983,24,
V100,Tesla V100-PCIE-16GB,qwen-0.5b,Qwen/Qwen2.5-0.5B-Instruct,bfloat16,2026-08-02T08:51:45,inference,39,0.9004978951998055,24,
V100,Tesla V100-PCIE-16GB,qwen-0.5b,Qwen/Qwen2.5-0.5B-Instruct,bfloat16,2026-08-02T08:51:45,inference,40,0.9003189657814801,24,
V100,Tesla V100-PCIE-16GB,qwen-0.5b,Qwen/Qwen2.5-0.5B-Instruct,bfloat16,2026-08-02T08:51:45,inference,41,0.9016410340555012,24,
V100,Tesla V100-PCIE-16GB,qwen-0.5b,Qwen/Qwen2.5-0.5B-Instruct,bfloat16,2026-08-02T08:51:45,inference,42,0.9002833436243236,24,
V100,Tesla V100-PCIE-16GB,qwen-0.5b,Qwen/Qwen2.5-0.5B-Instruct,bfloat16,2026-08-02T08:51:45,inference,43,0.904822557233274,24,
V100,Tesla V100-PCIE-16GB,qwen-0.5b,Qwen/Qwen2.5-0.5B-Instruct,bfloat16,2026-08-02T08:51:45,inference,44,0.9004894350655377,24,
V100,Tesla V100-PCIE-16GB,qwen-0.5b,Qwen/Qwen2.5-0.5B-Instruct,bfloat16,2026-08-02T08:51:45,inference,45,0.9002319881692529,24,
V100,Tesla V100-PCIE-16GB,qwen-0.5b,Qwen/Qwen2.5-0.5B-Instruct,bfloat16,2026-08-02T08:51:45,inference,46,0.8994583017192781,24,
V100,Tesla V100-PCIE-16GB,qwen-0.5b,Qwen/Qwen2.5-0.5B-Instruct,bfloat16,2026-08-02T08:51:45,inference,47,0.9022072562947869,24,
V100,Tesla V100-PCIE-16GB,qwen-0.5b,Qwen/Qwen2.5-0.5B-Instruct,bfloat16,2026-08-02T08:51:45,inference,48,0.9051627861335874,24,
V100,Tesla V100-PCIE-16GB,qwen-0.5b,Qwen/Qwen2.5-0.5B-Instruct,bfloat16,2026-08-02T08:51:45,inference,49,0.9062169981189072,24,
V100,Tesla V100-PCIE-16GB,qwen-0.5b,Qwen/Qwen2.5-0.5B-Instruct,bfloat16,2026-08-02T08:51:45,inference,50,0.9071633699350059,24,
V100,Tesla V100-PCIE-16GB,qwen-0.5b,Qwen/Qwen2.5-0.5B-Instruct,bfloat16,2026-08-02T08:51:45,inference,51,0.9090797388926148,24,
V100,Tesla V100-PCIE-16GB,qwen-0.5b,Qwen/Qwen2.5-0.5B-Instruct,bfloat16,2026-08-02T08:51:45,inference,52,0.9073699428699911,24,
V100,Tesla V100-PCIE-16GB,qwen-0.5b,Qwen/Qwen2.5-0.5B-Instruct,bfloat16,2026-08-02T08:51:45,inference,53,0.9070498612709343,24,
V100,Tesla V100-PCIE-16GB,qwen-0.5b,Qwen/Qwen2.5-0.5B-Instruct,bfloat16,2026-08-02T08:51:45,inference,54,0.9069686140865088,24,
V100,Tesla V100-PCIE-16GB,qwen-0.5b,Qwen/Qwen2.5-0.5B-Instruct,bfloat16,2026-08-02T08:51:45,inference,55,0.9063283749856055,24,
V100,Tesla V100-PCIE-16GB,qwen-0.5b,Qwen/Qwen2.5-0.5B-Instruct,bfloat16,2026-08-02T08:51:45,inference,56,0.9061898798681796,24,
V100,Tesla V100-PCIE-16GB,qwen-0.5b,Qwen/Qwen2.5-0.5B-Instruct,bfloat16,2026-08-02T08:51:45,inference,57,0.902570896781981,24,
V100,Tesla V100-PCIE-16GB,qwen-0.5b,Qwen/Qwen2.5-0.5B-Instruct,bfloat16,2026-08-02T08:51:45,inference,58,0.9002053462900221,24,
V100,Tesla V100-PCIE-16GB,qwen-0.5b,Qwen/Qwen2.5-0.5B-Instruct,bfloat16,2026-08-02T08:51:45,inference,59,0.8998553301207721,24,
V100,Tesla V100-PCIE-16GB,qwen-0.5b,Qwen/Qwen2.5-0.5B-Instruct,bfloat16,2026-08-02T08:51:45,inference,60,0.9047623001970351,24,
V100,Tesla V100-PCIE-16GB,qwen-0.5b,Qwen/Qwen2.5-0.5B-Instruct,bfloat16,2026-08-02T08:51:45,inference,61,0.9054117170162499,24,
V100,Tesla V100-PCIE-16GB,qwen-0.5b,Qwen/Qwen2.5-0.5B-Instruct,bfloat16,2026-08-02T08:51:45,inference,62,0.8998699919320643,24,
V100,Tesla V100-PCIE-16GB,qwen-0.5b,Qwen/Qwen2.5-0.5B-Instruct,bfloat16,2026-08-02T08:51:45,inference,63,0.900385188870132,24,
V100,Tesla V100-PCIE-16GB,qwen-0.5b,Qwen/Qwen2.5-0.5B-Instruct,bfloat16,2026-08-02T08:51:45,inference,64,0.8993615042418242,24,
V100,Tesla V100-PCIE-16GB,qwen-0.5b,Qwen/Qwen2.5-0.5B-Instruct,bfloat16,2026-08-02T08:51:45,inference,65,0.900367044378072,24,
V100,Tesla V100-PCIE-16GB,qwen-0.5b,Qwen/Qwen2.5-0.5B-Instruct,bfloat16,2026-08-02T08:51:45,inference,66,0.8990132976323366,24,
V100,Tesla V100-PCIE-16GB,qwen-0.5b,Qwen/Qwen2.5-0.5B-Instruct,bfloat16,2026-08-02T08:51:45,inference,67,0.8991383258253336,24,
V100,Tesla V100-PCIE-16GB,qwen-0.5b,Qwen/Qwen2.5-0.5B-Instruct,bfloat16,2026-08-02T08:51:45,inference,68,0.8988913660869002,24,
V100,Tesla V100-PCIE-16GB,qwen-0.5b,Qwen/Qwen2.5-0.5B-Instruct,bfloat16,2026-08-02T08:51:45,inference,69,0.9035721672698855,24,
V100,Tesla V100-PCIE-16GB,qwen-0.5b,Qwen/Qwen2.5-0.5B-Instruct,bfloat16,2026-08-02T08:51:45,inference,70,0.9054587259888649,24,
V100,Tesla V100-PCIE-16GB,qwen-0.5b,Qwen/Qwen2.5-0.5B-Instruct,bfloat16,2026-08-02T08:51:45,inference,71,0.9066652138717473,24,
V100,Tesla V100-PCIE-16GB,qwen-0.5b,Qwen/Qwen2.5-0.5B-Instruct,bfloat16,2026-08-02T08:51:45,inference,72,0.9056190080009401,24,
V100,Tesla V100-PCIE-16GB,qwen-0.5b,Qwen/Qwen2.5-0.5B-Instruct,bfloat16,2026-08-02T08:51:45,inference,73,0.9065802730619907,24,
V100,Tesla V100-PCIE-16GB,qwen-0.5b,Qwen/Qwen2.5-0.5B-Instruct,bfloat16,2026-08-02T08:51:45,inference,74,0.9090875871479511,24,
V100,Tesla V100-PCIE-16GB,qwen-0.5b,Qwen/Qwen2.5-0.5B-Instruct,bfloat16,2026-08-02T08:51:45,inference,75,0.9063348057679832,24,
V100,Tesla V100-PCIE-16GB,qwen-0.5b,Qwen/Qwen2.5-0.5B-Instruct,bfloat16,2026-08-02T08:51:45,inference,76,0.9111835332587361,24,
V100,Tesla V100-PCIE-16GB,qwen-0.5b,Qwen/Qwen2.5-0.5B-Instruct,bfloat16,2026-08-02T08:51:45,inference,77,0.9068434238433838,24,
V100,Tesla V100-PCIE-16GB,qwen-0.5b,Qwen/Qwen2.5-0.5B-Instruct,bfloat16,2026-08-02T08:51:45,inference,78,0.9041103296913207,24,
V100,Tesla V100-PCIE-16GB,qwen-0.5b,Qwen/Qwen2.5-0.5B-Instruct,bfloat16,2026-08-02T08:51:45,inference,79,0.9024481638334692,24,
V100,Tesla V100-PCIE-16GB,qwen-0.5b,Qwen/Qwen2.5-0.5B-Instruct,bfloat16,2026-08-02T08:51:45,inference,80,0.9003285760991275,24,
V100,Tesla V100-PCIE-16GB,qwen-0.5b,Qwen/Qwen2.5-0.5B-Instruct,bfloat16,2026-08-02T08:51:45,inference,81,0.8993982872925699,24,
V100,Tesla V100-PCIE-16GB,qwen-0.5b,Qwen/Qwen2.5-0.5B-Instruct,bfloat16,2026-08-02T08:51:45,inference,82,0.8991258670575917,24,
V100,Tesla V100-PCIE-16GB,qwen-0.5b,Qwen/Qwen2.5-0.5B-Instruct,bfloat16,2026-08-02T08:51:45,inference,83,0.9005415281280875,24,
V100,Tesla V100-PCIE-16GB,qwen-0.5b,Qwen/Qwen2.5-0.5B-Instruct,bfloat16,2026-08-02T08:51:45,inference,84,0.9000904322601855,24,
V100,Tesla V100-PCIE-16GB,qwen-0.5b,Qwen/Qwen2.5-0.5B-Instruct,bfloat16,2026-08-02T08:51:45,inference,85,0.899969918653369,24,
V100,Tesla V100-PCIE-16GB,qwen-0.5b,Qwen/Qwen2.5-0.5B-Instruct,bfloat16,2026-08-02T08:51:45,inference,86,0.9010852808132768,24,
V100,Tesla V100-PCIE-16GB,qwen-0.5b,Qwen/Qwen2.5-0.5B-Instruct,bfloat16,2026-08-02T08:51:45,inference,87,0.9000058630481362,24,
V100,Tesla V100-PCIE-16GB,qwen-0.5b,Qwen/Qwen2.5-0.5B-Instruct,bfloat16,2026-08-02T08:51:45,inference,88,0.8989751492626965,24,
V100,Tesla V100-PCIE-16GB,qwen-0.5b,Qwen/Qwen2.5-0.5B-Instruct,bfloat16,2026-08-02T08:51:45,inference,89,0.8989676982164383,24,
V100,Tesla V100-PCIE-16GB,qwen-0.5b,Qwen/Qwen2.5-0.5B-Instruct,bfloat16,2026-08-02T08:51:45,inference,90,0.8990698070265353,24,
V100,Tesla V100-PCIE-16GB,qwen-0.5b,Qwen/Qwen2.5-0.5B-Instruct,bfloat16,2026-08-02T08:51:45,inference,91,0.9020144529640675,24,
V100,Tesla V100-PCIE-16GB,qwen-0.5b,Qwen/Qwen2.5-0.5B-Instruct,bfloat16,2026-08-02T08:51:45,inference,92,0.9015857558697462,24,
V100,Tesla V100-PCIE-16GB,qwen-0.5b,Qwen/Qwen2.5-0.5B-Instruct,bfloat16,2026-08-02T08:51:45,inference,93,0.9102735631167889,24,
V100,Tesla V100-PCIE-16GB,qwen-0.5b,Qwen/Qwen2.5-0.5B-Instruct,bfloat16,2026-08-02T08:51:45,inference,94,0.9067823551595211,24,
V100,Tesla V100-PCIE-16GB,qwen-0.5b,Qwen/Qwen2.5-0.5B-Instruct,bfloat16,2026-08-02T08:51:45,inference,95,0.9072505957446992,24,
V100,Tesla V100-PCIE-16GB,qwen-0.5b,Qwen/Qwen2.5-0.5B-Instruct,bfloat16,2026-08-02T08:51:45,inference,96,0.9062223979271948,24,
V100,Tesla V100-PCIE-16GB,qwen-0.5b,Qwen/Qwen2.5-0.5B-Instruct,bfloat16,2026-08-02T08:51:45,inference,97,0.9069980778731406,24,
V100,Tesla V100-PCIE-16GB,qwen-0.5b,Qwen/Qwen2.5-0.5B-Instruct,bfloat16,2026-08-02T08:51:45,inference,98,0.9064589077606797,24,
V100,Tesla V100-PCIE-16GB,qwen-0.5b,Qwen/Qwen2.5-0.5B-Instruct,bfloat16,2026-08-02T08:51:45,inference,99,0.9065474728122354,24,
V100,Tesla V100-PCIE-16GB,qwen-3b,Qwen/Qwen2.5-3B-Instruct,bfloat16,2026-08-02T08:51:45,load,0,3.3494858890771866,0,
V100,Tesla V100-PCIE-16GB,qwen-3b,Qwen/Qwen2.5-3B-Instruct,bfloat16,2026-08-02T08:51:45,load,1,3.408462177030742,0,
V100,Tesla V100-PCIE-16GB,qwen-3b,Qwen/Qwen2.5-3B-Instruct,bfloat16,2026-08-02T08:51:45,load,2,3.3929869211278856,0,
V100,Tesla V100-PCIE-16GB,qwen-3b,Qwen/Qwen2.5-3B-Instruct,bfloat16,2026-08-02T08:51:45,load,3,3.3935301899909973,0,
V100,Tesla V100-PCIE-16GB,qwen-3b,Qwen/Qwen2.5-3B-Instruct,bfloat16,2026-08-02T08:51:45,load,4,3.515849149785936,0,
V100,Tesla V100-PCIE-16GB,qwen-3b,Qwen/Qwen2.5-3B-Instruct,bfloat16,2026-08-02T08:51:45,load,5,3.9686215412802994,0,
V100,Tesla V100-PCIE-16GB,qwen-3b,Qwen/Qwen2.5-3B-Instruct,bfloat16,2026-08-02T08:51:45,load,6,3.464553654193878,0,
V100,Tesla V100-PCIE-16GB,qwen-3b,Qwen/Qwen2.5-3B-Instruct,bfloat16,2026-08-02T08:51:45,load,7,3.8402979392558336,0,
V100,Tesla V100-PCIE-16GB,qwen-3b,Qwen/Qwen2.5-3B-Instruct,bfloat16,2026-08-02T08:51:45,load,8,3.4072909047827125,0,
V100,Tesla V100-PCIE-16GB,qwen-3b,Qwen/Qwen2.5-3B-Instruct,bfloat16,2026-08-02T08:51:45,load,9,3.3830329817719758,0,
V100,Tesla V100-PCIE-16GB,qwen-3b,Qwen/Qwen2.5-3B-Instruct,bfloat16,2026-08-02T08:51:45,load,10,3.4036611900664866,0,
V100,Tesla V100-PCIE-16GB,qwen-3b,Qwen/Qwen2.5-3B-Instruct,bfloat16,2026-08-02T08:51:45,load,11,3.301590654067695,0,
V100,Tesla V100-PCIE-16GB,qwen-3b,Qwen/Qwen2.5-3B-Instruct,bfloat16,2026-08-02T08:51:45,load,12,3.277868018951267,0,
V100,Tesla V100-PCIE-16GB,qwen-3b,Qwen/Qwen2.5-3B-Instruct,bfloat16,2026-08-02T08:51:45,load,13,3.330784737598151,0,
V100,Tesla V100-PCIE-16GB,qwen-3b,Qwen/Qwen2.5-3B-Instruct,bfloat16,2026-08-02T08:51:45,load,14,3.395023709628731,0,
V100,Tesla V100-PCIE-16GB,qwen-3b,Qwen/Qwen2.5-3B-Instruct,bfloat16,2026-08-02T08:51:45,load,15,3.3734055678360164,0,
V100,Tesla V100-PCIE-16GB,qwen-3b,Qwen/Qwen2.5-3B-Instruct,bfloat16,2026-08-02T08:51:45,load,16,3.3396535590291023,0,
V100,Tesla V100-PCIE-16GB,qwen-3b,Qwen/Qwen2.5-3B-Instruct,bfloat16,2026-08-02T08:51:45,load,17,3.3415234950371087,0,
V100,Tesla V100-PCIE-16GB,qwen-3b,Qwen/Qwen2.5-3B-Instruct,bfloat16,2026-08-02T08:51:45,load,18,3.3051812928169966,0,
V100,Tesla V100-PCIE-16GB,qwen-3b,Qwen/Qwen2.5-3B-Instruct,bfloat16,2026-08-02T08:51:45,load,19,3.348679813090712,0,
V100,Tesla V100-PCIE-16GB,qwen-3b,Qwen/Qwen2.5-3B-Instruct,bfloat16,2026-08-02T08:51:45,load,20,3.383280193898827,0,
V100,Tesla V100-PCIE-16GB,qwen-3b,Qwen/Qwen2.5-3B-Instruct,bfloat16,2026-08-02T08:51:45,load,21,3.39155480498448,0,
V100,Tesla V100-PCIE-16GB,qwen-3b,Qwen/Qwen2.5-3B-Instruct,bfloat16,2026-08-02T08:51:45,load,22,3.3355661407113075,0,
V100,Tesla V100-PCIE-16GB,qwen-3b,Qwen/Qwen2.5-3B-Instruct,bfloat16,2026-08-02T08:51:45,load,23,3.3329337281174958,0,
V100,Tesla V100-PCIE-16GB,qwen-3b,Qwen/Qwen2.5-3B-Instruct,bfloat16,2026-08-02T08:51:45,load,24,3.288893996272236,0,
V100,Tesla V100-PCIE-16GB,qwen-3b,Qwen/Qwen2.5-3B-Instruct,bfloat16,2026-08-02T08:51:45,load,25,3.3738339068368077,0,
V100,Tesla V100-PCIE-16GB,qwen-3b,Qwen/Qwen2.5-3B-Instruct,bfloat16,2026-08-02T08:51:45,load,26,3.394693298265338,0,
V100,Tesla V100-PCIE-16GB,qwen-3b,Qwen/Qwen2.5-3B-Instruct,bfloat16,2026-08-02T08:51:45,load,27,3.3962050857953727,0,
V100,Tesla V100-PCIE-16GB,qwen-3b,Qwen/Qwen2.5-3B-Instruct,bfloat16,2026-08-02T08:51:45,load,28,3.36926723504439,0,
V100,Tesla V100-PCIE-16GB,qwen-3b,Qwen/Qwen2.5-3B-Instruct,bfloat16,2026-08-02T08:51:45,load,29,3.299313705880195,0,
V100,Tesla V100-PCIE-16GB,qwen-3b,Qwen/Qwen2.5-3B-Instruct,bfloat16,2026-08-02T08:51:45,load,30,3.271113174967468,0,
V100,Tesla V100-PCIE-16GB,qwen-3b,Qwen/Qwen2.5-3B-Instruct,bfloat16,2026-08-02T08:51:45,load,31,3.402786497026682,0,
V100,Tesla V100-PCIE-16GB,qwen-3b,Qwen/Qwen2.5-3B-Instruct,bfloat16,2026-08-02T08:51:45,load,32,3.3182849721051753,0,
V100,Tesla V100-PCIE-16GB,qwen-3b,Qwen/Qwen2.5-3B-Instruct,bfloat16,2026-08-02T08:51:45,load,33,3.3061527712270617,0,
V100,Tesla V100-PCIE-16GB,qwen-3b,Qwen/Qwen2.5-3B-Instruct,bfloat16,2026-08-02T08:51:45,load,34,3.275551355909556,0,
V100,Tesla V100-PCIE-16GB,qwen-3b,Qwen/Qwen2.5-3B-Instruct,bfloat16,2026-08-02T08:51:45,load,35,3.3181051020510495,0,
V100,Tesla V100-PCIE-16GB,qwen-3b,Qwen/Qwen2.5-3B-Instruct,bfloat16,2026-08-02T08:51:45,load,36,3.39191883103922,0,
V100,Tesla V100-PCIE-16GB,qwen-3b,Qwen/Qwen2.5-3B-Instruct,bfloat16,2026-08-02T08:51:45,load,37,3.3020292320288718,0,
V100,Tesla V100-PCIE-16GB,qwen-3b,Qwen/Qwen2.5-3B-Instruct,bfloat16,2026-08-02T08:51:45,load,38,3.3154892181046307,0,
V100,Tesla V100-PCIE-16GB,qwen-3b,Qwen/Qwen2.5-3B-Instruct,bfloat16,2026-08-02T08:51:45,load,39,3.3091225870884955,0,
V100,Tesla V100-PCIE-16GB,qwen-3b,Qwen/Qwen2.5-3B-Instruct,bfloat16,2026-08-02T08:51:45,load,40,3.340613230597228,0,
V100,Tesla V100-PCIE-16GB,qwen-3b,Qwen/Qwen2.5-3B-Instruct,bfloat16,2026-08-02T08:51:45,load,41,3.322604720015079,0,
V100,Tesla V100-PCIE-16GB,qwen-3b,Qwen/Qwen2.5-3B-Instruct,bfloat16,2026-08-02T08:51:45,load,42,3.303866125177592,0,
V100,Tesla V100-PCIE-16GB,qwen-3b,Qwen/Qwen2.5-3B-Instruct,bfloat16,2026-08-02T08:51:45,load,43,3.4511436973698437,0,
V100,Tesla V100-PCIE-16GB,qwen-3b,Qwen/Qwen2.5-3B-Instruct,bfloat16,2026-08-02T08:51:45,load,44,3.3434911579824984,0,
V100,Tesla V100-PCIE-16GB,qwen-3b,Qwen/Qwen2.5-3B-Instruct,bfloat16,2026-08-02T08:51:45,load,45,3.400398108176887,0,
V100,Tesla V100-PCIE-16GB,qwen-3b,Qwen/Qwen2.5-3B-Instruct,bfloat16,2026-08-02T08:51:45,load,46,3.440042281989008,0,
V100,Tesla V100-PCIE-16GB,qwen-3b,Qwen/Qwen2.5-3B-Instruct,bfloat16,2026-08-02T08:51:45,load,47,3.416873170994222,0,
V100,Tesla V100-PCIE-16GB,qwen-3b,Qwen/Qwen2.5-3B-Instruct,bfloat16,2026-08-02T08:51:45,load,48,3.3663939307443798,0,
V100,Tesla V100-PCIE-16GB,qwen-3b,Qwen/Qwen2.5-3B-Instruct,bfloat16,2026-08-02T08:51:45,load,49,3.3788290740922093,0,
V100,Tesla V100-PCIE-16GB,qwen-3b,Qwen/Qwen2.5-3B-Instruct,bfloat16,2026-08-02T08:51:45,load,50,3.2641823678277433,0,
V100,Tesla V100-PCIE-16GB,qwen-3b,Qwen/Qwen2.5-3B-Instruct,bfloat16,2026-08-02T08:51:45,load,51,3.3222845257259905,0,
V100,Tesla V100-PCIE-16GB,qwen-3b,Qwen/Qwen2.5-3B-Instruct,bfloat16,2026-08-02T08:51:45,load,52,3.3352900380268693,0,
V100,Tesla V100-PCIE-16GB,qwen-3b,Qwen/Qwen2.5-3B-Instruct,bfloat16,2026-08-02T08:51:45,load,53,3.407667006831616,0,
V100,Tesla V100-PCIE-16GB,qwen-3b,Qwen/Qwen2.5-3B-Instruct,bfloat16,2026-08-02T08:51:45,load,54,3.3067316338419914,0,
V100,Tesla V100-PCIE-16GB,qwen-3b,Qwen/Qwen2.5-3B-Instruct,bfloat16,2026-08-02T08:51:45,load,55,3.278676144313067,0,
V100,Tesla V100-PCIE-16GB,qwen-3b,Qwen/Qwen2.5-3B-Instruct,bfloat16,2026-08-02T08:51:45,load,56,3.2701823273673654,0,
V100,Tesla V100-PCIE-16GB,qwen-3b,Qwen/Qwen2.5-3B-Instruct,bfloat16,2026-08-02T08:51:45,load,57,3.279716245830059,0,
V100,Tesla V100-PCIE-16GB,qwen-3b,Qwen/Qwen2.5-3B-Instruct,bfloat16,2026-08-02T08:51:45,load,58,3.3221991690807045,0,
V100,Tesla V100-PCIE-16GB,qwen-3b,Qwen/Qwen2.5-3B-Instruct,bfloat16,2026-08-02T08:51:45,load,59,3.332988001871854,0,
V100,Tesla V100-PCIE-16GB,qwen-3b,Qwen/Qwen2.5-3B-Instruct,bfloat16,2026-08-02T08:51:45,load,60,3.3692146660760045,0,
V100,Tesla V100-PCIE-16GB,qwen-3b,Qwen/Qwen2.5-3B-Instruct,bfloat16,2026-08-02T08:51:45,load,61,3.3197551309131086,0,
V100,Tesla V100-PCIE-16GB,qwen-3b,Qwen/Qwen2.5-3B-Instruct,bfloat16,2026-08-02T08:51:45,load,62,3.269069756846875,0,
V100,Tesla V100-PCIE-16GB,qwen-3b,Qwen/Qwen2.5-3B-Instruct,bfloat16,2026-08-02T08:51:45,load,63,3.3431662428192794,0,
V100,Tesla V100-PCIE-16GB,qwen-3b,Qwen/Qwen2.5-3B-Instruct,bfloat16,2026-08-02T08:51:45,load,64,3.3313348717056215,0,
V100,Tesla V100-PCIE-16GB,qwen-3b,Qwen/Qwen2.5-3B-Instruct,bfloat16,2026-08-02T08:51:45,load,65,3.370293765794486,0,
V100,Tesla V100-PCIE-16GB,qwen-3b,Qwen/Qwen2.5-3B-Instruct,bfloat16,2026-08-02T08:51:45,load,66,3.3307778029702604,0,
V100,Tesla V100-PCIE-16GB,qwen-3b,Qwen/Qwen2.5-3B-Instruct,bfloat16,2026-08-02T08:51:45,load,67,3.3362983409315348,0,
V100,Tesla V100-PCIE-16GB,qwen-3b,Qwen/Qwen2.5-3B-Instruct,bfloat16,2026-08-02T08:51:45,load,68,3.282548666000366,0,
V100,Tesla V100-PCIE-16GB,qwen-3b,Qwen/Qwen2.5-3B-Instruct,bfloat16,2026-08-02T08:51:45,load,69,3.281859220005572,0,
V100,Tesla V100-PCIE-16GB,qwen-3b,Qwen/Qwen2.5-3B-Instruct,bfloat16,2026-08-02T08:51:45,load,70,3.3885334599763155,0,
V100,Tesla V100-PCIE-16GB,qwen-3b,Qwen/Qwen2.5-3B-Instruct,bfloat16,2026-08-02T08:51:45,load,71,3.369689461309463,0,
V100,Tesla V100-PCIE-16GB,qwen-3b,Qwen/Qwen2.5-3B-Instruct,bfloat16,2026-08-02T08:51:45,load,72,3.318496669176966,0,
V100,Tesla V100-PCIE-16GB,qwen-3b,Qwen/Qwen2.5-3B-Instruct,bfloat16,2026-08-02T08:51:45,load,73,3.281808610074222,0,
V100,Tesla V100-PCIE-16GB,qwen-3b,Qwen/Qwen2.5-3B-Instruct,bfloat16,2026-08-02T08:51:45,load,74,3.274121125228703,0,
V100,Tesla V100-PCIE-16GB,qwen-3b,Qwen/Qwen2.5-3B-Instruct,bfloat16,2026-08-02T08:51:45,load,75,3.318101014010608,0,
V100,Tesla V100-PCIE-16GB,qwen-3b,Qwen/Qwen2.5-3B-Instruct,bfloat16,2026-08-02T08:51:45,load,76,3.313732592854649,0,
V100,Tesla V100-PCIE-16GB,qwen-3b,Qwen/Qwen2.5-3B-Instruct,bfloat16,2026-08-02T08:51:45,load,77,3.3652094048447907,0,
V100,Tesla V100-PCIE-16GB,qwen-3b,Qwen/Qwen2.5-3B-Instruct,bfloat16,2026-08-02T08:51:45,load,78,3.8430004226975143,0,
V100,Tesla V100-PCIE-16GB,qwen-3b,Qwen/Qwen2.5-3B-Instruct,bfloat16,2026-08-02T08:51:45,load,79,3.734156643971801,0,
V100,Tesla V100-PCIE-16GB,qwen-3b,Qwen/Qwen2.5-3B-Instruct,bfloat16,2026-08-02T08:51:45,load,80,4.156443895306438,0,
V100,Tesla V100-PCIE-16GB,qwen-3b,Qwen/Qwen2.5-3B-Instruct,bfloat16,2026-08-02T08:51:45,load,81,3.9828203660435975,0,
V100,Tesla V100-PCIE-16GB,qwen-3b,Qwen/Qwen2.5-3B-Instruct,bfloat16,2026-08-02T08:51:45,load,82,3.3447890980169177,0,
V100,Tesla V100-PCIE-16GB,qwen-3b,Qwen/Qwen2.5-3B-Instruct,bfloat16,2026-08-02T08:51:45,load,83,3.359528811648488,0,
V100,Tesla V100-PCIE-16GB,qwen-3b,Qwen/Qwen2.5-3B-Instruct,bfloat16,2026-08-02T08:51:45,load,84,3.349884687922895,0,
V100,Tesla V100-PCIE-16GB,qwen-3b,Qwen/Qwen2.5-3B-Instruct,bfloat16,2026-08-02T08:51:45,load,85,3.3022571890614927,0,
V100,Tesla V100-PCIE-16GB,qwen-3b,Qwen/Qwen2.5-3B-Instruct,bfloat16,2026-08-02T08:51:45,load,86,3.2490538679994643,0,
V100,Tesla V100-PCIE-16GB,qwen-3b,Qwen/Qwen2.5-3B-Instruct,bfloat16,2026-08-02T08:51:45,load,87,3.320509395096451,0,
V100,Tesla V100-PCIE-16GB,qwen-3b,Qwen/Qwen2.5-3B-Instruct,bfloat16,2026-08-02T08:51:45,load,88,3.3459967048838735,0,
V100,Tesla V100-PCIE-16GB,qwen-3b,Qwen/Qwen2.5-3B-Instruct,bfloat16,2026-08-02T08:51:45,load,89,3.320104226935655,0,
V100,Tesla V100-PCIE-16GB,qwen-3b,Qwen/Qwen2.5-3B-Instruct,bfloat16,2026-08-02T08:51:45,load,90,3.31218353100121,0,
V100,Tesla V100-PCIE-16GB,qwen-3b,Qwen/Qwen2.5-3B-Instruct,bfloat16,2026-08-02T08:51:45,load,91,3.308952675200999,0,
V100,Tesla V100-PCIE-16GB,qwen-3b,Qwen/Qwen2.5-3B-Instruct,bfloat16,2026-08-02T08:51:45,load,92,3.309665909036994,0,
V100,Tesla V100-PCIE-16GB,qwen-3b,Qwen/Qwen2.5-3B-Instruct,bfloat16,2026-08-02T08:51:45,load,93,3.389875669963658,0,
V100,Tesla V100-PCIE-16GB,qwen-3b,Qwen/Qwen2.5-3B-Instruct,bfloat16,2026-08-02T08:51:45,load,94,3.324492748826742,0,
V100,Tesla V100-PCIE-16GB,qwen-3b,Qwen/Qwen2.5-3B-Instruct,bfloat16,2026-08-02T08:51:45,load,95,3.3381378878839314,0,
V100,Tesla V100-PCIE-16GB,qwen-3b,Qwen/Qwen2.5-3B-Instruct,bfloat16,2026-08-02T08:51:45,load,96,3.282454469241202,0,
V100,Tesla V100-PCIE-16GB,qwen-3b,Qwen/Qwen2.5-3B-Instruct,bfloat16,2026-08-02T08:51:45,load,97,3.3197761178016663,0,
V100,Tesla V100-PCIE-16GB,qwen-3b,Qwen/Qwen2.5-3B-Instruct,bfloat16,2026-08-02T08:51:45,load,98,3.368168677203357,0,
V100,Tesla V100-PCIE-16GB,qwen-3b,Qwen/Qwen2.5-3B-Instruct,bfloat16,2026-08-02T08:51:45,load,99,3.3909778790548444,0,
V100,Tesla V100-PCIE-16GB,qwen-3b,Qwen/Qwen2.5-3B-Instruct,bfloat16,2026-08-02T08:51:45,inference,0,1.402418086770922,24,
V100,Tesla V100-PCIE-16GB,qwen-3b,Qwen/Qwen2.5-3B-Instruct,bfloat16,2026-08-02T08:51:45,inference,1,1.4128279979340732,24,
V100,Tesla V100-PCIE-16GB,qwen-3b,Qwen/Qwen2.5-3B-Instruct,bfloat16,2026-08-02T08:51:45,inference,2,1.402790954336524,24,
V100,Tesla V100-PCIE-16GB,qwen-3b,Qwen/Qwen2.5-3B-Instruct,bfloat16,2026-08-02T08:51:45,inference,3,1.4016150319948792,24,
V100,Tesla V100-PCIE-16GB,qwen-3b,Qwen/Qwen2.5-3B-Instruct,bfloat16,2026-08-02T08:51:45,inference,4,1.4026124067604542,24,
V100,Tesla V100-PCIE-16GB,qwen-3b,Qwen/Qwen2.5-3B-Instruct,bfloat16,2026-08-02T08:51:45,inference,5,1.4006471438333392,24,
V100,Tesla V100-PCIE-16GB,qwen-3b,Qwen/Qwen2.5-3B-Instruct,bfloat16,2026-08-02T08:51:45,inference,6,1.4020450203679502,24,
V100,Tesla V100-PCIE-16GB,qwen-3b,Qwen/Qwen2.5-3B-Instruct,bfloat16,2026-08-02T08:51:45,inference,7,1.4054532870650291,24,
V100,Tesla V100-PCIE-16GB,qwen-3b,Qwen/Qwen2.5-3B-Instruct,bfloat16,2026-08-02T08:51:45,inference,8,1.4024263839237392,24,
V100,Tesla V100-PCIE-16GB,qwen-3b,Qwen/Qwen2.5-3B-Instruct,bfloat16,2026-08-02T08:51:45,inference,9,1.4020684882998466,24,
V100,Tesla V100-PCIE-16GB,qwen-3b,Qwen/Qwen2.5-3B-Instruct,bfloat16,2026-08-02T08:51:45,inference,10,1.400776272173971,24,
V100,Tesla V100-PCIE-16GB,qwen-3b,Qwen/Qwen2.5-3B-Instruct,bfloat16,2026-08-02T08:51:45,inference,11,1.400946720968932,24,
V100,Tesla V100-PCIE-16GB,qwen-3b,Qwen/Qwen2.5-3B-Instruct,bfloat16,2026-08-02T08:51:45,inference,12,1.4118729992769659,24,
V100,Tesla V100-PCIE-16GB,qwen-3b,Qwen/Qwen2.5-3B-Instruct,bfloat16,2026-08-02T08:51:45,inference,13,1.4012959012761712,24,
V100,Tesla V100-PCIE-16GB,qwen-3b,Qwen/Qwen2.5-3B-Instruct,bfloat16,2026-08-02T08:51:45,inference,14,1.4006884819827974,24,
V100,Tesla V100-PCIE-16GB,qwen-3b,Qwen/Qwen2.5-3B-Instruct,bfloat16,2026-08-02T08:51:45,inference,15,1.400743544101715,24,
V100,Tesla V100-PCIE-16GB,qwen-3b,Qwen/Qwen2.5-3B-Instruct,bfloat16,2026-08-02T08:51:45,inference,16,1.424061827827245,24,
V100,Tesla V100-PCIE-16GB,qwen-3b,Qwen/Qwen2.5-3B-Instruct,bfloat16,2026-08-02T08:51:45,inference,17,1.4015297768637538,24,
V100,Tesla V100-PCIE-16GB,qwen-3b,Qwen/Qwen2.5-3B-Instruct,bfloat16,2026-08-02T08:51:45,inference,18,1.4065402299165726,24,
V100,Tesla V100-PCIE-16GB,qwen-3b,Qwen/Qwen2.5-3B-Instruct,bfloat16,2026-08-02T08:51:45,inference,19,1.4001570930704474,24,
V100,Tesla V100-PCIE-16GB,qwen-3b,Qwen/Qwen2.5-3B-Instruct,bfloat16,2026-08-02T08:51:45,inference,20,1.3989969589747488,24,
V100,Tesla V100-PCIE-16GB,qwen-3b,Qwen/Qwen2.5-3B-Instruct,bfloat16,2026-08-02T08:51:45,inference,21,1.4010386690497398,24,
V100,Tesla V100-PCIE-16GB,qwen-3b,Qwen/Qwen2.5-3B-Instruct,bfloat16,2026-08-02T08:51:45,inference,22,1.401940175332129,24,
V100,Tesla V100-PCIE-16GB,qwen-3b,Qwen/Qwen2.5-3B-Instruct,bfloat16,2026-08-02T08:51:45,inference,23,1.4091093568131328,24,
V100,Tesla V100-PCIE-16GB,qwen-3b,Qwen/Qwen2.5-3B-Instruct,bfloat16,2026-08-02T08:51:45,inference,24,1.4000933859497309,24,
V100,Tesla V100-PCIE-16GB,qwen-3b,Qwen/Qwen2.5-3B-Instruct,bfloat16,2026-08-02T08:51:45,inference,25,1.3999283937737346,24,
V100,Tesla V100-PCIE-16GB,qwen-3b,Qwen/Qwen2.5-3B-Instruct,bfloat16,2026-08-02T08:51:45,inference,26,1.400361031293869,24,
V100,Tesla V100-PCIE-16GB,qwen-3b,Qwen/Qwen2.5-3B-Instruct,bfloat16,2026-08-02T08:51:45,inference,27,1.4006089209578931,24,
V100,Tesla V100-PCIE-16GB,qwen-3b,Qwen/Qwen2.5-3B-Instruct,bfloat16,2026-08-02T08:51:45,inference,28,1.399662374984473,24,
V100,Tesla V100-PCIE-16GB,qwen-3b,Qwen/Qwen2.5-3B-Instruct,bfloat16,2026-08-02T08:51:45,inference,29,1.3997993688099086,24,
V100,Tesla V100-PCIE-16GB,qwen-3b,Qwen/Qwen2.5-3B-Instruct,bfloat16,2026-08-02T08:51:45,inference,30,1.3986779772676528,24,
V100,Tesla V100-PCIE-16GB,qwen-3b,Qwen/Qwen2.5-3B-Instruct,bfloat16,2026-08-02T08:51:45,inference,31,1.4000814957544208,24,
V100,Tesla V100-PCIE-16GB,qwen-3b,Qwen/Qwen2.5-3B-Instruct,bfloat16,2026-08-02T08:51:45,inference,32,1.399835875723511,24,
V100,Tesla V100-PCIE-16GB,qwen-3b,Qwen/Qwen2.5-3B-Instruct,bfloat16,2026-08-02T08:51:45,inference,33,1.4123154222033918,24,
V100,Tesla V100-PCIE-16GB,qwen-3b,Qwen/Qwen2.5-3B-Instruct,bfloat16,2026-08-02T08:51:45,inference,34,1.3997444547712803,24,
V100,Tesla V100-PCIE-16GB,qwen-3b,Qwen/Qwen2.5-3B-Instruct,bfloat16,2026-08-02T08:51:45,inference,35,1.4006173228845,24,
V100,Tesla V100-PCIE-16GB,qwen-3b,Qwen/Qwen2.5-3B-Instruct,bfloat16,2026-08-02T08:51:45,inference,36,1.399733904749155,24,
V100,Tesla V100-PCIE-16GB,qwen-3b,Qwen/Qwen2.5-3B-Instruct,bfloat16,2026-08-02T08:51:45,inference,37,1.4010026147589087,24,
V100,Tesla V100-PCIE-16GB,qwen-3b,Qwen/Qwen2.5-3B-Instruct,bfloat16,2026-08-02T08:51:45,inference,38,1.3996872650459409,24,
V100,Tesla V100-PCIE-16GB,qwen-3b,Qwen/Qwen2.5-3B-Instruct,bfloat16,2026-08-02T08:51:45,inference,39,1.4028079090639949,24,
V100,Tesla V100-PCIE-16GB,qwen-3b,Qwen/Qwen2.5-3B-Instruct,bfloat16,2026-08-02T08:51:45,inference,40,1.401492403820157,24,
V100,Tesla V100-PCIE-16GB,qwen-3b,Qwen/Qwen2.5-3B-Instruct,bfloat16,2026-08-02T08:51:45,inference,41,1.4178631263785064,24,
V100,Tesla V100-PCIE-16GB,qwen-3b,Qwen/Qwen2.5-3B-Instruct,bfloat16,2026-08-02T08:51:45,inference,42,1.4095590179786086,24,
V100,Tesla V100-PCIE-16GB,qwen-3b,Qwen/Qwen2.5-3B-Instruct,bfloat16,2026-08-02T08:51:45,inference,43,1.4177617859095335,24,
V100,Tesla V100-PCIE-16GB,qwen-3b,Qwen/Qwen2.5-3B-Instruct,bfloat16,2026-08-02T08:51:45,inference,44,1.4283613781444728,24,
V100,Tesla V100-PCIE-16GB,qwen-3b,Qwen/Qwen2.5-3B-Instruct,bfloat16,2026-08-02T08:51:45,inference,45,1.4120717933401465,24,
V100,Tesla V100-PCIE-16GB,qwen-3b,Qwen/Qwen2.5-3B-Instruct,bfloat16,2026-08-02T08:51:45,inference,46,1.4113911227323115,24,
V100,Tesla V100-PCIE-16GB,qwen-3b,Qwen/Qwen2.5-3B-Instruct,bfloat16,2026-08-02T08:51:45,inference,47,1.4105040449649096,24,
V100,Tesla V100-PCIE-16GB,qwen-3b,Qwen/Qwen2.5-3B-Instruct,bfloat16,2026-08-02T08:51:45,inference,48,1.4112191633321345,24,
V100,Tesla V100-PCIE-16GB,qwen-3b,Qwen/Qwen2.5-3B-Instruct,bfloat16,2026-08-02T08:51:45,inference,49,1.4114725938998163,24,
V100,Tesla V100-PCIE-16GB,qwen-3b,Qwen/Qwen2.5-3B-Instruct,bfloat16,2026-08-02T08:51:45,inference,50,1.4115574820898473,24,
V100,Tesla V100-PCIE-16GB,qwen-3b,Qwen/Qwen2.5-3B-Instruct,bfloat16,2026-08-02T08:51:45,inference,51,1.4051141808740795,24,
V100,Tesla V100-PCIE-16GB,qwen-3b,Qwen/Qwen2.5-3B-Instruct,bfloat16,2026-08-02T08:51:45,inference,52,1.4009119677357376,24,
V100,Tesla V100-PCIE-16GB,qwen-3b,Qwen/Qwen2.5-3B-Instruct,bfloat16,2026-08-02T08:51:45,inference,53,1.4011495020240545,24,
V100,Tesla V100-PCIE-16GB,qwen-3b,Qwen/Qwen2.5-3B-Instruct,bfloat16,2026-08-02T08:51:45,inference,54,1.4065845478326082,24,
V100,Tesla V100-PCIE-16GB,qwen-3b,Qwen/Qwen2.5-3B-Instruct,bfloat16,2026-08-02T08:51:45,inference,55,1.408212061971426,24,
V100,Tesla V100-PCIE-16GB,qwen-3b,Qwen/Qwen2.5-3B-Instruct,bfloat16,2026-08-02T08:51:45,inference,56,1.4007705203257501,24,
V100,Tesla V100-PCIE-16GB,qwen-3b,Qwen/Qwen2.5-3B-Instruct,bfloat16,2026-08-02T08:51:45,inference,57,1.4017459419555962,24,
V100,Tesla V100-PCIE-16GB,qwen-3b,Qwen/Qwen2.5-3B-Instruct,bfloat16,2026-08-02T08:51:45,inference,58,1.4019969967193902,24,
V100,Tesla V100-PCIE-16GB,qwen-3b,Qwen/Qwen2.5-3B-Instruct,bfloat16,2026-08-02T08:51:45,inference,59,1.4019922707229853,24,
V100,Tesla V100-PCIE-16GB,qwen-3b,Qwen/Qwen2.5-3B-Instruct,bfloat16,2026-08-02T08:51:45,inference,60,1.4041343457065523,24,
V100,Tesla V100-PCIE-16GB,qwen-3b,Qwen/Qwen2.5-3B-Instruct,bfloat16,2026-08-02T08:51:45,inference,61,1.4136940357275307,24,
V100,Tesla V100-PCIE-16GB,qwen-3b,Qwen/Qwen2.5-3B-Instruct,bfloat16,2026-08-02T08:51:45,inference,62,1.4120440338738263,24,
V100,Tesla V100-PCIE-16GB,qwen-3b,Qwen/Qwen2.5-3B-Instruct,bfloat16,2026-08-02T08:51:45,inference,63,1.4138947129249573,24,
V100,Tesla V100-PCIE-16GB,qwen-3b,Qwen/Qwen2.5-3B-Instruct,bfloat16,2026-08-02T08:51:45,inference,64,1.413524696137756,24,
V100,Tesla V100-PCIE-16GB,qwen-3b,Qwen/Qwen2.5-3B-Instruct,bfloat16,2026-08-02T08:51:45,inference,65,1.4226847370155156,24,
V100,Tesla V100-PCIE-16GB,qwen-3b,Qwen/Qwen2.5-3B-Instruct,bfloat16,2026-08-02T08:51:45,inference,66,1.406646921299398,24,
V100,Tesla V100-PCIE-16GB,qwen-3b,Qwen/Qwen2.5-3B-Instruct,bfloat16,2026-08-02T08:51:45,inference,67,1.4014514810405672,24,
V100,Tesla V100-PCIE-16GB,qwen-3b,Qwen/Qwen2.5-3B-Instruct,bfloat16,2026-08-02T08:51:45,inference,68,1.4017880242317915,24,
V100,Tesla V100-PCIE-16GB,qwen-3b,Qwen/Qwen2.5-3B-Instruct,bfloat16,2026-08-02T08:51:45,inference,69,1.402766898740083,24,
V100,Tesla V100-PCIE-16GB,qwen-3b,Qwen/Qwen2.5-3B-Instruct,bfloat16,2026-08-02T08:51:45,inference,70,1.4016873487271369,24,
V100,Tesla V100-PCIE-16GB,qwen-3b,Qwen/Qwen2.5-3B-Instruct,bfloat16,2026-08-02T08:51:45,inference,71,1.4048899039626122,24,
V100,Tesla V100-PCIE-16GB,qwen-3b,Qwen/Qwen2.5-3B-Instruct,bfloat16,2026-08-02T08:51:45,inference,72,1.4017461566254497,24,
V100,Tesla V100-PCIE-16GB,qwen-3b,Qwen/Qwen2.5-3B-Instruct,bfloat16,2026-08-02T08:51:45,inference,73,1.4013873189687729,24,
V100,Tesla V100-PCIE-16GB,qwen-3b,Qwen/Qwen2.5-3B-Instruct,bfloat16,2026-08-02T08:51:45,inference,74,1.4077058481052518,24,
V100,Tesla V100-PCIE-16GB,qwen-3b,Qwen/Qwen2.5-3B-Instruct,bfloat16,2026-08-02T08:51:45,inference,75,1.4114995310083032,24,
V100,Tesla V100-PCIE-16GB,qwen-3b,Qwen/Qwen2.5-3B-Instruct,bfloat16,2026-08-02T08:51:45,inference,76,1.4165749340318143,24,
V100,Tesla V100-PCIE-16GB,qwen-3b,Qwen/Qwen2.5-3B-Instruct,bfloat16,2026-08-02T08:51:45,inference,77,1.4122215518727899,24,
V100,Tesla V100-PCIE-16GB,qwen-3b,Qwen/Qwen2.5-3B-Instruct,bfloat16,2026-08-02T08:51:45,inference,78,1.4131869380362332,24,
V100,Tesla V100-PCIE-16GB,qwen-3b,Qwen/Qwen2.5-3B-Instruct,bfloat16,2026-08-02T08:51:45,inference,79,1.4121516118757427,24,
V100,Tesla V100-PCIE-16GB,qwen-3b,Qwen/Qwen2.5-3B-Instruct,bfloat16,2026-08-02T08:51:45,inference,80,1.4100447506643832,24,
V100,Tesla V100-PCIE-16GB,qwen-3b,Qwen/Qwen2.5-3B-Instruct,bfloat16,2026-08-02T08:51:45,inference,81,1.4037164952605963,24,
V100,Tesla V100-PCIE-16GB,qwen-3b,Qwen/Qwen2.5-3B-Instruct,bfloat16,2026-08-02T08:51:45,inference,82,1.4018887868151069,24,
V100,Tesla V100-PCIE-16GB,qwen-3b,Qwen/Qwen2.5-3B-Instruct,bfloat16,2026-08-02T08:51:45,inference,83,1.4008940253406763,24,
V100,Tesla V100-PCIE-16GB,qwen-3b,Qwen/Qwen2.5-3B-Instruct,bfloat16,2026-08-02T08:51:45,inference,84,1.4024995942600071,24,
V100,Tesla V100-PCIE-16GB,qwen-3b,Qwen/Qwen2.5-3B-Instruct,bfloat16,2026-08-02T08:51:45,inference,85,1.4025293858721852,24,
V100,Tesla V100-PCIE-16GB,qwen-3b,Qwen/Qwen2.5-3B-Instruct,bfloat16,2026-08-02T08:51:45,inference,86,1.404948758892715,24,
V100,Tesla V100-PCIE-16GB,qwen-3b,Qwen/Qwen2.5-3B-Instruct,bfloat16,2026-08-02T08:51:45,inference,87,1.403059079311788,24,
V100,Tesla V100-PCIE-16GB,qwen-3b,Qwen/Qwen2.5-3B-Instruct,bfloat16,2026-08-02T08:51:45,inference,88,1.4004685026593506,24,
V100,Tesla V100-PCIE-16GB,qwen-3b,Qwen/Qwen2.5-3B-Instruct,bfloat16,2026-08-02T08:51:45,inference,89,1.4074815106578171,24,
V100,Tesla V100-PCIE-16GB,qwen-3b,Qwen/Qwen2.5-3B-Instruct,bfloat16,2026-08-02T08:51:45,inference,90,1.411158777307719,24,
V100,Tesla V100-PCIE-16GB,qwen-3b,Qwen/Qwen2.5-3B-Instruct,bfloat16,2026-08-02T08:51:45,inference,91,1.4123130119405687,24,
V100,Tesla V100-PCIE-16GB,qwen-3b,Qwen/Qwen2.5-3B-Instruct,bfloat16,2026-08-02T08:51:45,inference,92,1.4128782581537962,24,
V100,Tesla V100-PCIE-16GB,qwen-3b,Qwen/Qwen2.5-3B-Instruct,bfloat16,2026-08-02T08:51:45,inference,93,1.4135533622466028,24,
V100,Tesla V100-PCIE-16GB,qwen-3b,Qwen/Qwen2.5-3B-Instruct,bfloat16,2026-08-02T08:51:45,inference,94,1.4111058353446424,24,
V100,Tesla V100-PCIE-16GB,qwen-3b,Qwen/Qwen2.5-3B-Instruct,bfloat16,2026-08-02T08:51:45,inference,95,1.412025214638561,24,
V100,Tesla V100-PCIE-16GB,qwen-3b,Qwen/Qwen2.5-3B-Instruct,bfloat16,2026-08-02T08:51:45,inference,96,1.4110456397756934,24,
V100,Tesla V100-PCIE-16GB,qwen-3b,Qwen/Qwen2.5-3B-Instruct,bfloat16,2026-08-02T08:51:45,inference,97,1.4069086918607354,24,
V100,Tesla V100-PCIE-16GB,qwen-3b,Qwen/Qwen2.5-3B-Instruct,bfloat16,2026-08-02T08:51:45,inference,98,1.402055786922574,24,
V100,Tesla V100-PCIE-16GB,qwen-3b,Qwen/Qwen2.5-3B-Instruct,bfloat16,2026-08-02T08:51:45,inference,99,1.4013867140747607,24,
A100,NVIDIA A100-SXM4-80GB,llama-1b,meta-llama/Llama-3.2-1B-Instruct,bfloat16,2026-08-02T09:42:36,load,0,2.1509022410027683,0,
A100,NVIDIA A100-SXM4-80GB,llama-1b,meta-llama/Llama-3.2-1B-Instruct,bfloat16,2026-08-02T09:42:36,load,1,2.090578341856599,0,
A100,NVIDIA A100-SXM4-80GB,llama-1b,meta-llama/Llama-3.2-1B-Instruct,bfloat16,2026-08-02T09:42:36,load,2,1.9933690479956567,0,
A100,NVIDIA A100-SXM4-80GB,llama-1b,meta-llama/Llama-3.2-1B-Instruct,bfloat16,2026-08-02T09:42:36,load,3,1.989963026251644,0,
A100,NVIDIA A100-SXM4-80GB,llama-1b,meta-llama/Llama-3.2-1B-Instruct,bfloat16,2026-08-02T09:42:36,load,4,1.9344722358509898,0,
A100,NVIDIA A100-SXM4-80GB,llama-1b,meta-llama/Llama-3.2-1B-Instruct,bfloat16,2026-08-02T09:42:36,load,5,1.9438475430943072,0,
A100,NVIDIA A100-SXM4-80GB,llama-1b,meta-llama/Llama-3.2-1B-Instruct,bfloat16,2026-08-02T09:42:36,load,6,1.9203475629910827,0,
A100,NVIDIA A100-SXM4-80GB,llama-1b,meta-llama/Llama-3.2-1B-Instruct,bfloat16,2026-08-02T09:42:36,load,7,1.8921181042678654,0,
A100,NVIDIA A100-SXM4-80GB,llama-1b,meta-llama/Llama-3.2-1B-Instruct,bfloat16,2026-08-02T09:42:36,load,8,1.8996328627690673,0,
A100,NVIDIA A100-SXM4-80GB,llama-1b,meta-llama/Llama-3.2-1B-Instruct,bfloat16,2026-08-02T09:42:36,load,9,1.8882177961058915,0,
A100,NVIDIA A100-SXM4-80GB,llama-1b,meta-llama/Llama-3.2-1B-Instruct,bfloat16,2026-08-02T09:42:36,load,10,1.8913470688275993,0,
A100,NVIDIA A100-SXM4-80GB,llama-1b,meta-llama/Llama-3.2-1B-Instruct,bfloat16,2026-08-02T09:42:36,load,11,1.9480408770032227,0,
A100,NVIDIA A100-SXM4-80GB,llama-1b,meta-llama/Llama-3.2-1B-Instruct,bfloat16,2026-08-02T09:42:36,load,12,1.9156524441204965,0,
A100,NVIDIA A100-SXM4-80GB,llama-1b,meta-llama/Llama-3.2-1B-Instruct,bfloat16,2026-08-02T09:42:36,load,13,1.90766022214666,0,
A100,NVIDIA A100-SXM4-80GB,llama-1b,meta-llama/Llama-3.2-1B-Instruct,bfloat16,2026-08-02T09:42:36,load,14,1.9023485910147429,0,
A100,NVIDIA A100-SXM4-80GB,llama-1b,meta-llama/Llama-3.2-1B-Instruct,bfloat16,2026-08-02T09:42:36,load,15,1.8993117599748075,0,
A100,NVIDIA A100-SXM4-80GB,llama-1b,meta-llama/Llama-3.2-1B-Instruct,bfloat16,2026-08-02T09:42:36,load,16,1.9429302592761815,0,
A100,NVIDIA A100-SXM4-80GB,llama-1b,meta-llama/Llama-3.2-1B-Instruct,bfloat16,2026-08-02T09:42:36,load,17,1.9643986392766237,0,
A100,NVIDIA A100-SXM4-80GB,llama-1b,meta-llama/Llama-3.2-1B-Instruct,bfloat16,2026-08-02T09:42:36,load,18,1.939256427809596,0,
A100,NVIDIA A100-SXM4-80GB,llama-1b,meta-llama/Llama-3.2-1B-Instruct,bfloat16,2026-08-02T09:42:36,load,19,1.9306166982278228,0,
A100,NVIDIA A100-SXM4-80GB,llama-1b,meta-llama/Llama-3.2-1B-Instruct,bfloat16,2026-08-02T09:42:36,load,20,1.9135759589262307,0,
A100,NVIDIA A100-SXM4-80GB,llama-1b,meta-llama/Llama-3.2-1B-Instruct,bfloat16,2026-08-02T09:42:36,load,21,1.9426302937790751,0,
A100,NVIDIA A100-SXM4-80GB,llama-1b,meta-llama/Llama-3.2-1B-Instruct,bfloat16,2026-08-02T09:42:36,load,22,1.9474816541187465,0,
A100,NVIDIA A100-SXM4-80GB,llama-1b,meta-llama/Llama-3.2-1B-Instruct,bfloat16,2026-08-02T09:42:36,load,23,1.9303860939107835,0,
A100,NVIDIA A100-SXM4-80GB,llama-1b,meta-llama/Llama-3.2-1B-Instruct,bfloat16,2026-08-02T09:42:36,load,24,1.9609379237517715,0,
A100,NVIDIA A100-SXM4-80GB,llama-1b,meta-llama/Llama-3.2-1B-Instruct,bfloat16,2026-08-02T09:42:36,load,25,1.929112697020173,0,
A100,NVIDIA A100-SXM4-80GB,llama-1b,meta-llama/Llama-3.2-1B-Instruct,bfloat16,2026-08-02T09:42:36,load,26,1.9655567361041903,0,
A100,NVIDIA A100-SXM4-80GB,llama-1b,meta-llama/Llama-3.2-1B-Instruct,bfloat16,2026-08-02T09:42:36,load,27,1.9190279548056424,0,
A100,NVIDIA A100-SXM4-80GB,llama-1b,meta-llama/Llama-3.2-1B-Instruct,bfloat16,2026-08-02T09:42:36,load,28,1.887421052902937,0,
A100,NVIDIA A100-SXM4-80GB,llama-1b,meta-llama/Llama-3.2-1B-Instruct,bfloat16,2026-08-02T09:42:36,load,29,1.902213164139539,0,
A100,NVIDIA A100-SXM4-80GB,llama-1b,meta-llama/Llama-3.2-1B-Instruct,bfloat16,2026-08-02T09:42:36,load,30,1.9994482267647982,0,
A100,NVIDIA A100-SXM4-80GB,llama-1b,meta-llama/Llama-3.2-1B-Instruct,bfloat16,2026-08-02T09:42:36,load,31,1.8679870199412107,0,
A100,NVIDIA A100-SXM4-80GB,llama-1b,meta-llama/Llama-3.2-1B-Instruct,bfloat16,2026-08-02T09:42:36,load,32,1.8789661168120801,0,
A100,NVIDIA A100-SXM4-80GB,llama-1b,meta-llama/Llama-3.2-1B-Instruct,bfloat16,2026-08-02T09:42:36,load,33,1.87878801766783,0,
A100,NVIDIA A100-SXM4-80GB,llama-1b,meta-llama/Llama-3.2-1B-Instruct,bfloat16,2026-08-02T09:42:36,load,34,1.952373107895255,0,
A100,NVIDIA A100-SXM4-80GB,llama-1b,meta-llama/Llama-3.2-1B-Instruct,bfloat16,2026-08-02T09:42:36,load,35,1.960655976086855,0,
A100,NVIDIA A100-SXM4-80GB,llama-1b,meta-llama/Llama-3.2-1B-Instruct,bfloat16,2026-08-02T09:42:36,load,36,1.8842969150282443,0,
A100,NVIDIA A100-SXM4-80GB,llama-1b,meta-llama/Llama-3.2-1B-Instruct,bfloat16,2026-08-02T09:42:36,load,37,1.90644491603598,0,
A100,NVIDIA A100-SXM4-80GB,llama-1b,meta-llama/Llama-3.2-1B-Instruct,bfloat16,2026-08-02T09:42:36,load,38,1.8893999829888344,0,
A100,NVIDIA A100-SXM4-80GB,llama-1b,meta-llama/Llama-3.2-1B-Instruct,bfloat16,2026-08-02T09:42:36,load,39,1.8809545091353357,0,
A100,NVIDIA A100-SXM4-80GB,llama-1b,meta-llama/Llama-3.2-1B-Instruct,bfloat16,2026-08-02T09:42:36,load,40,1.8573571708984673,0,
A100,NVIDIA A100-SXM4-80GB,llama-1b,meta-llama/Llama-3.2-1B-Instruct,bfloat16,2026-08-02T09:42:36,load,41,1.933464708738029,0,
A100,NVIDIA A100-SXM4-80GB,llama-1b,meta-llama/Llama-3.2-1B-Instruct,bfloat16,2026-08-02T09:42:36,load,42,1.9626127621158957,0,
A100,NVIDIA A100-SXM4-80GB,llama-1b,meta-llama/Llama-3.2-1B-Instruct,bfloat16,2026-08-02T09:42:36,load,43,1.9539386569522321,0,
A100,NVIDIA A100-SXM4-80GB,llama-1b,meta-llama/Llama-3.2-1B-Instruct,bfloat16,2026-08-02T09:42:36,load,44,1.9046448240987957,0,
A100,NVIDIA A100-SXM4-80GB,llama-1b,meta-llama/Llama-3.2-1B-Instruct,bfloat16,2026-08-02T09:42:36,load,45,1.9517304371111095,0,
A100,NVIDIA A100-SXM4-80GB,llama-1b,meta-llama/Llama-3.2-1B-Instruct,bfloat16,2026-08-02T09:42:36,load,46,1.926889803726226,0,
A100,NVIDIA A100-SXM4-80GB,llama-1b,meta-llama/Llama-3.2-1B-Instruct,bfloat16,2026-08-02T09:42:36,load,47,1.9223375511355698,0,
A100,NVIDIA A100-SXM4-80GB,llama-1b,meta-llama/Llama-3.2-1B-Instruct,bfloat16,2026-08-02T09:42:36,load,48,1.930885090958327,0,
A100,NVIDIA A100-SXM4-80GB,llama-1b,meta-llama/Llama-3.2-1B-Instruct,bfloat16,2026-08-02T09:42:36,load,49,1.8658642070367932,0,
A100,NVIDIA A100-SXM4-80GB,llama-1b,meta-llama/Llama-3.2-1B-Instruct,bfloat16,2026-08-02T09:42:36,load,50,1.895368894096464,0,
A100,NVIDIA A100-SXM4-80GB,llama-1b,meta-llama/Llama-3.2-1B-Instruct,bfloat16,2026-08-02T09:42:36,load,51,1.8953071259893477,0,
A100,NVIDIA A100-SXM4-80GB,llama-1b,meta-llama/Llama-3.2-1B-Instruct,bfloat16,2026-08-02T09:42:36,load,52,1.9171027652919292,0,
A100,NVIDIA A100-SXM4-80GB,llama-1b,meta-llama/Llama-3.2-1B-Instruct,bfloat16,2026-08-02T09:42:36,load,53,1.8863045987673104,0,
A100,NVIDIA A100-SXM4-80GB,llama-1b,meta-llama/Llama-3.2-1B-Instruct,bfloat16,2026-08-02T09:42:36,load,54,1.881630496121943,0,
A100,NVIDIA A100-SXM4-80GB,llama-1b,meta-llama/Llama-3.2-1B-Instruct,bfloat16,2026-08-02T09:42:36,load,55,1.8711313409730792,0,
A100,NVIDIA A100-SXM4-80GB,llama-1b,meta-llama/Llama-3.2-1B-Instruct,bfloat16,2026-08-02T09:42:36,load,56,1.8893272979184985,0,
A100,NVIDIA A100-SXM4-80GB,llama-1b,meta-llama/Llama-3.2-1B-Instruct,bfloat16,2026-08-02T09:42:36,load,57,1.8786365748383105,0,
A100,NVIDIA A100-SXM4-80GB,llama-1b,meta-llama/Llama-3.2-1B-Instruct,bfloat16,2026-08-02T09:42:36,load,58,1.902185209095478,0,
A100,NVIDIA A100-SXM4-80GB,llama-1b,meta-llama/Llama-3.2-1B-Instruct,bfloat16,2026-08-02T09:42:36,load,59,1.8799817180261016,0,
A100,NVIDIA A100-SXM4-80GB,llama-1b,meta-llama/Llama-3.2-1B-Instruct,bfloat16,2026-08-02T09:42:36,load,60,1.87266883905977,0,
A100,NVIDIA A100-SXM4-80GB,llama-1b,meta-llama/Llama-3.2-1B-Instruct,bfloat16,2026-08-02T09:42:36,load,61,1.8723508468829095,0,
A100,NVIDIA A100-SXM4-80GB,llama-1b,meta-llama/Llama-3.2-1B-Instruct,bfloat16,2026-08-02T09:42:36,load,62,1.876526087988168,0,
A100,NVIDIA A100-SXM4-80GB,llama-1b,meta-llama/Llama-3.2-1B-Instruct,bfloat16,2026-08-02T09:42:36,load,63,2.0010261912830174,0,
A100,NVIDIA A100-SXM4-80GB,llama-1b,meta-llama/Llama-3.2-1B-Instruct,bfloat16,2026-08-02T09:42:36,load,64,1.8692664508707821,0,
A100,NVIDIA A100-SXM4-80GB,llama-1b,meta-llama/Llama-3.2-1B-Instruct,bfloat16,2026-08-02T09:42:36,load,65,1.8619683338329196,0,
A100,NVIDIA A100-SXM4-80GB,llama-1b,meta-llama/Llama-3.2-1B-Instruct,bfloat16,2026-08-02T09:42:36,load,66,1.9223160408437252,0,
A100,NVIDIA A100-SXM4-80GB,llama-1b,meta-llama/Llama-3.2-1B-Instruct,bfloat16,2026-08-02T09:42:36,load,67,1.9579532300122082,0,
A100,NVIDIA A100-SXM4-80GB,llama-1b,meta-llama/Llama-3.2-1B-Instruct,bfloat16,2026-08-02T09:42:36,load,68,1.8517169822007418,0,
A100,NVIDIA A100-SXM4-80GB,llama-1b,meta-llama/Llama-3.2-1B-Instruct,bfloat16,2026-08-02T09:42:36,load,69,1.9186831922270358,0,
A100,NVIDIA A100-SXM4-80GB,llama-1b,meta-llama/Llama-3.2-1B-Instruct,bfloat16,2026-08-02T09:42:36,load,70,1.866476038005203,0,
A100,NVIDIA A100-SXM4-80GB,llama-1b,meta-llama/Llama-3.2-1B-Instruct,bfloat16,2026-08-02T09:42:36,load,71,1.873700357042253,0,
A100,NVIDIA A100-SXM4-80GB,llama-1b,meta-llama/Llama-3.2-1B-Instruct,bfloat16,2026-08-02T09:42:36,load,72,1.8631292986683547,0,
A100,NVIDIA A100-SXM4-80GB,llama-1b,meta-llama/Llama-3.2-1B-Instruct,bfloat16,2026-08-02T09:42:36,load,73,1.8590883817523718,0,
A100,NVIDIA A100-SXM4-80GB,llama-1b,meta-llama/Llama-3.2-1B-Instruct,bfloat16,2026-08-02T09:42:36,load,74,1.8723875735886395,0,
A100,NVIDIA A100-SXM4-80GB,llama-1b,meta-llama/Llama-3.2-1B-Instruct,bfloat16,2026-08-02T09:42:36,load,75,1.8714339421130717,0,
A100,NVIDIA A100-SXM4-80GB,llama-1b,meta-llama/Llama-3.2-1B-Instruct,bfloat16,2026-08-02T09:42:36,load,76,1.9026709231548011,0,
A100,NVIDIA A100-SXM4-80GB,llama-1b,meta-llama/Llama-3.2-1B-Instruct,bfloat16,2026-08-02T09:42:36,load,77,1.8829169510863721,0,
A100,NVIDIA A100-SXM4-80GB,llama-1b,meta-llama/Llama-3.2-1B-Instruct,bfloat16,2026-08-02T09:42:36,load,78,1.8707993510179222,0,
A100,NVIDIA A100-SXM4-80GB,llama-1b,meta-llama/Llama-3.2-1B-Instruct,bfloat16,2026-08-02T09:42:36,load,79,1.8778468896634877,0,
A100,NVIDIA A100-SXM4-80GB,llama-1b,meta-llama/Llama-3.2-1B-Instruct,bfloat16,2026-08-02T09:42:36,load,80,1.866749684792012,0,
A100,NVIDIA A100-SXM4-80GB,llama-1b,meta-llama/Llama-3.2-1B-Instruct,bfloat16,2026-08-02T09:42:36,load,81,1.8558176290243864,0,
A100,NVIDIA A100-SXM4-80GB,llama-1b,meta-llama/Llama-3.2-1B-Instruct,bfloat16,2026-08-02T09:42:36,load,82,1.8618758749216795,0,
A100,NVIDIA A100-SXM4-80GB,llama-1b,meta-llama/Llama-3.2-1B-Instruct,bfloat16,2026-08-02T09:42:36,load,83,1.869109112303704,0,
A100,NVIDIA A100-SXM4-80GB,llama-1b,meta-llama/Llama-3.2-1B-Instruct,bfloat16,2026-08-02T09:42:36,load,84,1.864134029019624,0,
A100,NVIDIA A100-SXM4-80GB,llama-1b,meta-llama/Llama-3.2-1B-Instruct,bfloat16,2026-08-02T09:42:36,load,85,1.8529404648579657,0,
A100,NVIDIA A100-SXM4-80GB,llama-1b,meta-llama/Llama-3.2-1B-Instruct,bfloat16,2026-08-02T09:42:36,load,86,1.9741864181123674,0,
A100,NVIDIA A100-SXM4-80GB,llama-1b,meta-llama/Llama-3.2-1B-Instruct,bfloat16,2026-08-02T09:42:36,load,87,1.881325607188046,0,
A100,NVIDIA A100-SXM4-80GB,llama-1b,meta-llama/Llama-3.2-1B-Instruct,bfloat16,2026-08-02T09:42:36,load,88,1.8650394100695848,0,
A100,NVIDIA A100-SXM4-80GB,llama-1b,meta-llama/Llama-3.2-1B-Instruct,bfloat16,2026-08-02T09:42:36,load,89,1.8908692868426442,0,
A100,NVIDIA A100-SXM4-80GB,llama-1b,meta-llama/Llama-3.2-1B-Instruct,bfloat16,2026-08-02T09:42:36,load,90,1.8637012266553938,0,
A100,NVIDIA A100-SXM4-80GB,llama-1b,meta-llama/Llama-3.2-1B-Instruct,bfloat16,2026-08-02T09:42:36,load,91,1.9201772580854595,0,
A100,NVIDIA A100-SXM4-80GB,llama-1b,meta-llama/Llama-3.2-1B-Instruct,bfloat16,2026-08-02T09:42:36,load,92,1.910565020982176,0,
A100,NVIDIA A100-SXM4-80GB,llama-1b,meta-llama/Llama-3.2-1B-Instruct,bfloat16,2026-08-02T09:42:36,load,93,1.9275574032217264,0,
A100,NVIDIA A100-SXM4-80GB,llama-1b,meta-llama/Llama-3.2-1B-Instruct,bfloat16,2026-08-02T09:42:36,load,94,1.8536097519099712,0,
A100,NVIDIA A100-SXM4-80GB,llama-1b,meta-llama/Llama-3.2-1B-Instruct,bfloat16,2026-08-02T09:42:36,load,95,1.8814008198678493,0,
A100,NVIDIA A100-SXM4-80GB,llama-1b,meta-llama/Llama-3.2-1B-Instruct,bfloat16,2026-08-02T09:42:36,load,96,1.8698900872841477,0,
A100,NVIDIA A100-SXM4-80GB,llama-1b,meta-llama/Llama-3.2-1B-Instruct,bfloat16,2026-08-02T09:42:36,load,97,1.8624270930886269,0,
A100,NVIDIA A100-SXM4-80GB,llama-1b,meta-llama/Llama-3.2-1B-Instruct,bfloat16,2026-08-02T09:42:36,load,98,1.8745060600340366,0,
A100,NVIDIA A100-SXM4-80GB,llama-1b,meta-llama/Llama-3.2-1B-Instruct,bfloat16,2026-08-02T09:42:36,load,99,1.8609477318823338,0,
A100,NVIDIA A100-SXM4-80GB,llama-1b,meta-llama/Llama-3.2-1B-Instruct,bfloat16,2026-08-02T09:42:36,inference,0,0.19680330296978354,24,
A100,NVIDIA A100-SXM4-80GB,llama-1b,meta-llama/Llama-3.2-1B-Instruct,bfloat16,2026-08-02T09:42:36,inference,1,0.1969232107512653,24,
A100,NVIDIA A100-SXM4-80GB,llama-1b,meta-llama/Llama-3.2-1B-Instruct,bfloat16,2026-08-02T09:42:36,inference,2,0.19706622185185552,24,
A100,NVIDIA A100-SXM4-80GB,llama-1b,meta-llama/Llama-3.2-1B-Instruct,bfloat16,2026-08-02T09:42:36,inference,3,0.19698144309222698,24,
A100,NVIDIA A100-SXM4-80GB,llama-1b,meta-llama/Llama-3.2-1B-Instruct,bfloat16,2026-08-02T09:42:36,inference,4,0.1966570862568915,24,
A100,NVIDIA A100-SXM4-80GB,llama-1b,meta-llama/Llama-3.2-1B-Instruct,bfloat16,2026-08-02T09:42:36,inference,5,0.19693568209186196,24,
A100,NVIDIA A100-SXM4-80GB,llama-1b,meta-llama/Llama-3.2-1B-Instruct,bfloat16,2026-08-02T09:42:36,inference,6,0.19648284884169698,24,
A100,NVIDIA A100-SXM4-80GB,llama-1b,meta-llama/Llama-3.2-1B-Instruct,bfloat16,2026-08-02T09:42:36,inference,7,0.1967167961411178,24,
A100,NVIDIA A100-SXM4-80GB,llama-1b,meta-llama/Llama-3.2-1B-Instruct,bfloat16,2026-08-02T09:42:36,inference,8,0.1969263548962772,24,
A100,NVIDIA A100-SXM4-80GB,llama-1b,meta-llama/Llama-3.2-1B-Instruct,bfloat16,2026-08-02T09:42:36,inference,9,0.19690977316349745,24,
A100,NVIDIA A100-SXM4-80GB,llama-1b,meta-llama/Llama-3.2-1B-Instruct,bfloat16,2026-08-02T09:42:36,inference,10,0.19695989275351167,24,
A100,NVIDIA A100-SXM4-80GB,llama-1b,meta-llama/Llama-3.2-1B-Instruct,bfloat16,2026-08-02T09:42:36,inference,11,0.196822936180979,24,
A100,NVIDIA A100-SXM4-80GB,llama-1b,meta-llama/Llama-3.2-1B-Instruct,bfloat16,2026-08-02T09:42:36,inference,12,0.19692034227773547,24,
A100,NVIDIA A100-SXM4-80GB,llama-1b,meta-llama/Llama-3.2-1B-Instruct,bfloat16,2026-08-02T09:42:36,inference,13,0.1967847617343068,24,
A100,NVIDIA A100-SXM4-80GB,llama-1b,meta-llama/Llama-3.2-1B-Instruct,bfloat16,2026-08-02T09:42:36,inference,14,0.19696165062487125,24,
A100,NVIDIA A100-SXM4-80GB,llama-1b,meta-llama/Llama-3.2-1B-Instruct,bfloat16,2026-08-02T09:42:36,inference,15,0.1965503660030663,24,
A100,NVIDIA A100-SXM4-80GB,llama-1b,meta-llama/Llama-3.2-1B-Instruct,bfloat16,2026-08-02T09:42:36,inference,16,0.19666066393256187,24,
A100,NVIDIA A100-SXM4-80GB,llama-1b,meta-llama/Llama-3.2-1B-Instruct,bfloat16,2026-08-02T09:42:36,inference,17,0.19683862011879683,24,
A100,NVIDIA A100-SXM4-80GB,llama-1b,meta-llama/Llama-3.2-1B-Instruct,bfloat16,2026-08-02T09:42:36,inference,18,0.19654230680316687,24,
A100,NVIDIA A100-SXM4-80GB,llama-1b,meta-llama/Llama-3.2-1B-Instruct,bfloat16,2026-08-02T09:42:36,inference,19,0.19691213173791766,24,
A100,NVIDIA A100-SXM4-80GB,llama-1b,meta-llama/Llama-3.2-1B-Instruct,bfloat16,2026-08-02T09:42:36,inference,20,0.19673306634649634,24,
A100,NVIDIA A100-SXM4-80GB,llama-1b,meta-llama/Llama-3.2-1B-Instruct,bfloat16,2026-08-02T09:42:36,inference,21,0.19643679400905967,24,
A100,NVIDIA A100-SXM4-80GB,llama-1b,meta-llama/Llama-3.2-1B-Instruct,bfloat16,2026-08-02T09:42:36,inference,22,0.1966229984536767,24,
A100,NVIDIA A100-SXM4-80GB,llama-1b,meta-llama/Llama-3.2-1B-Instruct,bfloat16,2026-08-02T09:42:36,inference,23,0.19686375884339213,24,
A100,NVIDIA A100-SXM4-80GB,llama-1b,meta-llama/Llama-3.2-1B-Instruct,bfloat16,2026-08-02T09:42:36,inference,24,0.19653793005272746,24,
A100,NVIDIA A100-SXM4-80GB,llama-1b,meta-llama/Llama-3.2-1B-Instruct,bfloat16,2026-08-02T09:42:36,inference,25,0.19643463985994458,24,
A100,NVIDIA A100-SXM4-80GB,llama-1b,meta-llama/Llama-3.2-1B-Instruct,bfloat16,2026-08-02T09:42:36,inference,26,0.1965320147573948,24,
A100,NVIDIA A100-SXM4-80GB,llama-1b,meta-llama/Llama-3.2-1B-Instruct,bfloat16,2026-08-02T09:42:36,inference,27,0.19850146397948265,24,
A100,NVIDIA A100-SXM4-80GB,llama-1b,meta-llama/Llama-3.2-1B-Instruct,bfloat16,2026-08-02T09:42:36,inference,28,0.1965363807976246,24,
A100,NVIDIA A100-SXM4-80GB,llama-1b,meta-llama/Llama-3.2-1B-Instruct,bfloat16,2026-08-02T09:42:36,inference,29,0.19619264313951135,24,
A100,NVIDIA A100-SXM4-80GB,llama-1b,meta-llama/Llama-3.2-1B-Instruct,bfloat16,2026-08-02T09:42:36,inference,30,0.19665269181132317,24,
A100,NVIDIA A100-SXM4-80GB,llama-1b,meta-llama/Llama-3.2-1B-Instruct,bfloat16,2026-08-02T09:42:36,inference,31,0.1968666589818895,24,
A100,NVIDIA A100-SXM4-80GB,llama-1b,meta-llama/Llama-3.2-1B-Instruct,bfloat16,2026-08-02T09:42:36,inference,32,0.19690659176558256,24,
A100,NVIDIA A100-SXM4-80GB,llama-1b,meta-llama/Llama-3.2-1B-Instruct,bfloat16,2026-08-02T09:42:36,inference,33,0.1968360859900713,24,
A100,NVIDIA A100-SXM4-80GB,llama-1b,meta-llama/Llama-3.2-1B-Instruct,bfloat16,2026-08-02T09:42:36,inference,34,0.196703617926687,24,
A100,NVIDIA A100-SXM4-80GB,llama-1b,meta-llama/Llama-3.2-1B-Instruct,bfloat16,2026-08-02T09:42:36,inference,35,0.19654094241559505,24,
A100,NVIDIA A100-SXM4-80GB,llama-1b,meta-llama/Llama-3.2-1B-Instruct,bfloat16,2026-08-02T09:42:36,inference,36,0.19637481728568673,24,
A100,NVIDIA A100-SXM4-80GB,llama-1b,meta-llama/Llama-3.2-1B-Instruct,bfloat16,2026-08-02T09:42:36,inference,37,0.19678080268204212,24,
A100,NVIDIA A100-SXM4-80GB,llama-1b,meta-llama/Llama-3.2-1B-Instruct,bfloat16,2026-08-02T09:42:36,inference,38,0.1965676718391478,24,
A100,NVIDIA A100-SXM4-80GB,llama-1b,meta-llama/Llama-3.2-1B-Instruct,bfloat16,2026-08-02T09:42:36,inference,39,0.19662607926875353,24,
A100,NVIDIA A100-SXM4-80GB,llama-1b,meta-llama/Llama-3.2-1B-Instruct,bfloat16,2026-08-02T09:42:36,inference,40,0.19693729700520635,24,
A100,NVIDIA A100-SXM4-80GB,llama-1b,meta-llama/Llama-3.2-1B-Instruct,bfloat16,2026-08-02T09:42:36,inference,41,0.19689513789489865,24,
A100,NVIDIA A100-SXM4-80GB,llama-1b,meta-llama/Llama-3.2-1B-Instruct,bfloat16,2026-08-02T09:42:36,inference,42,0.19735340308398008,24,
A100,NVIDIA A100-SXM4-80GB,llama-1b,meta-llama/Llama-3.2-1B-Instruct,bfloat16,2026-08-02T09:42:36,inference,43,0.19738073833286762,24,
A100,NVIDIA A100-SXM4-80GB,llama-1b,meta-llama/Llama-3.2-1B-Instruct,bfloat16,2026-08-02T09:42:36,inference,44,0.19655162608250976,24,
A100,NVIDIA A100-SXM4-80GB,llama-1b,meta-llama/Llama-3.2-1B-Instruct,bfloat16,2026-08-02T09:42:36,inference,45,0.19682380184531212,24,
A100,NVIDIA A100-SXM4-80GB,llama-1b,meta-llama/Llama-3.2-1B-Instruct,bfloat16,2026-08-02T09:42:36,inference,46,0.19689302193000913,24,
A100,NVIDIA A100-SXM4-80GB,llama-1b,meta-llama/Llama-3.2-1B-Instruct,bfloat16,2026-08-02T09:42:36,inference,47,0.1967952880077064,24,
A100,NVIDIA A100-SXM4-80GB,llama-1b,meta-llama/Llama-3.2-1B-Instruct,bfloat16,2026-08-02T09:42:36,inference,48,0.19718260783702135,24,
A100,NVIDIA A100-SXM4-80GB,llama-1b,meta-llama/Llama-3.2-1B-Instruct,bfloat16,2026-08-02T09:42:36,inference,49,0.19668276701122522,24,
A100,NVIDIA A100-SXM4-80GB,llama-1b,meta-llama/Llama-3.2-1B-Instruct,bfloat16,2026-08-02T09:42:36,inference,50,0.19731835322454572,24,
A100,NVIDIA A100-SXM4-80GB,llama-1b,meta-llama/Llama-3.2-1B-Instruct,bfloat16,2026-08-02T09:42:36,inference,51,0.19683009898290038,24,
A100,NVIDIA A100-SXM4-80GB,llama-1b,meta-llama/Llama-3.2-1B-Instruct,bfloat16,2026-08-02T09:42:36,inference,52,0.19688537018373609,24,
A100,NVIDIA A100-SXM4-80GB,llama-1b,meta-llama/Llama-3.2-1B-Instruct,bfloat16,2026-08-02T09:42:36,inference,53,0.196969922631979,24,
A100,NVIDIA A100-SXM4-80GB,llama-1b,meta-llama/Llama-3.2-1B-Instruct,bfloat16,2026-08-02T09:42:36,inference,54,0.19691544398665428,24,
A100,NVIDIA A100-SXM4-80GB,llama-1b,meta-llama/Llama-3.2-1B-Instruct,bfloat16,2026-08-02T09:42:36,inference,55,0.19644230511039495,24,
A100,NVIDIA A100-SXM4-80GB,llama-1b,meta-llama/Llama-3.2-1B-Instruct,bfloat16,2026-08-02T09:42:36,inference,56,0.19685039902105927,24,
A100,NVIDIA A100-SXM4-80GB,llama-1b,meta-llama/Llama-3.2-1B-Instruct,bfloat16,2026-08-02T09:42:36,inference,57,0.19673147704452276,24,
A100,NVIDIA A100-SXM4-80GB,llama-1b,meta-llama/Llama-3.2-1B-Instruct,bfloat16,2026-08-02T09:42:36,inference,58,0.19723239820450544,24,
A100,NVIDIA A100-SXM4-80GB,llama-1b,meta-llama/Llama-3.2-1B-Instruct,bfloat16,2026-08-02T09:42:36,inference,59,0.1972683798521757,24,
A100,NVIDIA A100-SXM4-80GB,llama-1b,meta-llama/Llama-3.2-1B-Instruct,bfloat16,2026-08-02T09:42:36,inference,60,0.19694414362311363,24,
A100,NVIDIA A100-SXM4-80GB,llama-1b,meta-llama/Llama-3.2-1B-Instruct,bfloat16,2026-08-02T09:42:36,inference,61,0.19684774288907647,24,
A100,NVIDIA A100-SXM4-80GB,llama-1b,meta-llama/Llama-3.2-1B-Instruct,bfloat16,2026-08-02T09:42:36,inference,62,0.19693711027503014,24,
A100,NVIDIA A100-SXM4-80GB,llama-1b,meta-llama/Llama-3.2-1B-Instruct,bfloat16,2026-08-02T09:42:36,inference,63,0.1969311679713428,24,
A100,NVIDIA A100-SXM4-80GB,llama-1b,meta-llama/Llama-3.2-1B-Instruct,bfloat16,2026-08-02T09:42:36,inference,64,0.197001573164016,24,
A100,NVIDIA A100-SXM4-80GB,llama-1b,meta-llama/Llama-3.2-1B-Instruct,bfloat16,2026-08-02T09:42:36,inference,65,0.19661340676248074,24,
A100,NVIDIA A100-SXM4-80GB,llama-1b,meta-llama/Llama-3.2-1B-Instruct,bfloat16,2026-08-02T09:42:36,inference,66,0.19649109104648232,24,
A100,NVIDIA A100-SXM4-80GB,llama-1b,meta-llama/Llama-3.2-1B-Instruct,bfloat16,2026-08-02T09:42:36,inference,67,0.19687741296365857,24,
A100,NVIDIA A100-SXM4-80GB,llama-1b,meta-llama/Llama-3.2-1B-Instruct,bfloat16,2026-08-02T09:42:36,inference,68,0.19703933969140053,24,
A100,NVIDIA A100-SXM4-80GB,llama-1b,meta-llama/Llama-3.2-1B-Instruct,bfloat16,2026-08-02T09:42:36,inference,69,0.19654426584020257,24,
A100,NVIDIA A100-SXM4-80GB,llama-1b,meta-llama/Llama-3.2-1B-Instruct,bfloat16,2026-08-02T09:42:36,inference,70,0.19701017485931516,24,
A100,NVIDIA A100-SXM4-80GB,llama-1b,meta-llama/Llama-3.2-1B-Instruct,bfloat16,2026-08-02T09:42:36,inference,71,0.19689811300486326,24,
A100,NVIDIA A100-SXM4-80GB,llama-1b,meta-llama/Llama-3.2-1B-Instruct,bfloat16,2026-08-02T09:42:36,inference,72,0.1968321641907096,24,
A100,NVIDIA A100-SXM4-80GB,llama-1b,meta-llama/Llama-3.2-1B-Instruct,bfloat16,2026-08-02T09:42:36,inference,73,0.19902954110875726,24,
A100,NVIDIA A100-SXM4-80GB,llama-1b,meta-llama/Llama-3.2-1B-Instruct,bfloat16,2026-08-02T09:42:36,inference,74,0.2025728840380907,24,
A100,NVIDIA A100-SXM4-80GB,llama-1b,meta-llama/Llama-3.2-1B-Instruct,bfloat16,2026-08-02T09:42:36,inference,75,0.1968791550025344,24,
A100,NVIDIA A100-SXM4-80GB,llama-1b,meta-llama/Llama-3.2-1B-Instruct,bfloat16,2026-08-02T09:42:36,inference,76,0.19666384207084775,24,
A100,NVIDIA A100-SXM4-80GB,llama-1b,meta-llama/Llama-3.2-1B-Instruct,bfloat16,2026-08-02T09:42:36,inference,77,0.1968146748840809,24,
A100,NVIDIA A100-SXM4-80GB,llama-1b,meta-llama/Llama-3.2-1B-Instruct,bfloat16,2026-08-02T09:42:36,inference,78,0.19709079200401902,24,
A100,NVIDIA A100-SXM4-80GB,llama-1b,meta-llama/Llama-3.2-1B-Instruct,bfloat16,2026-08-02T09:42:36,inference,79,0.19697836693376303,24,
A100,NVIDIA A100-SXM4-80GB,llama-1b,meta-llama/Llama-3.2-1B-Instruct,bfloat16,2026-08-02T09:42:36,inference,80,0.1966630988754332,24,
A100,NVIDIA A100-SXM4-80GB,llama-1b,meta-llama/Llama-3.2-1B-Instruct,bfloat16,2026-08-02T09:42:36,inference,81,0.19693047320470214,24,
A100,NVIDIA A100-SXM4-80GB,llama-1b,meta-llama/Llama-3.2-1B-Instruct,bfloat16,2026-08-02T09:42:36,inference,82,0.1966058467514813,24,
A100,NVIDIA A100-SXM4-80GB,llama-1b,meta-llama/Llama-3.2-1B-Instruct,bfloat16,2026-08-02T09:42:36,inference,83,0.19691085489466786,24,
A100,NVIDIA A100-SXM4-80GB,llama-1b,meta-llama/Llama-3.2-1B-Instruct,bfloat16,2026-08-02T09:42:36,inference,84,0.19677674397826195,24,
A100,NVIDIA A100-SXM4-80GB,llama-1b,meta-llama/Llama-3.2-1B-Instruct,bfloat16,2026-08-02T09:42:36,inference,85,0.19664459628984332,24,
A100,NVIDIA A100-SXM4-80GB,llama-1b,meta-llama/Llama-3.2-1B-Instruct,bfloat16,2026-08-02T09:42:36,inference,86,0.1967595387250185,24,
A100,NVIDIA A100-SXM4-80GB,llama-1b,meta-llama/Llama-3.2-1B-Instruct,bfloat16,2026-08-02T09:42:36,inference,87,0.19666148303076625,24,
A100,NVIDIA A100-SXM4-80GB,llama-1b,meta-llama/Llama-3.2-1B-Instruct,bfloat16,2026-08-02T09:42:36,inference,88,0.19733256474137306,24,
A100,NVIDIA A100-SXM4-80GB,llama-1b,meta-llama/Llama-3.2-1B-Instruct,bfloat16,2026-08-02T09:42:36,inference,89,0.19699540315195918,24,
A100,NVIDIA A100-SXM4-80GB,llama-1b,meta-llama/Llama-3.2-1B-Instruct,bfloat16,2026-08-02T09:42:36,inference,90,0.19696207204833627,24,
A100,NVIDIA A100-SXM4-80GB,llama-1b,meta-llama/Llama-3.2-1B-Instruct,bfloat16,2026-08-02T09:42:36,inference,91,0.19710660073906183,24,
A100,NVIDIA A100-SXM4-80GB,llama-1b,meta-llama/Llama-3.2-1B-Instruct,bfloat16,2026-08-02T09:42:36,inference,92,0.19686770299449563,24,
A100,NVIDIA A100-SXM4-80GB,llama-1b,meta-llama/Llama-3.2-1B-Instruct,bfloat16,2026-08-02T09:42:36,inference,93,0.19702975684776902,24,
A100,NVIDIA A100-SXM4-80GB,llama-1b,meta-llama/Llama-3.2-1B-Instruct,bfloat16,2026-08-02T09:42:36,inference,94,0.1966826692223549,24,
A100,NVIDIA A100-SXM4-80GB,llama-1b,meta-llama/Llama-3.2-1B-Instruct,bfloat16,2026-08-02T09:42:36,inference,95,0.19673198321834207,24,
A100,NVIDIA A100-SXM4-80GB,llama-1b,meta-llama/Llama-3.2-1B-Instruct,bfloat16,2026-08-02T09:42:36,inference,96,0.19696833100169897,24,
A100,NVIDIA A100-SXM4-80GB,llama-1b,meta-llama/Llama-3.2-1B-Instruct,bfloat16,2026-08-02T09:42:36,inference,97,0.19673925917595625,24,
A100,NVIDIA A100-SXM4-80GB,llama-1b,meta-llama/Llama-3.2-1B-Instruct,bfloat16,2026-08-02T09:42:36,inference,98,0.19658778933808208,24,
A100,NVIDIA A100-SXM4-80GB,llama-1b,meta-llama/Llama-3.2-1B-Instruct,bfloat16,2026-08-02T09:42:36,inference,99,0.19673173082992435,24,
A100,NVIDIA A100-SXM4-80GB,llama-3b,meta-llama/Llama-3.2-3B-Instruct,bfloat16,2026-08-02T09:42:36,load,0,3.188507600687444,0,
A100,NVIDIA A100-SXM4-80GB,llama-3b,meta-llama/Llama-3.2-3B-Instruct,bfloat16,2026-08-02T09:42:36,load,1,3.100230662152171,0,
A100,NVIDIA A100-SXM4-80GB,llama-3b,meta-llama/Llama-3.2-3B-Instruct,bfloat16,2026-08-02T09:42:36,load,2,3.1217667390592396,0,
A100,NVIDIA A100-SXM4-80GB,llama-3b,meta-llama/Llama-3.2-3B-Instruct,bfloat16,2026-08-02T09:42:36,load,3,3.1148134688846767,0,
A100,NVIDIA A100-SXM4-80GB,llama-3b,meta-llama/Llama-3.2-3B-Instruct,bfloat16,2026-08-02T09:42:36,load,4,3.069659292232245,0,
A100,NVIDIA A100-SXM4-80GB,llama-3b,meta-llama/Llama-3.2-3B-Instruct,bfloat16,2026-08-02T09:42:36,load,5,3.07631350774318,0,
A100,NVIDIA A100-SXM4-80GB,llama-3b,meta-llama/Llama-3.2-3B-Instruct,bfloat16,2026-08-02T09:42:36,load,6,3.079093521926552,0,
A100,NVIDIA A100-SXM4-80GB,llama-3b,meta-llama/Llama-3.2-3B-Instruct,bfloat16,2026-08-02T09:42:36,load,7,3.104358199983835,0,
A100,NVIDIA A100-SXM4-80GB,llama-3b,meta-llama/Llama-3.2-3B-Instruct,bfloat16,2026-08-02T09:42:36,load,8,3.0608002902008593,0,
A100,NVIDIA A100-SXM4-80GB,llama-3b,meta-llama/Llama-3.2-3B-Instruct,bfloat16,2026-08-02T09:42:36,load,9,3.109134685713798,0,
A100,NVIDIA A100-SXM4-80GB,llama-3b,meta-llama/Llama-3.2-3B-Instruct,bfloat16,2026-08-02T09:42:36,load,10,3.1818268541246653,0,
A100,NVIDIA A100-SXM4-80GB,llama-3b,meta-llama/Llama-3.2-3B-Instruct,bfloat16,2026-08-02T09:42:36,load,11,3.069517086725682,0,
A100,NVIDIA A100-SXM4-80GB,llama-3b,meta-llama/Llama-3.2-3B-Instruct,bfloat16,2026-08-02T09:42:36,load,12,3.1141942902468145,0,
A100,NVIDIA A100-SXM4-80GB,llama-3b,meta-llama/Llama-3.2-3B-Instruct,bfloat16,2026-08-02T09:42:36,load,13,3.0615667197853327,0,
A100,NVIDIA A100-SXM4-80GB,llama-3b,meta-llama/Llama-3.2-3B-Instruct,bfloat16,2026-08-02T09:42:36,load,14,3.067059579771012,0,
A100,NVIDIA A100-SXM4-80GB,llama-3b,meta-llama/Llama-3.2-3B-Instruct,bfloat16,2026-08-02T09:42:36,load,15,3.085567721631378,0,
A100,NVIDIA A100-SXM4-80GB,llama-3b,meta-llama/Llama-3.2-3B-Instruct,bfloat16,2026-08-02T09:42:36,load,16,3.072942146100104,0,
A100,NVIDIA A100-SXM4-80GB,llama-3b,meta-llama/Llama-3.2-3B-Instruct,bfloat16,2026-08-02T09:42:36,load,17,3.08712345501408,0,
A100,NVIDIA A100-SXM4-80GB,llama-3b,meta-llama/Llama-3.2-3B-Instruct,bfloat16,2026-08-02T09:42:36,load,18,3.075713882688433,0,
A100,NVIDIA A100-SXM4-80GB,llama-3b,meta-llama/Llama-3.2-3B-Instruct,bfloat16,2026-08-02T09:42:36,load,19,3.0828894921578467,0,
A100,NVIDIA A100-SXM4-80GB,llama-3b,meta-llama/Llama-3.2-3B-Instruct,bfloat16,2026-08-02T09:42:36,load,20,3.0996035556308925,0,
A100,NVIDIA A100-SXM4-80GB,llama-3b,meta-llama/Llama-3.2-3B-Instruct,bfloat16,2026-08-02T09:42:36,load,21,3.0586719689890742,0,
A100,NVIDIA A100-SXM4-80GB,llama-3b,meta-llama/Llama-3.2-3B-Instruct,bfloat16,2026-08-02T09:42:36,load,22,3.0637416508980095,0,
A100,NVIDIA A100-SXM4-80GB,llama-3b,meta-llama/Llama-3.2-3B-Instruct,bfloat16,2026-08-02T09:42:36,load,23,3.067694216966629,0,
A100,NVIDIA A100-SXM4-80GB,llama-3b,meta-llama/Llama-3.2-3B-Instruct,bfloat16,2026-08-02T09:42:36,load,24,3.076804601121694,0,
A100,NVIDIA A100-SXM4-80GB,llama-3b,meta-llama/Llama-3.2-3B-Instruct,bfloat16,2026-08-02T09:42:36,load,25,3.0671378686092794,0,
A100,NVIDIA A100-SXM4-80GB,llama-3b,meta-llama/Llama-3.2-3B-Instruct,bfloat16,2026-08-02T09:42:36,load,26,3.064479681197554,0,
A100,NVIDIA A100-SXM4-80GB,llama-3b,meta-llama/Llama-3.2-3B-Instruct,bfloat16,2026-08-02T09:42:36,load,27,3.0979941678233445,0,
A100,NVIDIA A100-SXM4-80GB,llama-3b,meta-llama/Llama-3.2-3B-Instruct,bfloat16,2026-08-02T09:42:36,load,28,3.076126425061375,0,
A100,NVIDIA A100-SXM4-80GB,llama-3b,meta-llama/Llama-3.2-3B-Instruct,bfloat16,2026-08-02T09:42:36,load,29,3.0657987520098686,0,
A100,NVIDIA A100-SXM4-80GB,llama-3b,meta-llama/Llama-3.2-3B-Instruct,bfloat16,2026-08-02T09:42:36,load,30,3.0661795171909034,0,
A100,NVIDIA A100-SXM4-80GB,llama-3b,meta-llama/Llama-3.2-3B-Instruct,bfloat16,2026-08-02T09:42:36,load,31,3.0853218538686633,0,
A100,NVIDIA A100-SXM4-80GB,llama-3b,meta-llama/Llama-3.2-3B-Instruct,bfloat16,2026-08-02T09:42:36,load,32,3.0691487938165665,0,
A100,NVIDIA A100-SXM4-80GB,llama-3b,meta-llama/Llama-3.2-3B-Instruct,bfloat16,2026-08-02T09:42:36,load,33,3.0645187003538013,0,
A100,NVIDIA A100-SXM4-80GB,llama-3b,meta-llama/Llama-3.2-3B-Instruct,bfloat16,2026-08-02T09:42:36,load,34,3.0665683639235795,0,
A100,NVIDIA A100-SXM4-80GB,llama-3b,meta-llama/Llama-3.2-3B-Instruct,bfloat16,2026-08-02T09:42:36,load,35,3.078975254204124,0,
A100,NVIDIA A100-SXM4-80GB,llama-3b,meta-llama/Llama-3.2-3B-Instruct,bfloat16,2026-08-02T09:42:36,load,36,3.0911560622043908,0,
A100,NVIDIA A100-SXM4-80GB,llama-3b,meta-llama/Llama-3.2-3B-Instruct,bfloat16,2026-08-02T09:42:36,load,37,3.137575895059854,0,
A100,NVIDIA A100-SXM4-80GB,llama-3b,meta-llama/Llama-3.2-3B-Instruct,bfloat16,2026-08-02T09:42:36,load,38,3.1205088840797544,0,
A100,NVIDIA A100-SXM4-80GB,llama-3b,meta-llama/Llama-3.2-3B-Instruct,bfloat16,2026-08-02T09:42:36,load,39,3.0979309058748186,0,
A100,NVIDIA A100-SXM4-80GB,llama-3b,meta-llama/Llama-3.2-3B-Instruct,bfloat16,2026-08-02T09:42:36,load,40,3.1088320836424828,0,
A100,NVIDIA A100-SXM4-80GB,llama-3b,meta-llama/Llama-3.2-3B-Instruct,bfloat16,2026-08-02T09:42:36,load,41,3.0899000950157642,0,
A100,NVIDIA A100-SXM4-80GB,llama-3b,meta-llama/Llama-3.2-3B-Instruct,bfloat16,2026-08-02T09:42:36,load,42,3.10047377506271,0,
A100,NVIDIA A100-SXM4-80GB,llama-3b,meta-llama/Llama-3.2-3B-Instruct,bfloat16,2026-08-02T09:42:36,load,43,3.090343880932778,0,
A100,NVIDIA A100-SXM4-80GB,llama-3b,meta-llama/Llama-3.2-3B-Instruct,bfloat16,2026-08-02T09:42:36,load,44,3.089408305939287,0,
A100,NVIDIA A100-SXM4-80GB,llama-3b,meta-llama/Llama-3.2-3B-Instruct,bfloat16,2026-08-02T09:42:36,load,45,3.1406524959020317,0,
A100,NVIDIA A100-SXM4-80GB,llama-3b,meta-llama/Llama-3.2-3B-Instruct,bfloat16,2026-08-02T09:42:36,load,46,3.096045874990523,0,
A100,NVIDIA A100-SXM4-80GB,llama-3b,meta-llama/Llama-3.2-3B-Instruct,bfloat16,2026-08-02T09:42:36,load,47,3.082654064055532,0,
A100,NVIDIA A100-SXM4-80GB,llama-3b,meta-llama/Llama-3.2-3B-Instruct,bfloat16,2026-08-02T09:42:36,load,48,3.100383991841227,0,
A100,NVIDIA A100-SXM4-80GB,llama-3b,meta-llama/Llama-3.2-3B-Instruct,bfloat16,2026-08-02T09:42:36,load,49,3.230414677876979,0,
A100,NVIDIA A100-SXM4-80GB,llama-3b,meta-llama/Llama-3.2-3B-Instruct,bfloat16,2026-08-02T09:42:36,load,50,3.093561683781445,0,
A100,NVIDIA A100-SXM4-80GB,llama-3b,meta-llama/Llama-3.2-3B-Instruct,bfloat16,2026-08-02T09:42:36,load,51,3.077982120681554,0,
A100,NVIDIA A100-SXM4-80GB,llama-3b,meta-llama/Llama-3.2-3B-Instruct,bfloat16,2026-08-02T09:42:36,load,52,3.088807739317417,0,
A100,NVIDIA A100-SXM4-80GB,llama-3b,meta-llama/Llama-3.2-3B-Instruct,bfloat16,2026-08-02T09:42:36,load,53,3.0777608933858573,0,
A100,NVIDIA A100-SXM4-80GB,llama-3b,meta-llama/Llama-3.2-3B-Instruct,bfloat16,2026-08-02T09:42:36,load,54,3.086214831098914,0,
A100,NVIDIA A100-SXM4-80GB,llama-3b,meta-llama/Llama-3.2-3B-Instruct,bfloat16,2026-08-02T09:42:36,load,55,3.089928900357336,0,
A100,NVIDIA A100-SXM4-80GB,llama-3b,meta-llama/Llama-3.2-3B-Instruct,bfloat16,2026-08-02T09:42:36,load,56,3.1642479659058154,0,
A100,NVIDIA A100-SXM4-80GB,llama-3b,meta-llama/Llama-3.2-3B-Instruct,bfloat16,2026-08-02T09:42:36,load,57,3.0895962859503925,0,
A100,NVIDIA A100-SXM4-80GB,llama-3b,meta-llama/Llama-3.2-3B-Instruct,bfloat16,2026-08-02T09:42:36,load,58,3.127699921838939,0,
A100,NVIDIA A100-SXM4-80GB,llama-3b,meta-llama/Llama-3.2-3B-Instruct,bfloat16,2026-08-02T09:42:36,load,59,3.0980413360521197,0,
A100,NVIDIA A100-SXM4-80GB,llama-3b,meta-llama/Llama-3.2-3B-Instruct,bfloat16,2026-08-02T09:42:36,load,60,3.1290011750534177,0,
A100,NVIDIA A100-SXM4-80GB,llama-3b,meta-llama/Llama-3.2-3B-Instruct,bfloat16,2026-08-02T09:42:36,load,61,3.0997755830176175,0,
A100,NVIDIA A100-SXM4-80GB,llama-3b,meta-llama/Llama-3.2-3B-Instruct,bfloat16,2026-08-02T09:42:36,load,62,3.079429368954152,0,
A100,NVIDIA A100-SXM4-80GB,llama-3b,meta-llama/Llama-3.2-3B-Instruct,bfloat16,2026-08-02T09:42:36,load,63,3.1036100541241467,0,
A100,NVIDIA A100-SXM4-80GB,llama-3b,meta-llama/Llama-3.2-3B-Instruct,bfloat16,2026-08-02T09:42:36,load,64,3.1330256848596036,0,
A100,NVIDIA A100-SXM4-80GB,llama-3b,meta-llama/Llama-3.2-3B-Instruct,bfloat16,2026-08-02T09:42:36,load,65,3.0959388157352805,0,
A100,NVIDIA A100-SXM4-80GB,llama-3b,meta-llama/Llama-3.2-3B-Instruct,bfloat16,2026-08-02T09:42:36,load,66,3.0655511459335685,0,
A100,NVIDIA A100-SXM4-80GB,llama-3b,meta-llama/Llama-3.2-3B-Instruct,bfloat16,2026-08-02T09:42:36,load,67,3.1008865516632795,0,
A100,NVIDIA A100-SXM4-80GB,llama-3b,meta-llama/Llama-3.2-3B-Instruct,bfloat16,2026-08-02T09:42:36,load,68,3.158834422007203,0,
A100,NVIDIA A100-SXM4-80GB,llama-3b,meta-llama/Llama-3.2-3B-Instruct,bfloat16,2026-08-02T09:42:36,load,69,3.101335259154439,0,
A100,NVIDIA A100-SXM4-80GB,llama-3b,meta-llama/Llama-3.2-3B-Instruct,bfloat16,2026-08-02T09:42:36,load,70,3.092858965974301,0,
A100,NVIDIA A100-SXM4-80GB,llama-3b,meta-llama/Llama-3.2-3B-Instruct,bfloat16,2026-08-02T09:42:36,load,71,3.076649913098663,0,
A100,NVIDIA A100-SXM4-80GB,llama-3b,meta-llama/Llama-3.2-3B-Instruct,bfloat16,2026-08-02T09:42:36,load,72,3.1356713729910553,0,
A100,NVIDIA A100-SXM4-80GB,llama-3b,meta-llama/Llama-3.2-3B-Instruct,bfloat16,2026-08-02T09:42:36,load,73,3.0889002182520926,0,
A100,NVIDIA A100-SXM4-80GB,llama-3b,meta-llama/Llama-3.2-3B-Instruct,bfloat16,2026-08-02T09:42:36,load,74,3.072241843678057,0,
A100,NVIDIA A100-SXM4-80GB,llama-3b,meta-llama/Llama-3.2-3B-Instruct,bfloat16,2026-08-02T09:42:36,load,75,3.113432846032083,0,
A100,NVIDIA A100-SXM4-80GB,llama-3b,meta-llama/Llama-3.2-3B-Instruct,bfloat16,2026-08-02T09:42:36,load,76,3.0693727019242942,0,
A100,NVIDIA A100-SXM4-80GB,llama-3b,meta-llama/Llama-3.2-3B-Instruct,bfloat16,2026-08-02T09:42:36,load,77,3.1061728950589895,0,
A100,NVIDIA A100-SXM4-80GB,llama-3b,meta-llama/Llama-3.2-3B-Instruct,bfloat16,2026-08-02T09:42:36,load,78,3.0965510909445584,0,
A100,NVIDIA A100-SXM4-80GB,llama-3b,meta-llama/Llama-3.2-3B-Instruct,bfloat16,2026-08-02T09:42:36,load,79,3.104675969108939,0,
A100,NVIDIA A100-SXM4-80GB,llama-3b,meta-llama/Llama-3.2-3B-Instruct,bfloat16,2026-08-02T09:42:36,load,80,3.0788249378092587,0,
A100,NVIDIA A100-SXM4-80GB,llama-3b,meta-llama/Llama-3.2-3B-Instruct,bfloat16,2026-08-02T09:42:36,load,81,3.0892469557002187,0,
A100,NVIDIA A100-SXM4-80GB,llama-3b,meta-llama/Llama-3.2-3B-Instruct,bfloat16,2026-08-02T09:42:36,load,82,3.0868960809893906,0,
A100,NVIDIA A100-SXM4-80GB,llama-3b,meta-llama/Llama-3.2-3B-Instruct,bfloat16,2026-08-02T09:42:36,load,83,3.079373426735401,0,
A100,NVIDIA A100-SXM4-80GB,llama-3b,meta-llama/Llama-3.2-3B-Instruct,bfloat16,2026-08-02T09:42:36,load,84,3.1596501506865025,0,
A100,NVIDIA A100-SXM4-80GB,llama-3b,meta-llama/Llama-3.2-3B-Instruct,bfloat16,2026-08-02T09:42:36,load,85,3.0825774907134473,0,
A100,NVIDIA A100-SXM4-80GB,llama-3b,meta-llama/Llama-3.2-3B-Instruct,bfloat16,2026-08-02T09:42:36,load,86,3.120679943356663,0,
A100,NVIDIA A100-SXM4-80GB,llama-3b,meta-llama/Llama-3.2-3B-Instruct,bfloat16,2026-08-02T09:42:36,load,87,3.1696836831979454,0,
A100,NVIDIA A100-SXM4-80GB,llama-3b,meta-llama/Llama-3.2-3B-Instruct,bfloat16,2026-08-02T09:42:36,load,88,3.1066965740174055,0,
A100,NVIDIA A100-SXM4-80GB,llama-3b,meta-llama/Llama-3.2-3B-Instruct,bfloat16,2026-08-02T09:42:36,load,89,3.106990166939795,0,
A100,NVIDIA A100-SXM4-80GB,llama-3b,meta-llama/Llama-3.2-3B-Instruct,bfloat16,2026-08-02T09:42:36,load,90,3.0878264107741416,0,
A100,NVIDIA A100-SXM4-80GB,llama-3b,meta-llama/Llama-3.2-3B-Instruct,bfloat16,2026-08-02T09:42:36,load,91,3.08060188498348,0,
A100,NVIDIA A100-SXM4-80GB,llama-3b,meta-llama/Llama-3.2-3B-Instruct,bfloat16,2026-08-02T09:42:36,load,92,3.0837920778431,0,
A100,NVIDIA A100-SXM4-80GB,llama-3b,meta-llama/Llama-3.2-3B-Instruct,bfloat16,2026-08-02T09:42:36,load,93,3.085741420276463,0,
A100,NVIDIA A100-SXM4-80GB,llama-3b,meta-llama/Llama-3.2-3B-Instruct,bfloat16,2026-08-02T09:42:36,load,94,3.0801750030368567,0,
A100,NVIDIA A100-SXM4-80GB,llama-3b,meta-llama/Llama-3.2-3B-Instruct,bfloat16,2026-08-02T09:42:36,load,95,3.0669345539063215,0,
A100,NVIDIA A100-SXM4-80GB,llama-3b,meta-llama/Llama-3.2-3B-Instruct,bfloat16,2026-08-02T09:42:36,load,96,3.0901063461788,0,
A100,NVIDIA A100-SXM4-80GB,llama-3b,meta-llama/Llama-3.2-3B-Instruct,bfloat16,2026-08-02T09:42:36,load,97,3.162743160035461,0,
A100,NVIDIA A100-SXM4-80GB,llama-3b,meta-llama/Llama-3.2-3B-Instruct,bfloat16,2026-08-02T09:42:36,load,98,3.0817312910221517,0,
A100,NVIDIA A100-SXM4-80GB,llama-3b,meta-llama/Llama-3.2-3B-Instruct,bfloat16,2026-08-02T09:42:36,load,99,3.076729001943022,0,
A100,NVIDIA A100-SXM4-80GB,llama-3b,meta-llama/Llama-3.2-3B-Instruct,bfloat16,2026-08-02T09:42:36,inference,0,0.32723000925034285,24,
A100,NVIDIA A100-SXM4-80GB,llama-3b,meta-llama/Llama-3.2-3B-Instruct,bfloat16,2026-08-02T09:42:36,inference,1,0.32735961209982634,24,
A100,NVIDIA A100-SXM4-80GB,llama-3b,meta-llama/Llama-3.2-3B-Instruct,bfloat16,2026-08-02T09:42:36,inference,2,0.3268370390869677,24,
A100,NVIDIA A100-SXM4-80GB,llama-3b,meta-llama/Llama-3.2-3B-Instruct,bfloat16,2026-08-02T09:42:36,inference,3,0.32723652105778456,24,
A100,NVIDIA A100-SXM4-80GB,llama-3b,meta-llama/Llama-3.2-3B-Instruct,bfloat16,2026-08-02T09:42:36,inference,4,0.3271373282186687,24,
A100,NVIDIA A100-SXM4-80GB,llama-3b,meta-llama/Llama-3.2-3B-Instruct,bfloat16,2026-08-02T09:42:36,inference,5,0.3271864210255444,24,
A100,NVIDIA A100-SXM4-80GB,llama-3b,meta-llama/Llama-3.2-3B-Instruct,bfloat16,2026-08-02T09:42:36,inference,6,0.326828770339489,24,
A100,NVIDIA A100-SXM4-80GB,llama-3b,meta-llama/Llama-3.2-3B-Instruct,bfloat16,2026-08-02T09:42:36,inference,7,0.3291484550572932,24,
A100,NVIDIA A100-SXM4-80GB,llama-3b,meta-llama/Llama-3.2-3B-Instruct,bfloat16,2026-08-02T09:42:36,inference,8,0.3318136390298605,24,
A100,NVIDIA A100-SXM4-80GB,llama-3b,meta-llama/Llama-3.2-3B-Instruct,bfloat16,2026-08-02T09:42:36,inference,9,0.3266518833115697,24,
A100,NVIDIA A100-SXM4-80GB,llama-3b,meta-llama/Llama-3.2-3B-Instruct,bfloat16,2026-08-02T09:42:36,inference,10,0.3269091839902103,24,
A100,NVIDIA A100-SXM4-80GB,llama-3b,meta-llama/Llama-3.2-3B-Instruct,bfloat16,2026-08-02T09:42:36,inference,11,0.32735302159562707,24,
A100,NVIDIA A100-SXM4-80GB,llama-3b,meta-llama/Llama-3.2-3B-Instruct,bfloat16,2026-08-02T09:42:36,inference,12,0.326539330650121,24,
A100,NVIDIA A100-SXM4-80GB,llama-3b,meta-llama/Llama-3.2-3B-Instruct,bfloat16,2026-08-02T09:42:36,inference,13,0.3271492226049304,24,
A100,NVIDIA A100-SXM4-80GB,llama-3b,meta-llama/Llama-3.2-3B-Instruct,bfloat16,2026-08-02T09:42:36,inference,14,0.32715799240395427,24,
A100,NVIDIA A100-SXM4-80GB,llama-3b,meta-llama/Llama-3.2-3B-Instruct,bfloat16,2026-08-02T09:42:36,inference,15,0.3271255106665194,24,
A100,NVIDIA A100-SXM4-80GB,llama-3b,meta-llama/Llama-3.2-3B-Instruct,bfloat16,2026-08-02T09:42:36,inference,16,0.3276743548922241,24,
A100,NVIDIA A100-SXM4-80GB,llama-3b,meta-llama/Llama-3.2-3B-Instruct,bfloat16,2026-08-02T09:42:36,inference,17,0.32821964798495173,24,
A100,NVIDIA A100-SXM4-80GB,llama-3b,meta-llama/Llama-3.2-3B-Instruct,bfloat16,2026-08-02T09:42:36,inference,18,0.32734904531389475,24,
A100,NVIDIA A100-SXM4-80GB,llama-3b,meta-llama/Llama-3.2-3B-Instruct,bfloat16,2026-08-02T09:42:36,inference,19,0.3268916476517916,24,
A100,NVIDIA A100-SXM4-80GB,llama-3b,meta-llama/Llama-3.2-3B-Instruct,bfloat16,2026-08-02T09:42:36,inference,20,0.3270116690546274,24,
A100,NVIDIA A100-SXM4-80GB,llama-3b,meta-llama/Llama-3.2-3B-Instruct,bfloat16,2026-08-02T09:42:36,inference,21,0.32703937869518995,24,
A100,NVIDIA A100-SXM4-80GB,llama-3b,meta-llama/Llama-3.2-3B-Instruct,bfloat16,2026-08-02T09:42:36,inference,22,0.32746211998164654,24,
A100,NVIDIA A100-SXM4-80GB,llama-3b,meta-llama/Llama-3.2-3B-Instruct,bfloat16,2026-08-02T09:42:36,inference,23,0.32850882411003113,24,
A100,NVIDIA A100-SXM4-80GB,llama-3b,meta-llama/Llama-3.2-3B-Instruct,bfloat16,2026-08-02T09:42:36,inference,24,0.3273996477946639,24,
A100,NVIDIA A100-SXM4-80GB,llama-3b,meta-llama/Llama-3.2-3B-Instruct,bfloat16,2026-08-02T09:42:36,inference,25,0.3270929357968271,24,
A100,NVIDIA A100-SXM4-80GB,llama-3b,meta-llama/Llama-3.2-3B-Instruct,bfloat16,2026-08-02T09:42:36,inference,26,0.3271053140051663,24,
A100,NVIDIA A100-SXM4-80GB,llama-3b,meta-llama/Llama-3.2-3B-Instruct,bfloat16,2026-08-02T09:42:36,inference,27,0.3282536999322474,24,
A100,NVIDIA A100-SXM4-80GB,llama-3b,meta-llama/Llama-3.2-3B-Instruct,bfloat16,2026-08-02T09:42:36,inference,28,0.3271297770552337,24,
A100,NVIDIA A100-SXM4-80GB,llama-3b,meta-llama/Llama-3.2-3B-Instruct,bfloat16,2026-08-02T09:42:36,inference,29,0.3274407936260104,24,
A100,NVIDIA A100-SXM4-80GB,llama-3b,meta-llama/Llama-3.2-3B-Instruct,bfloat16,2026-08-02T09:42:36,inference,30,0.32678010081872344,24,
A100,NVIDIA A100-SXM4-80GB,llama-3b,meta-llama/Llama-3.2-3B-Instruct,bfloat16,2026-08-02T09:42:36,inference,31,0.3266130117699504,24,
A100,NVIDIA A100-SXM4-80GB,llama-3b,meta-llama/Llama-3.2-3B-Instruct,bfloat16,2026-08-02T09:42:36,inference,32,0.3270336971618235,24,
A100,NVIDIA A100-SXM4-80GB,llama-3b,meta-llama/Llama-3.2-3B-Instruct,bfloat16,2026-08-02T09:42:36,inference,33,0.326955275144428,24,
A100,NVIDIA A100-SXM4-80GB,llama-3b,meta-llama/Llama-3.2-3B-Instruct,bfloat16,2026-08-02T09:42:36,inference,34,0.32687859516590834,24,
A100,NVIDIA A100-SXM4-80GB,llama-3b,meta-llama/Llama-3.2-3B-Instruct,bfloat16,2026-08-02T09:42:36,inference,35,0.32699287915602326,24,
A100,NVIDIA A100-SXM4-80GB,llama-3b,meta-llama/Llama-3.2-3B-Instruct,bfloat16,2026-08-02T09:42:36,inference,36,0.3263551131822169,24,
A100,NVIDIA A100-SXM4-80GB,llama-3b,meta-llama/Llama-3.2-3B-Instruct,bfloat16,2026-08-02T09:42:36,inference,37,0.3272023880854249,24,
A100,NVIDIA A100-SXM4-80GB,llama-3b,meta-llama/Llama-3.2-3B-Instruct,bfloat16,2026-08-02T09:42:36,inference,38,0.32720932830125093,24,
A100,NVIDIA A100-SXM4-80GB,llama-3b,meta-llama/Llama-3.2-3B-Instruct,bfloat16,2026-08-02T09:42:36,inference,39,0.3264558482915163,24,
A100,NVIDIA A100-SXM4-80GB,llama-3b,meta-llama/Llama-3.2-3B-Instruct,bfloat16,2026-08-02T09:42:36,inference,40,0.32674859184771776,24,
A100,NVIDIA A100-SXM4-80GB,llama-3b,meta-llama/Llama-3.2-3B-Instruct,bfloat16,2026-08-02T09:42:36,inference,41,0.32766810106113553,24,
A100,NVIDIA A100-SXM4-80GB,llama-3b,meta-llama/Llama-3.2-3B-Instruct,bfloat16,2026-08-02T09:42:36,inference,42,0.32672547828406096,24,
A100,NVIDIA A100-SXM4-80GB,llama-3b,meta-llama/Llama-3.2-3B-Instruct,bfloat16,2026-08-02T09:42:36,inference,43,0.3266195519827306,24,
A100,NVIDIA A100-SXM4-80GB,llama-3b,meta-llama/Llama-3.2-3B-Instruct,bfloat16,2026-08-02T09:42:36,inference,44,0.3279451630078256,24,
A100,NVIDIA A100-SXM4-80GB,llama-3b,meta-llama/Llama-3.2-3B-Instruct,bfloat16,2026-08-02T09:42:36,inference,45,0.3265911187045276,24,
A100,NVIDIA A100-SXM4-80GB,llama-3b,meta-llama/Llama-3.2-3B-Instruct,bfloat16,2026-08-02T09:42:36,inference,46,0.326914023142308,24,
A100,NVIDIA A100-SXM4-80GB,llama-3b,meta-llama/Llama-3.2-3B-Instruct,bfloat16,2026-08-02T09:42:36,inference,47,0.32743374118581414,24,
A100,NVIDIA A100-SXM4-80GB,llama-3b,meta-llama/Llama-3.2-3B-Instruct,bfloat16,2026-08-02T09:42:36,inference,48,0.3268235931172967,24,
A100,NVIDIA A100-SXM4-80GB,llama-3b,meta-llama/Llama-3.2-3B-Instruct,bfloat16,2026-08-02T09:42:36,inference,49,0.3272086032666266,24,
A100,NVIDIA A100-SXM4-80GB,llama-3b,meta-llama/Llama-3.2-3B-Instruct,bfloat16,2026-08-02T09:42:36,inference,50,0.32709006406366825,24,
A100,NVIDIA A100-SXM4-80GB,llama-3b,meta-llama/Llama-3.2-3B-Instruct,bfloat16,2026-08-02T09:42:36,inference,51,0.326850479003042,24,
A100,NVIDIA A100-SXM4-80GB,llama-3b,meta-llama/Llama-3.2-3B-Instruct,bfloat16,2026-08-02T09:42:36,inference,52,0.3267341679893434,24,
A100,NVIDIA A100-SXM4-80GB,llama-3b,meta-llama/Llama-3.2-3B-Instruct,bfloat16,2026-08-02T09:42:36,inference,53,0.330272002145648,24,
A100,NVIDIA A100-SXM4-80GB,llama-3b,meta-llama/Llama-3.2-3B-Instruct,bfloat16,2026-08-02T09:42:36,inference,54,0.3274167329072952,24,
A100,NVIDIA A100-SXM4-80GB,llama-3b,meta-llama/Llama-3.2-3B-Instruct,bfloat16,2026-08-02T09:42:36,inference,55,0.32712433813139796,24,
A100,NVIDIA A100-SXM4-80GB,llama-3b,meta-llama/Llama-3.2-3B-Instruct,bfloat16,2026-08-02T09:42:36,inference,56,0.3267862889915705,24,
A100,NVIDIA A100-SXM4-80GB,llama-3b,meta-llama/Llama-3.2-3B-Instruct,bfloat16,2026-08-02T09:42:36,inference,57,0.32702740794047713,24,
A100,NVIDIA A100-SXM4-80GB,llama-3b,meta-llama/Llama-3.2-3B-Instruct,bfloat16,2026-08-02T09:42:36,inference,58,0.3269002144224942,24,
A100,NVIDIA A100-SXM4-80GB,llama-3b,meta-llama/Llama-3.2-3B-Instruct,bfloat16,2026-08-02T09:42:36,inference,59,0.3272093217819929,24,
A100,NVIDIA A100-SXM4-80GB,llama-3b,meta-llama/Llama-3.2-3B-Instruct,bfloat16,2026-08-02T09:42:36,inference,60,0.3272806750610471,24,
A100,NVIDIA A100-SXM4-80GB,llama-3b,meta-llama/Llama-3.2-3B-Instruct,bfloat16,2026-08-02T09:42:36,inference,61,0.3276170501485467,24,
A100,NVIDIA A100-SXM4-80GB,llama-3b,meta-llama/Llama-3.2-3B-Instruct,bfloat16,2026-08-02T09:42:36,inference,62,0.32731224596500397,24,
A100,NVIDIA A100-SXM4-80GB,llama-3b,meta-llama/Llama-3.2-3B-Instruct,bfloat16,2026-08-02T09:42:36,inference,63,0.3272135001607239,24,
A100,NVIDIA A100-SXM4-80GB,llama-3b,meta-llama/Llama-3.2-3B-Instruct,bfloat16,2026-08-02T09:42:36,inference,64,0.32719047414138913,24,
A100,NVIDIA A100-SXM4-80GB,llama-3b,meta-llama/Llama-3.2-3B-Instruct,bfloat16,2026-08-02T09:42:36,inference,65,0.32687784964218736,24,
A100,NVIDIA A100-SXM4-80GB,llama-3b,meta-llama/Llama-3.2-3B-Instruct,bfloat16,2026-08-02T09:42:36,inference,66,0.32739847293123603,24,
A100,NVIDIA A100-SXM4-80GB,llama-3b,meta-llama/Llama-3.2-3B-Instruct,bfloat16,2026-08-02T09:42:36,inference,67,0.3267243620939553,24,
A100,NVIDIA A100-SXM4-80GB,llama-3b,meta-llama/Llama-3.2-3B-Instruct,bfloat16,2026-08-02T09:42:36,inference,68,0.3270176122896373,24,
A100,NVIDIA A100-SXM4-80GB,llama-3b,meta-llama/Llama-3.2-3B-Instruct,bfloat16,2026-08-02T09:42:36,inference,69,0.32708958303555846,24,
A100,NVIDIA A100-SXM4-80GB,llama-3b,meta-llama/Llama-3.2-3B-Instruct,bfloat16,2026-08-02T09:42:36,inference,70,0.32677919790148735,24,
A100,NVIDIA A100-SXM4-80GB,llama-3b,meta-llama/Llama-3.2-3B-Instruct,bfloat16,2026-08-02T09:42:36,inference,71,0.3266655723564327,24,
A100,NVIDIA A100-SXM4-80GB,llama-3b,meta-llama/Llama-3.2-3B-Instruct,bfloat16,2026-08-02T09:42:36,inference,72,0.3274730830453336,24,
A100,NVIDIA A100-SXM4-80GB,llama-3b,meta-llama/Llama-3.2-3B-Instruct,bfloat16,2026-08-02T09:42:36,inference,73,0.3271315679885447,24,
A100,NVIDIA A100-SXM4-80GB,llama-3b,meta-llama/Llama-3.2-3B-Instruct,bfloat16,2026-08-02T09:42:36,inference,74,0.3266965872608125,24,
A100,NVIDIA A100-SXM4-80GB,llama-3b,meta-llama/Llama-3.2-3B-Instruct,bfloat16,2026-08-02T09:42:36,inference,75,0.3269168371334672,24,
A100,NVIDIA A100-SXM4-80GB,llama-3b,meta-llama/Llama-3.2-3B-Instruct,bfloat16,2026-08-02T09:42:36,inference,76,0.3265165379270911,24,
A100,NVIDIA A100-SXM4-80GB,llama-3b,meta-llama/Llama-3.2-3B-Instruct,bfloat16,2026-08-02T09:42:36,inference,77,0.32698350492864847,24,
A100,NVIDIA A100-SXM4-80GB,llama-3b,meta-llama/Llama-3.2-3B-Instruct,bfloat16,2026-08-02T09:42:36,inference,78,0.32736691273748875,24,
A100,NVIDIA A100-SXM4-80GB,llama-3b,meta-llama/Llama-3.2-3B-Instruct,bfloat16,2026-08-02T09:42:36,inference,79,0.32956998981535435,24,
A100,NVIDIA A100-SXM4-80GB,llama-3b,meta-llama/Llama-3.2-3B-Instruct,bfloat16,2026-08-02T09:42:36,inference,80,0.3281944300979376,24,
A100,NVIDIA A100-SXM4-80GB,llama-3b,meta-llama/Llama-3.2-3B-Instruct,bfloat16,2026-08-02T09:42:36,inference,81,0.327101422008127,24,
A100,NVIDIA A100-SXM4-80GB,llama-3b,meta-llama/Llama-3.2-3B-Instruct,bfloat16,2026-08-02T09:42:36,inference,82,0.32760072592645884,24,
A100,NVIDIA A100-SXM4-80GB,llama-3b,meta-llama/Llama-3.2-3B-Instruct,bfloat16,2026-08-02T09:42:36,inference,83,0.3271946217864752,24,
A100,NVIDIA A100-SXM4-80GB,llama-3b,meta-llama/Llama-3.2-3B-Instruct,bfloat16,2026-08-02T09:42:36,inference,84,0.32763646775856614,24,
A100,NVIDIA A100-SXM4-80GB,llama-3b,meta-llama/Llama-3.2-3B-Instruct,bfloat16,2026-08-02T09:42:36,inference,85,0.3271099478006363,24,
A100,NVIDIA A100-SXM4-80GB,llama-3b,meta-llama/Llama-3.2-3B-Instruct,bfloat16,2026-08-02T09:42:36,inference,86,0.32701643696054816,24,
A100,NVIDIA A100-SXM4-80GB,llama-3b,meta-llama/Llama-3.2-3B-Instruct,bfloat16,2026-08-02T09:42:36,inference,87,0.3270665891468525,24,
A100,NVIDIA A100-SXM4-80GB,llama-3b,meta-llama/Llama-3.2-3B-Instruct,bfloat16,2026-08-02T09:42:36,inference,88,0.3267567278817296,24,
A100,NVIDIA A100-SXM4-80GB,llama-3b,meta-llama/Llama-3.2-3B-Instruct,bfloat16,2026-08-02T09:42:36,inference,89,0.32719858223572373,24,
A100,NVIDIA A100-SXM4-80GB,llama-3b,meta-llama/Llama-3.2-3B-Instruct,bfloat16,2026-08-02T09:42:36,inference,90,0.32789522083476186,24,
A100,NVIDIA A100-SXM4-80GB,llama-3b,meta-llama/Llama-3.2-3B-Instruct,bfloat16,2026-08-02T09:42:36,inference,91,0.32680676598101854,24,
A100,NVIDIA A100-SXM4-80GB,llama-3b,meta-llama/Llama-3.2-3B-Instruct,bfloat16,2026-08-02T09:42:36,inference,92,0.32757378788664937,24,
A100,NVIDIA A100-SXM4-80GB,llama-3b,meta-llama/Llama-3.2-3B-Instruct,bfloat16,2026-08-02T09:42:36,inference,93,0.3271739147603512,24,
A100,NVIDIA A100-SXM4-80GB,llama-3b,meta-llama/Llama-3.2-3B-Instruct,bfloat16,2026-08-02T09:42:36,inference,94,0.32711164141073823,24,
A100,NVIDIA A100-SXM4-80GB,llama-3b,meta-llama/Llama-3.2-3B-Instruct,bfloat16,2026-08-02T09:42:36,inference,95,0.32677837181836367,24,
A100,NVIDIA A100-SXM4-80GB,llama-3b,meta-llama/Llama-3.2-3B-Instruct,bfloat16,2026-08-02T09:42:36,inference,96,0.3272255486808717,24,
A100,NVIDIA A100-SXM4-80GB,llama-3b,meta-llama/Llama-3.2-3B-Instruct,bfloat16,2026-08-02T09:42:36,inference,97,0.32686669612303376,24,
A100,NVIDIA A100-SXM4-80GB,llama-3b,meta-llama/Llama-3.2-3B-Instruct,bfloat16,2026-08-02T09:42:36,inference,98,0.3266190649010241,24,
A100,NVIDIA A100-SXM4-80GB,llama-3b,meta-llama/Llama-3.2-3B-Instruct,bfloat16,2026-08-02T09:42:36,inference,99,0.3345527481287718,24,
A100,NVIDIA A100-SXM4-80GB,qwen-0.5b,Qwen/Qwen2.5-0.5B-Instruct,bfloat16,2026-08-02T09:42:36,load,0,0.9820276508107781,0,
A100,NVIDIA A100-SXM4-80GB,qwen-0.5b,Qwen/Qwen2.5-0.5B-Instruct,bfloat16,2026-08-02T09:42:36,load,1,1.039376461878419,0,
A100,NVIDIA A100-SXM4-80GB,qwen-0.5b,Qwen/Qwen2.5-0.5B-Instruct,bfloat16,2026-08-02T09:42:36,load,2,0.9723386610858142,0,
A100,NVIDIA A100-SXM4-80GB,qwen-0.5b,Qwen/Qwen2.5-0.5B-Instruct,bfloat16,2026-08-02T09:42:36,load,3,0.9752328903414309,0,
A100,NVIDIA A100-SXM4-80GB,qwen-0.5b,Qwen/Qwen2.5-0.5B-Instruct,bfloat16,2026-08-02T09:42:36,load,4,0.9529062760993838,0,
A100,NVIDIA A100-SXM4-80GB,qwen-0.5b,Qwen/Qwen2.5-0.5B-Instruct,bfloat16,2026-08-02T09:42:36,load,5,0.9571961900219321,0,
A100,NVIDIA A100-SXM4-80GB,qwen-0.5b,Qwen/Qwen2.5-0.5B-Instruct,bfloat16,2026-08-02T09:42:36,load,6,0.9810036714188755,0,
A100,NVIDIA A100-SXM4-80GB,qwen-0.5b,Qwen/Qwen2.5-0.5B-Instruct,bfloat16,2026-08-02T09:42:36,load,7,0.9567462867125869,0,
A100,NVIDIA A100-SXM4-80GB,qwen-0.5b,Qwen/Qwen2.5-0.5B-Instruct,bfloat16,2026-08-02T09:42:36,load,8,1.0092815500684083,0,
A100,NVIDIA A100-SXM4-80GB,qwen-0.5b,Qwen/Qwen2.5-0.5B-Instruct,bfloat16,2026-08-02T09:42:36,load,9,0.9556186930276453,0,
A100,NVIDIA A100-SXM4-80GB,qwen-0.5b,Qwen/Qwen2.5-0.5B-Instruct,bfloat16,2026-08-02T09:42:36,load,10,0.9731489969417453,0,
A100,NVIDIA A100-SXM4-80GB,qwen-0.5b,Qwen/Qwen2.5-0.5B-Instruct,bfloat16,2026-08-02T09:42:36,load,11,0.9550410169176757,0,
A100,NVIDIA A100-SXM4-80GB,qwen-0.5b,Qwen/Qwen2.5-0.5B-Instruct,bfloat16,2026-08-02T09:42:36,load,12,0.9592955163680017,0,
A100,NVIDIA A100-SXM4-80GB,qwen-0.5b,Qwen/Qwen2.5-0.5B-Instruct,bfloat16,2026-08-02T09:42:36,load,13,0.9705340871587396,0,
A100,NVIDIA A100-SXM4-80GB,qwen-0.5b,Qwen/Qwen2.5-0.5B-Instruct,bfloat16,2026-08-02T09:42:36,load,14,1.0238267183303833,0,
A100,NVIDIA A100-SXM4-80GB,qwen-0.5b,Qwen/Qwen2.5-0.5B-Instruct,bfloat16,2026-08-02T09:42:36,load,15,0.9674679366871715,0,
A100,NVIDIA A100-SXM4-80GB,qwen-0.5b,Qwen/Qwen2.5-0.5B-Instruct,bfloat16,2026-08-02T09:42:36,load,16,0.9715842171572149,0,
A100,NVIDIA A100-SXM4-80GB,qwen-0.5b,Qwen/Qwen2.5-0.5B-Instruct,bfloat16,2026-08-02T09:42:36,load,17,0.9866884113289416,0,
A100,NVIDIA A100-SXM4-80GB,qwen-0.5b,Qwen/Qwen2.5-0.5B-Instruct,bfloat16,2026-08-02T09:42:36,load,18,0.9640289307571948,0,
A100,NVIDIA A100-SXM4-80GB,qwen-0.5b,Qwen/Qwen2.5-0.5B-Instruct,bfloat16,2026-08-02T09:42:36,load,19,0.9559468501247466,0,
A100,NVIDIA A100-SXM4-80GB,qwen-0.5b,Qwen/Qwen2.5-0.5B-Instruct,bfloat16,2026-08-02T09:42:36,load,20,0.9543782779946923,0,
A100,NVIDIA A100-SXM4-80GB,qwen-0.5b,Qwen/Qwen2.5-0.5B-Instruct,bfloat16,2026-08-02T09:42:36,load,21,0.9462712337262928,0,
A100,NVIDIA A100-SXM4-80GB,qwen-0.5b,Qwen/Qwen2.5-0.5B-Instruct,bfloat16,2026-08-02T09:42:36,load,22,0.9630414037965238,0,
A100,NVIDIA A100-SXM4-80GB,qwen-0.5b,Qwen/Qwen2.5-0.5B-Instruct,bfloat16,2026-08-02T09:42:36,load,23,1.2371999002061784,0,
A100,NVIDIA A100-SXM4-80GB,qwen-0.5b,Qwen/Qwen2.5-0.5B-Instruct,bfloat16,2026-08-02T09:42:36,load,24,1.0440791328437626,0,
A100,NVIDIA A100-SXM4-80GB,qwen-0.5b,Qwen/Qwen2.5-0.5B-Instruct,bfloat16,2026-08-02T09:42:36,load,25,0.9643040960654616,0,
A100,NVIDIA A100-SXM4-80GB,qwen-0.5b,Qwen/Qwen2.5-0.5B-Instruct,bfloat16,2026-08-02T09:42:36,load,26,1.0188228911720216,0,
A100,NVIDIA A100-SXM4-80GB,qwen-0.5b,Qwen/Qwen2.5-0.5B-Instruct,bfloat16,2026-08-02T09:42:36,load,27,0.9677271000109613,0,
A100,NVIDIA A100-SXM4-80GB,qwen-0.5b,Qwen/Qwen2.5-0.5B-Instruct,bfloat16,2026-08-02T09:42:36,load,28,0.9771343828178942,0,
A100,NVIDIA A100-SXM4-80GB,qwen-0.5b,Qwen/Qwen2.5-0.5B-Instruct,bfloat16,2026-08-02T09:42:36,load,29,0.9624453731812537,0,
A100,NVIDIA A100-SXM4-80GB,qwen-0.5b,Qwen/Qwen2.5-0.5B-Instruct,bfloat16,2026-08-02T09:42:36,load,30,0.9718890031799674,0,
A100,NVIDIA A100-SXM4-80GB,qwen-0.5b,Qwen/Qwen2.5-0.5B-Instruct,bfloat16,2026-08-02T09:42:36,load,31,0.9619377199560404,0,
A100,NVIDIA A100-SXM4-80GB,qwen-0.5b,Qwen/Qwen2.5-0.5B-Instruct,bfloat16,2026-08-02T09:42:36,load,32,0.9514751979149878,0,
A100,NVIDIA A100-SXM4-80GB,qwen-0.5b,Qwen/Qwen2.5-0.5B-Instruct,bfloat16,2026-08-02T09:42:36,load,33,0.9521521707065403,0,
A100,NVIDIA A100-SXM4-80GB,qwen-0.5b,Qwen/Qwen2.5-0.5B-Instruct,bfloat16,2026-08-02T09:42:36,load,34,0.9446097812615335,0,
A100,NVIDIA A100-SXM4-80GB,qwen-0.5b,Qwen/Qwen2.5-0.5B-Instruct,bfloat16,2026-08-02T09:42:36,load,35,1.0620290520600975,0,
A100,NVIDIA A100-SXM4-80GB,qwen-0.5b,Qwen/Qwen2.5-0.5B-Instruct,bfloat16,2026-08-02T09:42:36,load,36,0.988705602940172,0,
A100,NVIDIA A100-SXM4-80GB,qwen-0.5b,Qwen/Qwen2.5-0.5B-Instruct,bfloat16,2026-08-02T09:42:36,load,37,0.9525131178088486,0,
A100,NVIDIA A100-SXM4-80GB,qwen-0.5b,Qwen/Qwen2.5-0.5B-Instruct,bfloat16,2026-08-02T09:42:36,load,38,1.0309752291068435,0,
A100,NVIDIA A100-SXM4-80GB,qwen-0.5b,Qwen/Qwen2.5-0.5B-Instruct,bfloat16,2026-08-02T09:42:36,load,39,1.0853330050595105,0,
A100,NVIDIA A100-SXM4-80GB,qwen-0.5b,Qwen/Qwen2.5-0.5B-Instruct,bfloat16,2026-08-02T09:42:36,load,40,1.0395290441811085,0,
A100,NVIDIA A100-SXM4-80GB,qwen-0.5b,Qwen/Qwen2.5-0.5B-Instruct,bfloat16,2026-08-02T09:42:36,load,41,1.0195884685963392,0,
A100,NVIDIA A100-SXM4-80GB,qwen-0.5b,Qwen/Qwen2.5-0.5B-Instruct,bfloat16,2026-08-02T09:42:36,load,42,1.0190810249187052,0,
A100,NVIDIA A100-SXM4-80GB,qwen-0.5b,Qwen/Qwen2.5-0.5B-Instruct,bfloat16,2026-08-02T09:42:36,load,43,0.9556514020077884,0,
A100,NVIDIA A100-SXM4-80GB,qwen-0.5b,Qwen/Qwen2.5-0.5B-Instruct,bfloat16,2026-08-02T09:42:36,load,44,0.9400863661430776,0,
A100,NVIDIA A100-SXM4-80GB,qwen-0.5b,Qwen/Qwen2.5-0.5B-Instruct,bfloat16,2026-08-02T09:42:36,load,45,0.984657138120383,0,
A100,NVIDIA A100-SXM4-80GB,qwen-0.5b,Qwen/Qwen2.5-0.5B-Instruct,bfloat16,2026-08-02T09:42:36,load,46,0.957235632929951,0,
A100,NVIDIA A100-SXM4-80GB,qwen-0.5b,Qwen/Qwen2.5-0.5B-Instruct,bfloat16,2026-08-02T09:42:36,load,47,0.9815461933612823,0,
A100,NVIDIA A100-SXM4-80GB,qwen-0.5b,Qwen/Qwen2.5-0.5B-Instruct,bfloat16,2026-08-02T09:42:36,load,48,0.9765521120280027,0,
A100,NVIDIA A100-SXM4-80GB,qwen-0.5b,Qwen/Qwen2.5-0.5B-Instruct,bfloat16,2026-08-02T09:42:36,load,49,0.9663424319587648,0,
A100,NVIDIA A100-SXM4-80GB,qwen-0.5b,Qwen/Qwen2.5-0.5B-Instruct,bfloat16,2026-08-02T09:42:36,load,50,0.9637601263821125,0,
A100,NVIDIA A100-SXM4-80GB,qwen-0.5b,Qwen/Qwen2.5-0.5B-Instruct,bfloat16,2026-08-02T09:42:36,load,51,1.0124819399788976,0,
A100,NVIDIA A100-SXM4-80GB,qwen-0.5b,Qwen/Qwen2.5-0.5B-Instruct,bfloat16,2026-08-02T09:42:36,load,52,0.9543321658857167,0,
A100,NVIDIA A100-SXM4-80GB,qwen-0.5b,Qwen/Qwen2.5-0.5B-Instruct,bfloat16,2026-08-02T09:42:36,load,53,0.9793472057208419,0,
A100,NVIDIA A100-SXM4-80GB,qwen-0.5b,Qwen/Qwen2.5-0.5B-Instruct,bfloat16,2026-08-02T09:42:36,load,54,0.9677717699669302,0,
A100,NVIDIA A100-SXM4-80GB,qwen-0.5b,Qwen/Qwen2.5-0.5B-Instruct,bfloat16,2026-08-02T09:42:36,load,55,1.0027458230033517,0,
A100,NVIDIA A100-SXM4-80GB,qwen-0.5b,Qwen/Qwen2.5-0.5B-Instruct,bfloat16,2026-08-02T09:42:36,load,56,0.9606501730158925,0,
A100,NVIDIA A100-SXM4-80GB,qwen-0.5b,Qwen/Qwen2.5-0.5B-Instruct,bfloat16,2026-08-02T09:42:36,load,57,0.958420115057379,0,
A100,NVIDIA A100-SXM4-80GB,qwen-0.5b,Qwen/Qwen2.5-0.5B-Instruct,bfloat16,2026-08-02T09:42:36,load,58,0.9588518911041319,0,
A100,NVIDIA A100-SXM4-80GB,qwen-0.5b,Qwen/Qwen2.5-0.5B-Instruct,bfloat16,2026-08-02T09:42:36,load,59,0.9978500818833709,0,
A100,NVIDIA A100-SXM4-80GB,qwen-0.5b,Qwen/Qwen2.5-0.5B-Instruct,bfloat16,2026-08-02T09:42:36,load,60,0.9558736048638821,0,
A100,NVIDIA A100-SXM4-80GB,qwen-0.5b,Qwen/Qwen2.5-0.5B-Instruct,bfloat16,2026-08-02T09:42:36,load,61,0.9729717201553285,0,
A100,NVIDIA A100-SXM4-80GB,qwen-0.5b,Qwen/Qwen2.5-0.5B-Instruct,bfloat16,2026-08-02T09:42:36,load,62,1.045984259340912,0,
A100,NVIDIA A100-SXM4-80GB,qwen-0.5b,Qwen/Qwen2.5-0.5B-Instruct,bfloat16,2026-08-02T09:42:36,load,63,0.9709849869832397,0,
A100,NVIDIA A100-SXM4-80GB,qwen-0.5b,Qwen/Qwen2.5-0.5B-Instruct,bfloat16,2026-08-02T09:42:36,load,64,0.9824135708622634,0,
A100,NVIDIA A100-SXM4-80GB,qwen-0.5b,Qwen/Qwen2.5-0.5B-Instruct,bfloat16,2026-08-02T09:42:36,load,65,0.9901760700158775,0,
A100,NVIDIA A100-SXM4-80GB,qwen-0.5b,Qwen/Qwen2.5-0.5B-Instruct,bfloat16,2026-08-02T09:42:36,load,66,0.987302185036242,0,
A100,NVIDIA A100-SXM4-80GB,qwen-0.5b,Qwen/Qwen2.5-0.5B-Instruct,bfloat16,2026-08-02T09:42:36,load,67,1.0192888882011175,0,
A100,NVIDIA A100-SXM4-80GB,qwen-0.5b,Qwen/Qwen2.5-0.5B-Instruct,bfloat16,2026-08-02T09:42:36,load,68,0.9637479688972235,0,
A100,NVIDIA A100-SXM4-80GB,qwen-0.5b,Qwen/Qwen2.5-0.5B-Instruct,bfloat16,2026-08-02T09:42:36,load,69,0.9814878823235631,0,
A100,NVIDIA A100-SXM4-80GB,qwen-0.5b,Qwen/Qwen2.5-0.5B-Instruct,bfloat16,2026-08-02T09:42:36,load,70,0.9624285311438143,0,
A100,NVIDIA A100-SXM4-80GB,qwen-0.5b,Qwen/Qwen2.5-0.5B-Instruct,bfloat16,2026-08-02T09:42:36,load,71,0.9496294003911316,0,
A100,NVIDIA A100-SXM4-80GB,qwen-0.5b,Qwen/Qwen2.5-0.5B-Instruct,bfloat16,2026-08-02T09:42:36,load,72,0.9711785670369864,0,
A100,NVIDIA A100-SXM4-80GB,qwen-0.5b,Qwen/Qwen2.5-0.5B-Instruct,bfloat16,2026-08-02T09:42:36,load,73,0.9511048970744014,0,
A100,NVIDIA A100-SXM4-80GB,qwen-0.5b,Qwen/Qwen2.5-0.5B-Instruct,bfloat16,2026-08-02T09:42:36,load,74,0.9648427050560713,0,
A100,NVIDIA A100-SXM4-80GB,qwen-0.5b,Qwen/Qwen2.5-0.5B-Instruct,bfloat16,2026-08-02T09:42:36,load,75,0.9613630371168256,0,
A100,NVIDIA A100-SXM4-80GB,qwen-0.5b,Qwen/Qwen2.5-0.5B-Instruct,bfloat16,2026-08-02T09:42:36,load,76,0.9849789030849934,0,
A100,NVIDIA A100-SXM4-80GB,qwen-0.5b,Qwen/Qwen2.5-0.5B-Instruct,bfloat16,2026-08-02T09:42:36,load,77,0.9715914176777005,0,
A100,NVIDIA A100-SXM4-80GB,qwen-0.5b,Qwen/Qwen2.5-0.5B-Instruct,bfloat16,2026-08-02T09:42:36,load,78,0.9881670642644167,0,
A100,NVIDIA A100-SXM4-80GB,qwen-0.5b,Qwen/Qwen2.5-0.5B-Instruct,bfloat16,2026-08-02T09:42:36,load,79,0.964312395080924,0,
A100,NVIDIA A100-SXM4-80GB,qwen-0.5b,Qwen/Qwen2.5-0.5B-Instruct,bfloat16,2026-08-02T09:42:36,load,80,0.9468925469554961,0,
A100,NVIDIA A100-SXM4-80GB,qwen-0.5b,Qwen/Qwen2.5-0.5B-Instruct,bfloat16,2026-08-02T09:42:36,load,81,0.9521395582705736,0,
A100,NVIDIA A100-SXM4-80GB,qwen-0.5b,Qwen/Qwen2.5-0.5B-Instruct,bfloat16,2026-08-02T09:42:36,load,82,4.55342211201787,0,
A100,NVIDIA A100-SXM4-80GB,qwen-0.5b,Qwen/Qwen2.5-0.5B-Instruct,bfloat16,2026-08-02T09:42:36,load,83,0.9758084560744464,0,
A100,NVIDIA A100-SXM4-80GB,qwen-0.5b,Qwen/Qwen2.5-0.5B-Instruct,bfloat16,2026-08-02T09:42:36,load,84,0.9536139080300927,0,
A100,NVIDIA A100-SXM4-80GB,qwen-0.5b,Qwen/Qwen2.5-0.5B-Instruct,bfloat16,2026-08-02T09:42:36,load,85,1.0056228758767247,0,
A100,NVIDIA A100-SXM4-80GB,qwen-0.5b,Qwen/Qwen2.5-0.5B-Instruct,bfloat16,2026-08-02T09:42:36,load,86,0.9898453848436475,0,
A100,NVIDIA A100-SXM4-80GB,qwen-0.5b,Qwen/Qwen2.5-0.5B-Instruct,bfloat16,2026-08-02T09:42:36,load,87,0.9667257620021701,0,
A100,NVIDIA A100-SXM4-80GB,qwen-0.5b,Qwen/Qwen2.5-0.5B-Instruct,bfloat16,2026-08-02T09:42:36,load,88,0.951811017934233,0,
A100,NVIDIA A100-SXM4-80GB,qwen-0.5b,Qwen/Qwen2.5-0.5B-Instruct,bfloat16,2026-08-02T09:42:36,load,89,0.9566563507542014,0,
A100,NVIDIA A100-SXM4-80GB,qwen-0.5b,Qwen/Qwen2.5-0.5B-Instruct,bfloat16,2026-08-02T09:42:36,load,90,1.1156989550217986,0,
A100,NVIDIA A100-SXM4-80GB,qwen-0.5b,Qwen/Qwen2.5-0.5B-Instruct,bfloat16,2026-08-02T09:42:36,load,91,1.0427443971857429,0,
A100,NVIDIA A100-SXM4-80GB,qwen-0.5b,Qwen/Qwen2.5-0.5B-Instruct,bfloat16,2026-08-02T09:42:36,load,92,0.9569454551674426,0,
A100,NVIDIA A100-SXM4-80GB,qwen-0.5b,Qwen/Qwen2.5-0.5B-Instruct,bfloat16,2026-08-02T09:42:36,load,93,0.9657130059786141,0,
A100,NVIDIA A100-SXM4-80GB,qwen-0.5b,Qwen/Qwen2.5-0.5B-Instruct,bfloat16,2026-08-02T09:42:36,load,94,0.9883812349289656,0,
A100,NVIDIA A100-SXM4-80GB,qwen-0.5b,Qwen/Qwen2.5-0.5B-Instruct,bfloat16,2026-08-02T09:42:36,load,95,0.9571211412549019,0,
A100,NVIDIA A100-SXM4-80GB,qwen-0.5b,Qwen/Qwen2.5-0.5B-Instruct,bfloat16,2026-08-02T09:42:36,load,96,1.1804835959337652,0,
A100,NVIDIA A100-SXM4-80GB,qwen-0.5b,Qwen/Qwen2.5-0.5B-Instruct,bfloat16,2026-08-02T09:42:36,load,97,0.963590725325048,0,
A100,NVIDIA A100-SXM4-80GB,qwen-0.5b,Qwen/Qwen2.5-0.5B-Instruct,bfloat16,2026-08-02T09:42:36,load,98,0.975841520819813,0,
A100,NVIDIA A100-SXM4-80GB,qwen-0.5b,Qwen/Qwen2.5-0.5B-Instruct,bfloat16,2026-08-02T09:42:36,load,99,4.704546811059117,0,
A100,NVIDIA A100-SXM4-80GB,qwen-0.5b,Qwen/Qwen2.5-0.5B-Instruct,bfloat16,2026-08-02T09:42:36,inference,0,0.2840095995925367,24,
A100,NVIDIA A100-SXM4-80GB,qwen-0.5b,Qwen/Qwen2.5-0.5B-Instruct,bfloat16,2026-08-02T09:42:36,inference,1,0.2837121691554785,24,
A100,NVIDIA A100-SXM4-80GB,qwen-0.5b,Qwen/Qwen2.5-0.5B-Instruct,bfloat16,2026-08-02T09:42:36,inference,2,0.28382181003689766,24,
A100,NVIDIA A100-SXM4-80GB,qwen-0.5b,Qwen/Qwen2.5-0.5B-Instruct,bfloat16,2026-08-02T09:42:36,inference,3,0.2840239889919758,24,
A100,NVIDIA A100-SXM4-80GB,qwen-0.5b,Qwen/Qwen2.5-0.5B-Instruct,bfloat16,2026-08-02T09:42:36,inference,4,0.28345517395064235,24,
A100,NVIDIA A100-SXM4-80GB,qwen-0.5b,Qwen/Qwen2.5-0.5B-Instruct,bfloat16,2026-08-02T09:42:36,inference,5,0.2838326906785369,24,
A100,NVIDIA A100-SXM4-80GB,qwen-0.5b,Qwen/Qwen2.5-0.5B-Instruct,bfloat16,2026-08-02T09:42:36,inference,6,0.28385951509699225,24,
A100,NVIDIA A100-SXM4-80GB,qwen-0.5b,Qwen/Qwen2.5-0.5B-Instruct,bfloat16,2026-08-02T09:42:36,inference,7,0.2841075290925801,24,
A100,NVIDIA A100-SXM4-80GB,qwen-0.5b,Qwen/Qwen2.5-0.5B-Instruct,bfloat16,2026-08-02T09:42:36,inference,8,0.28381006699055433,24,
A100,NVIDIA A100-SXM4-80GB,qwen-0.5b,Qwen/Qwen2.5-0.5B-Instruct,bfloat16,2026-08-02T09:42:36,inference,9,0.28369408613070846,24,
A100,NVIDIA A100-SXM4-80GB,qwen-0.5b,Qwen/Qwen2.5-0.5B-Instruct,bfloat16,2026-08-02T09:42:36,inference,10,0.2833231291733682,24,
A100,NVIDIA A100-SXM4-80GB,qwen-0.5b,Qwen/Qwen2.5-0.5B-Instruct,bfloat16,2026-08-02T09:42:36,inference,11,0.28360572597011924,24,
A100,NVIDIA A100-SXM4-80GB,qwen-0.5b,Qwen/Qwen2.5-0.5B-Instruct,bfloat16,2026-08-02T09:42:36,inference,12,0.28383440896868706,24,
A100,NVIDIA A100-SXM4-80GB,qwen-0.5b,Qwen/Qwen2.5-0.5B-Instruct,bfloat16,2026-08-02T09:42:36,inference,13,0.28381120692938566,24,
A100,NVIDIA A100-SXM4-80GB,qwen-0.5b,Qwen/Qwen2.5-0.5B-Instruct,bfloat16,2026-08-02T09:42:36,inference,14,0.2839586460031569,24,
A100,NVIDIA A100-SXM4-80GB,qwen-0.5b,Qwen/Qwen2.5-0.5B-Instruct,bfloat16,2026-08-02T09:42:36,inference,15,0.2837304878048599,24,
A100,NVIDIA A100-SXM4-80GB,qwen-0.5b,Qwen/Qwen2.5-0.5B-Instruct,bfloat16,2026-08-02T09:42:36,inference,16,0.2834808649495244,24,
A100,NVIDIA A100-SXM4-80GB,qwen-0.5b,Qwen/Qwen2.5-0.5B-Instruct,bfloat16,2026-08-02T09:42:36,inference,17,0.28379902336746454,24,
A100,NVIDIA A100-SXM4-80GB,qwen-0.5b,Qwen/Qwen2.5-0.5B-Instruct,bfloat16,2026-08-02T09:42:36,inference,18,0.28333326103165746,24,
A100,NVIDIA A100-SXM4-80GB,qwen-0.5b,Qwen/Qwen2.5-0.5B-Instruct,bfloat16,2026-08-02T09:42:36,inference,19,0.2834465461783111,24,
A100,NVIDIA A100-SXM4-80GB,qwen-0.5b,Qwen/Qwen2.5-0.5B-Instruct,bfloat16,2026-08-02T09:42:36,inference,20,0.28403647197410464,24,
A100,NVIDIA A100-SXM4-80GB,qwen-0.5b,Qwen/Qwen2.5-0.5B-Instruct,bfloat16,2026-08-02T09:42:36,inference,21,0.28382976492866874,24,
A100,NVIDIA A100-SXM4-80GB,qwen-0.5b,Qwen/Qwen2.5-0.5B-Instruct,bfloat16,2026-08-02T09:42:36,inference,22,0.28362245904281735,24,
A100,NVIDIA A100-SXM4-80GB,qwen-0.5b,Qwen/Qwen2.5-0.5B-Instruct,bfloat16,2026-08-02T09:42:36,inference,23,0.28404203383252025,24,
A100,NVIDIA A100-SXM4-80GB,qwen-0.5b,Qwen/Qwen2.5-0.5B-Instruct,bfloat16,2026-08-02T09:42:36,inference,24,0.2839510818012059,24,
A100,NVIDIA A100-SXM4-80GB,qwen-0.5b,Qwen/Qwen2.5-0.5B-Instruct,bfloat16,2026-08-02T09:42:36,inference,25,0.28475686395540833,24,
A100,NVIDIA A100-SXM4-80GB,qwen-0.5b,Qwen/Qwen2.5-0.5B-Instruct,bfloat16,2026-08-02T09:42:36,inference,26,0.28366570034995675,24,
A100,NVIDIA A100-SXM4-80GB,qwen-0.5b,Qwen/Qwen2.5-0.5B-Instruct,bfloat16,2026-08-02T09:42:36,inference,27,0.2835429389961064,24,
A100,NVIDIA A100-SXM4-80GB,qwen-0.5b,Qwen/Qwen2.5-0.5B-Instruct,bfloat16,2026-08-02T09:42:36,inference,28,0.28360629500821233,24,
A100,NVIDIA A100-SXM4-80GB,qwen-0.5b,Qwen/Qwen2.5-0.5B-Instruct,bfloat16,2026-08-02T09:42:36,inference,29,0.2841862039640546,24,
A100,NVIDIA A100-SXM4-80GB,qwen-0.5b,Qwen/Qwen2.5-0.5B-Instruct,bfloat16,2026-08-02T09:42:36,inference,30,0.28342741494998336,24,
A100,NVIDIA A100-SXM4-80GB,qwen-0.5b,Qwen/Qwen2.5-0.5B-Instruct,bfloat16,2026-08-02T09:42:36,inference,31,0.28399110212922096,24,
A100,NVIDIA A100-SXM4-80GB,qwen-0.5b,Qwen/Qwen2.5-0.5B-Instruct,bfloat16,2026-08-02T09:42:36,inference,32,0.284037877805531,24,
A100,NVIDIA A100-SXM4-80GB,qwen-0.5b,Qwen/Qwen2.5-0.5B-Instruct,bfloat16,2026-08-02T09:42:36,inference,33,0.2834180169738829,24,
A100,NVIDIA A100-SXM4-80GB,qwen-0.5b,Qwen/Qwen2.5-0.5B-Instruct,bfloat16,2026-08-02T09:42:36,inference,34,0.2836017026565969,24,
A100,NVIDIA A100-SXM4-80GB,qwen-0.5b,Qwen/Qwen2.5-0.5B-Instruct,bfloat16,2026-08-02T09:42:36,inference,35,0.28395926440134645,24,
A100,NVIDIA A100-SXM4-80GB,qwen-0.5b,Qwen/Qwen2.5-0.5B-Instruct,bfloat16,2026-08-02T09:42:36,inference,36,0.2840407839976251,24,
A100,NVIDIA A100-SXM4-80GB,qwen-0.5b,Qwen/Qwen2.5-0.5B-Instruct,bfloat16,2026-08-02T09:42:36,inference,37,0.2840805319137871,24,
A100,NVIDIA A100-SXM4-80GB,qwen-0.5b,Qwen/Qwen2.5-0.5B-Instruct,bfloat16,2026-08-02T09:42:36,inference,38,0.284270322881639,24,
A100,NVIDIA A100-SXM4-80GB,qwen-0.5b,Qwen/Qwen2.5-0.5B-Instruct,bfloat16,2026-08-02T09:42:36,inference,39,0.28352861292660236,24,
A100,NVIDIA A100-SXM4-80GB,qwen-0.5b,Qwen/Qwen2.5-0.5B-Instruct,bfloat16,2026-08-02T09:42:36,inference,40,0.283847791608423,24,
A100,NVIDIA A100-SXM4-80GB,qwen-0.5b,Qwen/Qwen2.5-0.5B-Instruct,bfloat16,2026-08-02T09:42:36,inference,41,0.28351307893171906,24,
A100,NVIDIA A100-SXM4-80GB,qwen-0.5b,Qwen/Qwen2.5-0.5B-Instruct,bfloat16,2026-08-02T09:42:36,inference,42,0.2839552257210016,24,
A100,NVIDIA A100-SXM4-80GB,qwen-0.5b,Qwen/Qwen2.5-0.5B-Instruct,bfloat16,2026-08-02T09:42:36,inference,43,0.2840148932300508,24,
A100,NVIDIA A100-SXM4-80GB,qwen-0.5b,Qwen/Qwen2.5-0.5B-Instruct,bfloat16,2026-08-02T09:42:36,inference,44,0.2837354838848114,24,
A100,NVIDIA A100-SXM4-80GB,qwen-0.5b,Qwen/Qwen2.5-0.5B-Instruct,bfloat16,2026-08-02T09:42:36,inference,45,0.2838809723034501,24,
A100,NVIDIA A100-SXM4-80GB,qwen-0.5b,Qwen/Qwen2.5-0.5B-Instruct,bfloat16,2026-08-02T09:42:36,inference,46,0.2840051297098398,24,
A100,NVIDIA A100-SXM4-80GB,qwen-0.5b,Qwen/Qwen2.5-0.5B-Instruct,bfloat16,2026-08-02T09:42:36,inference,47,0.283852641005069,24,
A100,NVIDIA A100-SXM4-80GB,qwen-0.5b,Qwen/Qwen2.5-0.5B-Instruct,bfloat16,2026-08-02T09:42:36,inference,48,0.2843613410368562,24,
A100,NVIDIA A100-SXM4-80GB,qwen-0.5b,Qwen/Qwen2.5-0.5B-Instruct,bfloat16,2026-08-02T09:42:36,inference,49,0.28493408719077706,24,
A100,NVIDIA A100-SXM4-80GB,qwen-0.5b,Qwen/Qwen2.5-0.5B-Instruct,bfloat16,2026-08-02T09:42:36,inference,50,0.28466832311823964,24,
A100,NVIDIA A100-SXM4-80GB,qwen-0.5b,Qwen/Qwen2.5-0.5B-Instruct,bfloat16,2026-08-02T09:42:36,inference,51,0.284832367207855,24,
A100,NVIDIA A100-SXM4-80GB,qwen-0.5b,Qwen/Qwen2.5-0.5B-Instruct,bfloat16,2026-08-02T09:42:36,inference,52,0.2850233023054898,24,
A100,NVIDIA A100-SXM4-80GB,qwen-0.5b,Qwen/Qwen2.5-0.5B-Instruct,bfloat16,2026-08-02T09:42:36,inference,53,0.2848093481734395,24,
A100,NVIDIA A100-SXM4-80GB,qwen-0.5b,Qwen/Qwen2.5-0.5B-Instruct,bfloat16,2026-08-02T09:42:36,inference,54,0.2843791129998863,24,
A100,NVIDIA A100-SXM4-80GB,qwen-0.5b,Qwen/Qwen2.5-0.5B-Instruct,bfloat16,2026-08-02T09:42:36,inference,55,0.28494748566299677,24,
A100,NVIDIA A100-SXM4-80GB,qwen-0.5b,Qwen/Qwen2.5-0.5B-Instruct,bfloat16,2026-08-02T09:42:36,inference,56,0.2845252980478108,24,
A100,NVIDIA A100-SXM4-80GB,qwen-0.5b,Qwen/Qwen2.5-0.5B-Instruct,bfloat16,2026-08-02T09:42:36,inference,57,0.28492972906678915,24,
A100,NVIDIA A100-SXM4-80GB,qwen-0.5b,Qwen/Qwen2.5-0.5B-Instruct,bfloat16,2026-08-02T09:42:36,inference,58,0.2843286320567131,24,
A100,NVIDIA A100-SXM4-80GB,qwen-0.5b,Qwen/Qwen2.5-0.5B-Instruct,bfloat16,2026-08-02T09:42:36,inference,59,0.2847659979015589,24,
A100,NVIDIA A100-SXM4-80GB,qwen-0.5b,Qwen/Qwen2.5-0.5B-Instruct,bfloat16,2026-08-02T09:42:36,inference,60,0.2843818888068199,24,
A100,NVIDIA A100-SXM4-80GB,qwen-0.5b,Qwen/Qwen2.5-0.5B-Instruct,bfloat16,2026-08-02T09:42:36,inference,61,0.2844154592603445,24,
A100,NVIDIA A100-SXM4-80GB,qwen-0.5b,Qwen/Qwen2.5-0.5B-Instruct,bfloat16,2026-08-02T09:42:36,inference,62,0.28471809392794967,24,
A100,NVIDIA A100-SXM4-80GB,qwen-0.5b,Qwen/Qwen2.5-0.5B-Instruct,bfloat16,2026-08-02T09:42:36,inference,63,0.28476342279464006,24,
A100,NVIDIA A100-SXM4-80GB,qwen-0.5b,Qwen/Qwen2.5-0.5B-Instruct,bfloat16,2026-08-02T09:42:36,inference,64,0.28452681098133326,24,
A100,NVIDIA A100-SXM4-80GB,qwen-0.5b,Qwen/Qwen2.5-0.5B-Instruct,bfloat16,2026-08-02T09:42:36,inference,65,0.2849123883061111,24,
A100,NVIDIA A100-SXM4-80GB,qwen-0.5b,Qwen/Qwen2.5-0.5B-Instruct,bfloat16,2026-08-02T09:42:36,inference,66,0.28772965632379055,24,
A100,NVIDIA A100-SXM4-80GB,qwen-0.5b,Qwen/Qwen2.5-0.5B-Instruct,bfloat16,2026-08-02T09:42:36,inference,67,0.2853210726752877,24,
A100,NVIDIA A100-SXM4-80GB,qwen-0.5b,Qwen/Qwen2.5-0.5B-Instruct,bfloat16,2026-08-02T09:42:36,inference,68,0.28455566009506583,24,
A100,NVIDIA A100-SXM4-80GB,qwen-0.5b,Qwen/Qwen2.5-0.5B-Instruct,bfloat16,2026-08-02T09:42:36,inference,69,0.28459752909839153,24,
A100,NVIDIA A100-SXM4-80GB,qwen-0.5b,Qwen/Qwen2.5-0.5B-Instruct,bfloat16,2026-08-02T09:42:36,inference,70,0.2842225912027061,24,
A100,NVIDIA A100-SXM4-80GB,qwen-0.5b,Qwen/Qwen2.5-0.5B-Instruct,bfloat16,2026-08-02T09:42:36,inference,71,0.28488443000242114,24,
A100,NVIDIA A100-SXM4-80GB,qwen-0.5b,Qwen/Qwen2.5-0.5B-Instruct,bfloat16,2026-08-02T09:42:36,inference,72,0.28481048811227083,24,
A100,NVIDIA A100-SXM4-80GB,qwen-0.5b,Qwen/Qwen2.5-0.5B-Instruct,bfloat16,2026-08-02T09:42:36,inference,73,0.28491630824282765,24,
A100,NVIDIA A100-SXM4-80GB,qwen-0.5b,Qwen/Qwen2.5-0.5B-Instruct,bfloat16,2026-08-02T09:42:36,inference,74,0.284409421030432,24,
A100,NVIDIA A100-SXM4-80GB,qwen-0.5b,Qwen/Qwen2.5-0.5B-Instruct,bfloat16,2026-08-02T09:42:36,inference,75,0.2841531499288976,24,
A100,NVIDIA A100-SXM4-80GB,qwen-0.5b,Qwen/Qwen2.5-0.5B-Instruct,bfloat16,2026-08-02T09:42:36,inference,76,0.2844225289300084,24,
A100,NVIDIA A100-SXM4-80GB,qwen-0.5b,Qwen/Qwen2.5-0.5B-Instruct,bfloat16,2026-08-02T09:42:36,inference,77,0.2844542511738837,24,
A100,NVIDIA A100-SXM4-80GB,qwen-0.5b,Qwen/Qwen2.5-0.5B-Instruct,bfloat16,2026-08-02T09:42:36,inference,78,0.28511172719299793,24,
A100,NVIDIA A100-SXM4-80GB,qwen-0.5b,Qwen/Qwen2.5-0.5B-Instruct,bfloat16,2026-08-02T09:42:36,inference,79,0.28397244680672884,24,
A100,NVIDIA A100-SXM4-80GB,qwen-0.5b,Qwen/Qwen2.5-0.5B-Instruct,bfloat16,2026-08-02T09:42:36,inference,80,0.28519674437120557,24,
A100,NVIDIA A100-SXM4-80GB,qwen-0.5b,Qwen/Qwen2.5-0.5B-Instruct,bfloat16,2026-08-02T09:42:36,inference,81,0.2845081379637122,24,
A100,NVIDIA A100-SXM4-80GB,qwen-0.5b,Qwen/Qwen2.5-0.5B-Instruct,bfloat16,2026-08-02T09:42:36,inference,82,0.28439210914075375,24,
A100,NVIDIA A100-SXM4-80GB,qwen-0.5b,Qwen/Qwen2.5-0.5B-Instruct,bfloat16,2026-08-02T09:42:36,inference,83,0.2845041938126087,24,
A100,NVIDIA A100-SXM4-80GB,qwen-0.5b,Qwen/Qwen2.5-0.5B-Instruct,bfloat16,2026-08-02T09:42:36,inference,84,0.28416273510083556,24,
A100,NVIDIA A100-SXM4-80GB,qwen-0.5b,Qwen/Qwen2.5-0.5B-Instruct,bfloat16,2026-08-02T09:42:36,inference,85,0.2845566109754145,24,
A100,NVIDIA A100-SXM4-80GB,qwen-0.5b,Qwen/Qwen2.5-0.5B-Instruct,bfloat16,2026-08-02T09:42:36,inference,86,0.28446363285183907,24,
A100,NVIDIA A100-SXM4-80GB,qwen-0.5b,Qwen/Qwen2.5-0.5B-Instruct,bfloat16,2026-08-02T09:42:36,inference,87,0.2848913003690541,24,
A100,NVIDIA A100-SXM4-80GB,qwen-0.5b,Qwen/Qwen2.5-0.5B-Instruct,bfloat16,2026-08-02T09:42:36,inference,88,0.2923739938996732,24,
A100,NVIDIA A100-SXM4-80GB,qwen-0.5b,Qwen/Qwen2.5-0.5B-Instruct,bfloat16,2026-08-02T09:42:36,inference,89,0.2844131262972951,24,
A100,NVIDIA A100-SXM4-80GB,qwen-0.5b,Qwen/Qwen2.5-0.5B-Instruct,bfloat16,2026-08-02T09:42:36,inference,90,0.284223819617182,24,
A100,NVIDIA A100-SXM4-80GB,qwen-0.5b,Qwen/Qwen2.5-0.5B-Instruct,bfloat16,2026-08-02T09:42:36,inference,91,0.2844174839556217,24,
A100,NVIDIA A100-SXM4-80GB,qwen-0.5b,Qwen/Qwen2.5-0.5B-Instruct,bfloat16,2026-08-02T09:42:36,inference,92,0.2847304390743375,24,
A100,NVIDIA A100-SXM4-80GB,qwen-0.5b,Qwen/Qwen2.5-0.5B-Instruct,bfloat16,2026-08-02T09:42:36,inference,93,0.2842261949554086,24,
A100,NVIDIA A100-SXM4-80GB,qwen-0.5b,Qwen/Qwen2.5-0.5B-Instruct,bfloat16,2026-08-02T09:42:36,inference,94,0.2845451650209725,24,
A100,NVIDIA A100-SXM4-80GB,qwen-0.5b,Qwen/Qwen2.5-0.5B-Instruct,bfloat16,2026-08-02T09:42:36,inference,95,0.2844977108761668,24,
A100,NVIDIA A100-SXM4-80GB,qwen-0.5b,Qwen/Qwen2.5-0.5B-Instruct,bfloat16,2026-08-02T09:42:36,inference,96,0.28424060996621847,24,
A100,NVIDIA A100-SXM4-80GB,qwen-0.5b,Qwen/Qwen2.5-0.5B-Instruct,bfloat16,2026-08-02T09:42:36,inference,97,0.2839843579567969,24,
A100,NVIDIA A100-SXM4-80GB,qwen-0.5b,Qwen/Qwen2.5-0.5B-Instruct,bfloat16,2026-08-02T09:42:36,inference,98,0.28456597588956356,24,
A100,NVIDIA A100-SXM4-80GB,qwen-0.5b,Qwen/Qwen2.5-0.5B-Instruct,bfloat16,2026-08-02T09:42:36,inference,99,0.28489295206964016,24,
A100,NVIDIA A100-SXM4-80GB,qwen-3b,Qwen/Qwen2.5-3B-Instruct,bfloat16,2026-08-02T09:42:36,load,0,4.128045395947993,0,
A100,NVIDIA A100-SXM4-80GB,qwen-3b,Qwen/Qwen2.5-3B-Instruct,bfloat16,2026-08-02T09:42:36,load,1,5.825032053049654,0,
A100,NVIDIA A100-SXM4-80GB,qwen-3b,Qwen/Qwen2.5-3B-Instruct,bfloat16,2026-08-02T09:42:36,load,2,2.185134510975331,0,
A100,NVIDIA A100-SXM4-80GB,qwen-3b,Qwen/Qwen2.5-3B-Instruct,bfloat16,2026-08-02T09:42:36,load,3,2.208338825032115,0,
A100,NVIDIA A100-SXM4-80GB,qwen-3b,Qwen/Qwen2.5-3B-Instruct,bfloat16,2026-08-02T09:42:36,load,4,3.580544627737254,0,
A100,NVIDIA A100-SXM4-80GB,qwen-3b,Qwen/Qwen2.5-3B-Instruct,bfloat16,2026-08-02T09:42:36,load,5,2.291295433882624,0,
A100,NVIDIA A100-SXM4-80GB,qwen-3b,Qwen/Qwen2.5-3B-Instruct,bfloat16,2026-08-02T09:42:36,load,6,2.1876181960105896,0,
A100,NVIDIA A100-SXM4-80GB,qwen-3b,Qwen/Qwen2.5-3B-Instruct,bfloat16,2026-08-02T09:42:36,load,7,2.2159396577626467,0,
A100,NVIDIA A100-SXM4-80GB,qwen-3b,Qwen/Qwen2.5-3B-Instruct,bfloat16,2026-08-02T09:42:36,load,8,2.181701506022364,0,
A100,NVIDIA A100-SXM4-80GB,qwen-3b,Qwen/Qwen2.5-3B-Instruct,bfloat16,2026-08-02T09:42:36,load,9,2.285278079099953,0,
A100,NVIDIA A100-SXM4-80GB,qwen-3b,Qwen/Qwen2.5-3B-Instruct,bfloat16,2026-08-02T09:42:36,load,10,2.1841002320870757,0,
A100,NVIDIA A100-SXM4-80GB,qwen-3b,Qwen/Qwen2.5-3B-Instruct,bfloat16,2026-08-02T09:42:36,load,11,2.1816985770128667,0,
A100,NVIDIA A100-SXM4-80GB,qwen-3b,Qwen/Qwen2.5-3B-Instruct,bfloat16,2026-08-02T09:42:36,load,12,2.2165646380744874,0,
A100,NVIDIA A100-SXM4-80GB,qwen-3b,Qwen/Qwen2.5-3B-Instruct,bfloat16,2026-08-02T09:42:36,load,13,2.1747422199696302,0,
A100,NVIDIA A100-SXM4-80GB,qwen-3b,Qwen/Qwen2.5-3B-Instruct,bfloat16,2026-08-02T09:42:36,load,14,2.1830942961387336,0,
A100,NVIDIA A100-SXM4-80GB,qwen-3b,Qwen/Qwen2.5-3B-Instruct,bfloat16,2026-08-02T09:42:36,load,15,2.1787104597315192,0,
A100,NVIDIA A100-SXM4-80GB,qwen-3b,Qwen/Qwen2.5-3B-Instruct,bfloat16,2026-08-02T09:42:36,load,16,2.1820678329095244,0,
A100,NVIDIA A100-SXM4-80GB,qwen-3b,Qwen/Qwen2.5-3B-Instruct,bfloat16,2026-08-02T09:42:36,load,17,2.360943377017975,0,
A100,NVIDIA A100-SXM4-80GB,qwen-3b,Qwen/Qwen2.5-3B-Instruct,bfloat16,2026-08-02T09:42:36,load,18,2.181071104016155,0,
A100,NVIDIA A100-SXM4-80GB,qwen-3b,Qwen/Qwen2.5-3B-Instruct,bfloat16,2026-08-02T09:42:36,load,19,2.2549581048078835,0,
A100,NVIDIA A100-SXM4-80GB,qwen-3b,Qwen/Qwen2.5-3B-Instruct,bfloat16,2026-08-02T09:42:36,load,20,2.349398688878864,0,
A100,NVIDIA A100-SXM4-80GB,qwen-3b,Qwen/Qwen2.5-3B-Instruct,bfloat16,2026-08-02T09:42:36,load,21,2.184509557671845,0,
A100,NVIDIA A100-SXM4-80GB,qwen-3b,Qwen/Qwen2.5-3B-Instruct,bfloat16,2026-08-02T09:42:36,load,22,2.19066459313035,0,
A100,NVIDIA A100-SXM4-80GB,qwen-3b,Qwen/Qwen2.5-3B-Instruct,bfloat16,2026-08-02T09:42:36,load,23,2.1818273100070655,0,
A100,NVIDIA A100-SXM4-80GB,qwen-3b,Qwen/Qwen2.5-3B-Instruct,bfloat16,2026-08-02T09:42:36,load,24,2.165275092702359,0,
A100,NVIDIA A100-SXM4-80GB,qwen-3b,Qwen/Qwen2.5-3B-Instruct,bfloat16,2026-08-02T09:42:36,load,25,2.182186021003872,0,
A100,NVIDIA A100-SXM4-80GB,qwen-3b,Qwen/Qwen2.5-3B-Instruct,bfloat16,2026-08-02T09:42:36,load,26,2.1882159300148487,0,
A100,NVIDIA A100-SXM4-80GB,qwen-3b,Qwen/Qwen2.5-3B-Instruct,bfloat16,2026-08-02T09:42:36,load,27,2.2853618408553302,0,
A100,NVIDIA A100-SXM4-80GB,qwen-3b,Qwen/Qwen2.5-3B-Instruct,bfloat16,2026-08-02T09:42:36,load,28,2.3650492620654404,0,
A100,NVIDIA A100-SXM4-80GB,qwen-3b,Qwen/Qwen2.5-3B-Instruct,bfloat16,2026-08-02T09:42:36,load,29,2.176925686188042,0,
A100,NVIDIA A100-SXM4-80GB,qwen-3b,Qwen/Qwen2.5-3B-Instruct,bfloat16,2026-08-02T09:42:36,load,30,2.2625459819100797,0,
A100,NVIDIA A100-SXM4-80GB,qwen-3b,Qwen/Qwen2.5-3B-Instruct,bfloat16,2026-08-02T09:42:36,load,31,2.2595070307143033,0,
A100,NVIDIA A100-SXM4-80GB,qwen-3b,Qwen/Qwen2.5-3B-Instruct,bfloat16,2026-08-02T09:42:36,load,32,2.1858139019459486,0,
A100,NVIDIA A100-SXM4-80GB,qwen-3b,Qwen/Qwen2.5-3B-Instruct,bfloat16,2026-08-02T09:42:36,load,33,2.1991885229945183,0,
A100,NVIDIA A100-SXM4-80GB,qwen-3b,Qwen/Qwen2.5-3B-Instruct,bfloat16,2026-08-02T09:42:36,load,34,2.1818717238493264,0,
A100,NVIDIA A100-SXM4-80GB,qwen-3b,Qwen/Qwen2.5-3B-Instruct,bfloat16,2026-08-02T09:42:36,load,35,2.2165371500886977,0,
A100,NVIDIA A100-SXM4-80GB,qwen-3b,Qwen/Qwen2.5-3B-Instruct,bfloat16,2026-08-02T09:42:36,load,36,2.1887038717977703,0,
A100,NVIDIA A100-SXM4-80GB,qwen-3b,Qwen/Qwen2.5-3B-Instruct,bfloat16,2026-08-02T09:42:36,load,37,2.2102493313141167,0,
A100,NVIDIA A100-SXM4-80GB,qwen-3b,Qwen/Qwen2.5-3B-Instruct,bfloat16,2026-08-02T09:42:36,load,38,2.1785840881057084,0,
A100,NVIDIA A100-SXM4-80GB,qwen-3b,Qwen/Qwen2.5-3B-Instruct,bfloat16,2026-08-02T09:42:36,load,39,2.1877575241960585,0,
A100,NVIDIA A100-SXM4-80GB,qwen-3b,Qwen/Qwen2.5-3B-Instruct,bfloat16,2026-08-02T09:42:36,load,40,2.185680407099426,0,
A100,NVIDIA A100-SXM4-80GB,qwen-3b,Qwen/Qwen2.5-3B-Instruct,bfloat16,2026-08-02T09:42:36,load,41,2.1777054560370743,0,
A100,NVIDIA A100-SXM4-80GB,qwen-3b,Qwen/Qwen2.5-3B-Instruct,bfloat16,2026-08-02T09:42:36,load,42,2.294197740033269,0,
A100,NVIDIA A100-SXM4-80GB,qwen-3b,Qwen/Qwen2.5-3B-Instruct,bfloat16,2026-08-02T09:42:36,load,43,2.205226137768477,0,
A100,NVIDIA A100-SXM4-80GB,qwen-3b,Qwen/Qwen2.5-3B-Instruct,bfloat16,2026-08-02T09:42:36,load,44,2.19801229191944,0,
A100,NVIDIA A100-SXM4-80GB,qwen-3b,Qwen/Qwen2.5-3B-Instruct,bfloat16,2026-08-02T09:42:36,load,45,2.23317715479061,0,
A100,NVIDIA A100-SXM4-80GB,qwen-3b,Qwen/Qwen2.5-3B-Instruct,bfloat16,2026-08-02T09:42:36,load,46,2.1791778770275414,0,
A100,NVIDIA A100-SXM4-80GB,qwen-3b,Qwen/Qwen2.5-3B-Instruct,bfloat16,2026-08-02T09:42:36,load,47,2.20494127785787,0,
A100,NVIDIA A100-SXM4-80GB,qwen-3b,Qwen/Qwen2.5-3B-Instruct,bfloat16,2026-08-02T09:42:36,load,48,2.190438572783023,0,
A100,NVIDIA A100-SXM4-80GB,qwen-3b,Qwen/Qwen2.5-3B-Instruct,bfloat16,2026-08-02T09:42:36,load,49,2.2506991866976023,0,
A100,NVIDIA A100-SXM4-80GB,qwen-3b,Qwen/Qwen2.5-3B-Instruct,bfloat16,2026-08-02T09:42:36,load,50,2.1808607997372746,0,
A100,NVIDIA A100-SXM4-80GB,qwen-3b,Qwen/Qwen2.5-3B-Instruct,bfloat16,2026-08-02T09:42:36,load,51,2.1678087608888745,0,
A100,NVIDIA A100-SXM4-80GB,qwen-3b,Qwen/Qwen2.5-3B-Instruct,bfloat16,2026-08-02T09:42:36,load,52,2.1799935367889702,0,
A100,NVIDIA A100-SXM4-80GB,qwen-3b,Qwen/Qwen2.5-3B-Instruct,bfloat16,2026-08-02T09:42:36,load,53,2.1927668382413685,0,
A100,NVIDIA A100-SXM4-80GB,qwen-3b,Qwen/Qwen2.5-3B-Instruct,bfloat16,2026-08-02T09:42:36,load,54,2.19095845380798,0,
A100,NVIDIA A100-SXM4-80GB,qwen-3b,Qwen/Qwen2.5-3B-Instruct,bfloat16,2026-08-02T09:42:36,load,55,2.4714759127236903,0,
A100,NVIDIA A100-SXM4-80GB,qwen-3b,Qwen/Qwen2.5-3B-Instruct,bfloat16,2026-08-02T09:42:36,load,56,2.1997607578523457,0,
A100,NVIDIA A100-SXM4-80GB,qwen-3b,Qwen/Qwen2.5-3B-Instruct,bfloat16,2026-08-02T09:42:36,load,57,2.1910936748608947,0,
A100,NVIDIA A100-SXM4-80GB,qwen-3b,Qwen/Qwen2.5-3B-Instruct,bfloat16,2026-08-02T09:42:36,load,58,2.167318807914853,0,
A100,NVIDIA A100-SXM4-80GB,qwen-3b,Qwen/Qwen2.5-3B-Instruct,bfloat16,2026-08-02T09:42:36,load,59,2.2326248651370406,0,
A100,NVIDIA A100-SXM4-80GB,qwen-3b,Qwen/Qwen2.5-3B-Instruct,bfloat16,2026-08-02T09:42:36,load,60,2.1939192949794233,0,
A100,NVIDIA A100-SXM4-80GB,qwen-3b,Qwen/Qwen2.5-3B-Instruct,bfloat16,2026-08-02T09:42:36,load,61,2.2005020431242883,0,
A100,NVIDIA A100-SXM4-80GB,qwen-3b,Qwen/Qwen2.5-3B-Instruct,bfloat16,2026-08-02T09:42:36,load,62,2.2096102288924158,0,
A100,NVIDIA A100-SXM4-80GB,qwen-3b,Qwen/Qwen2.5-3B-Instruct,bfloat16,2026-08-02T09:42:36,load,63,2.1724291616119444,0,
A100,NVIDIA A100-SXM4-80GB,qwen-3b,Qwen/Qwen2.5-3B-Instruct,bfloat16,2026-08-02T09:42:36,load,64,2.2073908802121878,0,
A100,NVIDIA A100-SXM4-80GB,qwen-3b,Qwen/Qwen2.5-3B-Instruct,bfloat16,2026-08-02T09:42:36,load,65,2.1965613807551563,0,
A100,NVIDIA A100-SXM4-80GB,qwen-3b,Qwen/Qwen2.5-3B-Instruct,bfloat16,2026-08-02T09:42:36,load,66,2.247517467942089,0,
A100,NVIDIA A100-SXM4-80GB,qwen-3b,Qwen/Qwen2.5-3B-Instruct,bfloat16,2026-08-02T09:42:36,load,67,2.202808912843466,0,
A100,NVIDIA A100-SXM4-80GB,qwen-3b,Qwen/Qwen2.5-3B-Instruct,bfloat16,2026-08-02T09:42:36,load,68,2.3506571291945875,0,
A100,NVIDIA A100-SXM4-80GB,qwen-3b,Qwen/Qwen2.5-3B-Instruct,bfloat16,2026-08-02T09:42:36,load,69,2.271973685361445,0,
A100,NVIDIA A100-SXM4-80GB,qwen-3b,Qwen/Qwen2.5-3B-Instruct,bfloat16,2026-08-02T09:42:36,load,70,2.192929883953184,0,
A100,NVIDIA A100-SXM4-80GB,qwen-3b,Qwen/Qwen2.5-3B-Instruct,bfloat16,2026-08-02T09:42:36,load,71,2.2609772221185267,0,
A100,NVIDIA A100-SXM4-80GB,qwen-3b,Qwen/Qwen2.5-3B-Instruct,bfloat16,2026-08-02T09:42:36,load,72,2.1860419302247465,0,
A100,NVIDIA A100-SXM4-80GB,qwen-3b,Qwen/Qwen2.5-3B-Instruct,bfloat16,2026-08-02T09:42:36,load,73,2.173125279136002,0,
A100,NVIDIA A100-SXM4-80GB,qwen-3b,Qwen/Qwen2.5-3B-Instruct,bfloat16,2026-08-02T09:42:36,load,74,2.2062166770920157,0,
A100,NVIDIA A100-SXM4-80GB,qwen-3b,Qwen/Qwen2.5-3B-Instruct,bfloat16,2026-08-02T09:42:36,load,75,2.1986969569697976,0,
A100,NVIDIA A100-SXM4-80GB,qwen-3b,Qwen/Qwen2.5-3B-Instruct,bfloat16,2026-08-02T09:42:36,load,76,2.1901757190935314,0,
A100,NVIDIA A100-SXM4-80GB,qwen-3b,Qwen/Qwen2.5-3B-Instruct,bfloat16,2026-08-02T09:42:36,load,77,2.18866494204849,0,
A100,NVIDIA A100-SXM4-80GB,qwen-3b,Qwen/Qwen2.5-3B-Instruct,bfloat16,2026-08-02T09:42:36,load,78,2.18049156665802,0,
A100,NVIDIA A100-SXM4-80GB,qwen-3b,Qwen/Qwen2.5-3B-Instruct,bfloat16,2026-08-02T09:42:36,load,79,2.1852687001228333,0,
A100,NVIDIA A100-SXM4-80GB,qwen-3b,Qwen/Qwen2.5-3B-Instruct,bfloat16,2026-08-02T09:42:36,load,80,2.1951990332454443,0,
A100,NVIDIA A100-SXM4-80GB,qwen-3b,Qwen/Qwen2.5-3B-Instruct,bfloat16,2026-08-02T09:42:36,load,81,2.237926236819476,0,
A100,NVIDIA A100-SXM4-80GB,qwen-3b,Qwen/Qwen2.5-3B-Instruct,bfloat16,2026-08-02T09:42:36,load,82,2.1693190769292414,0,
A100,NVIDIA A100-SXM4-80GB,qwen-3b,Qwen/Qwen2.5-3B-Instruct,bfloat16,2026-08-02T09:42:36,load,83,2.1901808818802238,0,
A100,NVIDIA A100-SXM4-80GB,qwen-3b,Qwen/Qwen2.5-3B-Instruct,bfloat16,2026-08-02T09:42:36,load,84,2.235402065794915,0,
A100,NVIDIA A100-SXM4-80GB,qwen-3b,Qwen/Qwen2.5-3B-Instruct,bfloat16,2026-08-02T09:42:36,load,85,2.214111164212227,0,
A100,NVIDIA A100-SXM4-80GB,qwen-3b,Qwen/Qwen2.5-3B-Instruct,bfloat16,2026-08-02T09:42:36,load,86,2.194954290986061,0,
A100,NVIDIA A100-SXM4-80GB,qwen-3b,Qwen/Qwen2.5-3B-Instruct,bfloat16,2026-08-02T09:42:36,load,87,2.19547369889915,0,
A100,NVIDIA A100-SXM4-80GB,qwen-3b,Qwen/Qwen2.5-3B-Instruct,bfloat16,2026-08-02T09:42:36,load,88,2.179800027050078,0,
A100,NVIDIA A100-SXM4-80GB,qwen-3b,Qwen/Qwen2.5-3B-Instruct,bfloat16,2026-08-02T09:42:36,load,89,2.2079589338973165,0,
A100,NVIDIA A100-SXM4-80GB,qwen-3b,Qwen/Qwen2.5-3B-Instruct,bfloat16,2026-08-02T09:42:36,load,90,2.265335096977651,0,
A100,NVIDIA A100-SXM4-80GB,qwen-3b,Qwen/Qwen2.5-3B-Instruct,bfloat16,2026-08-02T09:42:36,load,91,2.202127270400524,0,
A100,NVIDIA A100-SXM4-80GB,qwen-3b,Qwen/Qwen2.5-3B-Instruct,bfloat16,2026-08-02T09:42:36,load,92,2.184126625303179,0,
A100,NVIDIA A100-SXM4-80GB,qwen-3b,Qwen/Qwen2.5-3B-Instruct,bfloat16,2026-08-02T09:42:36,load,93,2.3864731220528483,0,
A100,NVIDIA A100-SXM4-80GB,qwen-3b,Qwen/Qwen2.5-3B-Instruct,bfloat16,2026-08-02T09:42:36,load,94,2.1981420791707933,0,
A100,NVIDIA A100-SXM4-80GB,qwen-3b,Qwen/Qwen2.5-3B-Instruct,bfloat16,2026-08-02T09:42:36,load,95,2.169081003870815,0,
A100,NVIDIA A100-SXM4-80GB,qwen-3b,Qwen/Qwen2.5-3B-Instruct,bfloat16,2026-08-02T09:42:36,load,96,2.347609861753881,0,
A100,NVIDIA A100-SXM4-80GB,qwen-3b,Qwen/Qwen2.5-3B-Instruct,bfloat16,2026-08-02T09:42:36,load,97,2.2442411831580102,0,
A100,NVIDIA A100-SXM4-80GB,qwen-3b,Qwen/Qwen2.5-3B-Instruct,bfloat16,2026-08-02T09:42:36,load,98,2.1665943297557533,0,
A100,NVIDIA A100-SXM4-80GB,qwen-3b,Qwen/Qwen2.5-3B-Instruct,bfloat16,2026-08-02T09:42:36,load,99,2.1680148830637336,0,
A100,NVIDIA A100-SXM4-80GB,qwen-3b,Qwen/Qwen2.5-3B-Instruct,bfloat16,2026-08-02T09:42:36,inference,0,0.4208747697994113,24,
A100,NVIDIA A100-SXM4-80GB,qwen-3b,Qwen/Qwen2.5-3B-Instruct,bfloat16,2026-08-02T09:42:36,inference,1,0.4206687891855836,24,
A100,NVIDIA A100-SXM4-80GB,qwen-3b,Qwen/Qwen2.5-3B-Instruct,bfloat16,2026-08-02T09:42:36,inference,2,0.4214901067316532,24,
A100,NVIDIA A100-SXM4-80GB,qwen-3b,Qwen/Qwen2.5-3B-Instruct,bfloat16,2026-08-02T09:42:36,inference,3,0.4213743098080158,24,
A100,NVIDIA A100-SXM4-80GB,qwen-3b,Qwen/Qwen2.5-3B-Instruct,bfloat16,2026-08-02T09:42:36,inference,4,0.42165600787848234,24,
A100,NVIDIA A100-SXM4-80GB,qwen-3b,Qwen/Qwen2.5-3B-Instruct,bfloat16,2026-08-02T09:42:36,inference,5,0.42206784384325147,24,
A100,NVIDIA A100-SXM4-80GB,qwen-3b,Qwen/Qwen2.5-3B-Instruct,bfloat16,2026-08-02T09:42:36,inference,6,0.4214653270319104,24,
A100,NVIDIA A100-SXM4-80GB,qwen-3b,Qwen/Qwen2.5-3B-Instruct,bfloat16,2026-08-02T09:42:36,inference,7,0.42119289096444845,24,
A100,NVIDIA A100-SXM4-80GB,qwen-3b,Qwen/Qwen2.5-3B-Instruct,bfloat16,2026-08-02T09:42:36,inference,8,0.4212783412076533,24,
A100,NVIDIA A100-SXM4-80GB,qwen-3b,Qwen/Qwen2.5-3B-Instruct,bfloat16,2026-08-02T09:42:36,inference,9,0.42213920410722494,24,
A100,NVIDIA A100-SXM4-80GB,qwen-3b,Qwen/Qwen2.5-3B-Instruct,bfloat16,2026-08-02T09:42:36,inference,10,0.4220810001716018,24,
A100,NVIDIA A100-SXM4-80GB,qwen-3b,Qwen/Qwen2.5-3B-Instruct,bfloat16,2026-08-02T09:42:36,inference,11,0.4208053960464895,24,
A100,NVIDIA A100-SXM4-80GB,qwen-3b,Qwen/Qwen2.5-3B-Instruct,bfloat16,2026-08-02T09:42:36,inference,12,0.4208675497211516,24,
A100,NVIDIA A100-SXM4-80GB,qwen-3b,Qwen/Qwen2.5-3B-Instruct,bfloat16,2026-08-02T09:42:36,inference,13,0.42166060488671064,24,
A100,NVIDIA A100-SXM4-80GB,qwen-3b,Qwen/Qwen2.5-3B-Instruct,bfloat16,2026-08-02T09:42:36,inference,14,0.42146696615964174,24,
A100,NVIDIA A100-SXM4-80GB,qwen-3b,Qwen/Qwen2.5-3B-Instruct,bfloat16,2026-08-02T09:42:36,inference,15,0.42120183212682605,24,
A100,NVIDIA A100-SXM4-80GB,qwen-3b,Qwen/Qwen2.5-3B-Instruct,bfloat16,2026-08-02T09:42:36,inference,16,0.4214310669340193,24,
A100,NVIDIA A100-SXM4-80GB,qwen-3b,Qwen/Qwen2.5-3B-Instruct,bfloat16,2026-08-02T09:42:36,inference,17,0.4207732849754393,24,
A100,NVIDIA A100-SXM4-80GB,qwen-3b,Qwen/Qwen2.5-3B-Instruct,bfloat16,2026-08-02T09:42:36,inference,18,0.4216147228144109,24,
A100,NVIDIA A100-SXM4-80GB,qwen-3b,Qwen/Qwen2.5-3B-Instruct,bfloat16,2026-08-02T09:42:36,inference,19,0.4212401839904487,24,
A100,NVIDIA A100-SXM4-80GB,qwen-3b,Qwen/Qwen2.5-3B-Instruct,bfloat16,2026-08-02T09:42:36,inference,20,0.4217700660228729,24,
A100,NVIDIA A100-SXM4-80GB,qwen-3b,Qwen/Qwen2.5-3B-Instruct,bfloat16,2026-08-02T09:42:36,inference,21,0.42078520683571696,24,
A100,NVIDIA A100-SXM4-80GB,qwen-3b,Qwen/Qwen2.5-3B-Instruct,bfloat16,2026-08-02T09:42:36,inference,22,0.4212921801954508,24,
A100,NVIDIA A100-SXM4-80GB,qwen-3b,Qwen/Qwen2.5-3B-Instruct,bfloat16,2026-08-02T09:42:36,inference,23,0.4210694548673928,24,
A100,NVIDIA A100-SXM4-80GB,qwen-3b,Qwen/Qwen2.5-3B-Instruct,bfloat16,2026-08-02T09:42:36,inference,24,0.4212512052617967,24,
A100,NVIDIA A100-SXM4-80GB,qwen-3b,Qwen/Qwen2.5-3B-Instruct,bfloat16,2026-08-02T09:42:36,inference,25,0.4217926459386945,24,
A100,NVIDIA A100-SXM4-80GB,qwen-3b,Qwen/Qwen2.5-3B-Instruct,bfloat16,2026-08-02T09:42:36,inference,26,0.4211127059534192,24,
A100,NVIDIA A100-SXM4-80GB,qwen-3b,Qwen/Qwen2.5-3B-Instruct,bfloat16,2026-08-02T09:42:36,inference,27,0.42089539719745517,24,
A100,NVIDIA A100-SXM4-80GB,qwen-3b,Qwen/Qwen2.5-3B-Instruct,bfloat16,2026-08-02T09:42:36,inference,28,0.4213968492113054,24,
A100,NVIDIA A100-SXM4-80GB,qwen-3b,Qwen/Qwen2.5-3B-Instruct,bfloat16,2026-08-02T09:42:36,inference,29,0.42139235604554415,24,
A100,NVIDIA A100-SXM4-80GB,qwen-3b,Qwen/Qwen2.5-3B-Instruct,bfloat16,2026-08-02T09:42:36,inference,30,0.42108838679268956,24,
A100,NVIDIA A100-SXM4-80GB,qwen-3b,Qwen/Qwen2.5-3B-Instruct,bfloat16,2026-08-02T09:42:36,inference,31,0.4205775265581906,24,
A100,NVIDIA A100-SXM4-80GB,qwen-3b,Qwen/Qwen2.5-3B-Instruct,bfloat16,2026-08-02T09:42:36,inference,32,0.421177726238966,24,
A100,NVIDIA A100-SXM4-80GB,qwen-3b,Qwen/Qwen2.5-3B-Instruct,bfloat16,2026-08-02T09:42:36,inference,33,0.4210968459956348,24,
A100,NVIDIA A100-SXM4-80GB,qwen-3b,Qwen/Qwen2.5-3B-Instruct,bfloat16,2026-08-02T09:42:36,inference,34,0.42072455678135157,24,
A100,NVIDIA A100-SXM4-80GB,qwen-3b,Qwen/Qwen2.5-3B-Instruct,bfloat16,2026-08-02T09:42:36,inference,35,0.42102364404127,24,
A100,NVIDIA A100-SXM4-80GB,qwen-3b,Qwen/Qwen2.5-3B-Instruct,bfloat16,2026-08-02T09:42:36,inference,36,0.42086516274139285,24,
A100,NVIDIA A100-SXM4-80GB,qwen-3b,Qwen/Qwen2.5-3B-Instruct,bfloat16,2026-08-02T09:42:36,inference,37,0.42130356235429645,24,
A100,NVIDIA A100-SXM4-80GB,qwen-3b,Qwen/Qwen2.5-3B-Instruct,bfloat16,2026-08-02T09:42:36,inference,38,0.42089277412742376,24,
A100,NVIDIA A100-SXM4-80GB,qwen-3b,Qwen/Qwen2.5-3B-Instruct,bfloat16,2026-08-02T09:42:36,inference,39,0.42063785111531615,24,
A100,NVIDIA A100-SXM4-80GB,qwen-3b,Qwen/Qwen2.5-3B-Instruct,bfloat16,2026-08-02T09:42:36,inference,40,0.42107614828273654,24,
A100,NVIDIA A100-SXM4-80GB,qwen-3b,Qwen/Qwen2.5-3B-Instruct,bfloat16,2026-08-02T09:42:36,inference,41,0.42077017296105623,24,
A100,NVIDIA A100-SXM4-80GB,qwen-3b,Qwen/Qwen2.5-3B-Instruct,bfloat16,2026-08-02T09:42:36,inference,42,0.42499718302860856,24,
A100,NVIDIA A100-SXM4-80GB,qwen-3b,Qwen/Qwen2.5-3B-Instruct,bfloat16,2026-08-02T09:42:36,inference,43,0.422838251106441,24,
A100,NVIDIA A100-SXM4-80GB,qwen-3b,Qwen/Qwen2.5-3B-Instruct,bfloat16,2026-08-02T09:42:36,inference,44,0.4225282766856253,24,
A100,NVIDIA A100-SXM4-80GB,qwen-3b,Qwen/Qwen2.5-3B-Instruct,bfloat16,2026-08-02T09:42:36,inference,45,0.4218177357688546,24,
A100,NVIDIA A100-SXM4-80GB,qwen-3b,Qwen/Qwen2.5-3B-Instruct,bfloat16,2026-08-02T09:42:36,inference,46,0.42138309590518475,24,
A100,NVIDIA A100-SXM4-80GB,qwen-3b,Qwen/Qwen2.5-3B-Instruct,bfloat16,2026-08-02T09:42:36,inference,47,0.4224519981071353,24,
A100,NVIDIA A100-SXM4-80GB,qwen-3b,Qwen/Qwen2.5-3B-Instruct,bfloat16,2026-08-02T09:42:36,inference,48,0.42137707816436887,24,
A100,NVIDIA A100-SXM4-80GB,qwen-3b,Qwen/Qwen2.5-3B-Instruct,bfloat16,2026-08-02T09:42:36,inference,49,0.4225446698255837,24,
A100,NVIDIA A100-SXM4-80GB,qwen-3b,Qwen/Qwen2.5-3B-Instruct,bfloat16,2026-08-02T09:42:36,inference,50,0.42084645200520754,24,
A100,NVIDIA A100-SXM4-80GB,qwen-3b,Qwen/Qwen2.5-3B-Instruct,bfloat16,2026-08-02T09:42:36,inference,51,0.42143587628379464,24,
A100,NVIDIA A100-SXM4-80GB,qwen-3b,Qwen/Qwen2.5-3B-Instruct,bfloat16,2026-08-02T09:42:36,inference,52,0.4212540742009878,24,
A100,NVIDIA A100-SXM4-80GB,qwen-3b,Qwen/Qwen2.5-3B-Instruct,bfloat16,2026-08-02T09:42:36,inference,53,0.4208784461952746,24,
A100,NVIDIA A100-SXM4-80GB,qwen-3b,Qwen/Qwen2.5-3B-Instruct,bfloat16,2026-08-02T09:42:36,inference,54,0.42081555211916566,24,
A100,NVIDIA A100-SXM4-80GB,qwen-3b,Qwen/Qwen2.5-3B-Instruct,bfloat16,2026-08-02T09:42:36,inference,55,0.42065039183944464,24,
A100,NVIDIA A100-SXM4-80GB,qwen-3b,Qwen/Qwen2.5-3B-Instruct,bfloat16,2026-08-02T09:42:36,inference,56,0.4210704271681607,24,
A100,NVIDIA A100-SXM4-80GB,qwen-3b,Qwen/Qwen2.5-3B-Instruct,bfloat16,2026-08-02T09:42:36,inference,57,0.42075741617009044,24,
A100,NVIDIA A100-SXM4-80GB,qwen-3b,Qwen/Qwen2.5-3B-Instruct,bfloat16,2026-08-02T09:42:36,inference,58,0.4209357532672584,24,
A100,NVIDIA A100-SXM4-80GB,qwen-3b,Qwen/Qwen2.5-3B-Instruct,bfloat16,2026-08-02T09:42:36,inference,59,0.4210683819837868,24,
A100,NVIDIA A100-SXM4-80GB,qwen-3b,Qwen/Qwen2.5-3B-Instruct,bfloat16,2026-08-02T09:42:36,inference,60,0.4211937142536044,24,
A100,NVIDIA A100-SXM4-80GB,qwen-3b,Qwen/Qwen2.5-3B-Instruct,bfloat16,2026-08-02T09:42:36,inference,61,0.4215263142250478,24,
A100,NVIDIA A100-SXM4-80GB,qwen-3b,Qwen/Qwen2.5-3B-Instruct,bfloat16,2026-08-02T09:42:36,inference,62,0.42163351317867637,24,
A100,NVIDIA A100-SXM4-80GB,qwen-3b,Qwen/Qwen2.5-3B-Instruct,bfloat16,2026-08-02T09:42:36,inference,63,0.4249885492026806,24,
A100,NVIDIA A100-SXM4-80GB,qwen-3b,Qwen/Qwen2.5-3B-Instruct,bfloat16,2026-08-02T09:42:36,inference,64,0.42159900488331914,24,
A100,NVIDIA A100-SXM4-80GB,qwen-3b,Qwen/Qwen2.5-3B-Instruct,bfloat16,2026-08-02T09:42:36,inference,65,0.420312344096601,24,
A100,NVIDIA A100-SXM4-80GB,qwen-3b,Qwen/Qwen2.5-3B-Instruct,bfloat16,2026-08-02T09:42:36,inference,66,0.4206867031753063,24,
A100,NVIDIA A100-SXM4-80GB,qwen-3b,Qwen/Qwen2.5-3B-Instruct,bfloat16,2026-08-02T09:42:36,inference,67,0.42058273404836655,24,
A100,NVIDIA A100-SXM4-80GB,qwen-3b,Qwen/Qwen2.5-3B-Instruct,bfloat16,2026-08-02T09:42:36,inference,68,0.4238308179192245,24,
A100,NVIDIA A100-SXM4-80GB,qwen-3b,Qwen/Qwen2.5-3B-Instruct,bfloat16,2026-08-02T09:42:36,inference,69,0.42579307593405247,24,
A100,NVIDIA A100-SXM4-80GB,qwen-3b,Qwen/Qwen2.5-3B-Instruct,bfloat16,2026-08-02T09:42:36,inference,70,0.42063671676442027,24,
A100,NVIDIA A100-SXM4-80GB,qwen-3b,Qwen/Qwen2.5-3B-Instruct,bfloat16,2026-08-02T09:42:36,inference,71,0.4217318599112332,24,
A100,NVIDIA A100-SXM4-80GB,qwen-3b,Qwen/Qwen2.5-3B-Instruct,bfloat16,2026-08-02T09:42:36,inference,72,0.4211989436298609,24,
A100,NVIDIA A100-SXM4-80GB,qwen-3b,Qwen/Qwen2.5-3B-Instruct,bfloat16,2026-08-02T09:42:36,inference,73,0.42112768488004804,24,
A100,NVIDIA A100-SXM4-80GB,qwen-3b,Qwen/Qwen2.5-3B-Instruct,bfloat16,2026-08-02T09:42:36,inference,74,0.4209283571690321,24,
A100,NVIDIA A100-SXM4-80GB,qwen-3b,Qwen/Qwen2.5-3B-Instruct,bfloat16,2026-08-02T09:42:36,inference,75,0.42117969458922744,24,
A100,NVIDIA A100-SXM4-80GB,qwen-3b,Qwen/Qwen2.5-3B-Instruct,bfloat16,2026-08-02T09:42:36,inference,76,0.4213103372603655,24,
A100,NVIDIA A100-SXM4-80GB,qwen-3b,Qwen/Qwen2.5-3B-Instruct,bfloat16,2026-08-02T09:42:36,inference,77,0.42073301412165165,24,
A100,NVIDIA A100-SXM4-80GB,qwen-3b,Qwen/Qwen2.5-3B-Instruct,bfloat16,2026-08-02T09:42:36,inference,78,0.42094546323642135,24,
A100,NVIDIA A100-SXM4-80GB,qwen-3b,Qwen/Qwen2.5-3B-Instruct,bfloat16,2026-08-02T09:42:36,inference,79,0.42060662899166346,24,
A100,NVIDIA A100-SXM4-80GB,qwen-3b,Qwen/Qwen2.5-3B-Instruct,bfloat16,2026-08-02T09:42:36,inference,80,0.4211455727927387,24,
A100,NVIDIA A100-SXM4-80GB,qwen-3b,Qwen/Qwen2.5-3B-Instruct,bfloat16,2026-08-02T09:42:36,inference,81,0.4216626351699233,24,
A100,NVIDIA A100-SXM4-80GB,qwen-3b,Qwen/Qwen2.5-3B-Instruct,bfloat16,2026-08-02T09:42:36,inference,82,0.42050251131877303,24,
A100,NVIDIA A100-SXM4-80GB,qwen-3b,Qwen/Qwen2.5-3B-Instruct,bfloat16,2026-08-02T09:42:36,inference,83,0.42076875176280737,24,
A100,NVIDIA A100-SXM4-80GB,qwen-3b,Qwen/Qwen2.5-3B-Instruct,bfloat16,2026-08-02T09:42:36,inference,84,0.4203267339617014,24,
A100,NVIDIA A100-SXM4-80GB,qwen-3b,Qwen/Qwen2.5-3B-Instruct,bfloat16,2026-08-02T09:42:36,inference,85,0.4207643447443843,24,
A100,NVIDIA A100-SXM4-80GB,qwen-3b,Qwen/Qwen2.5-3B-Instruct,bfloat16,2026-08-02T09:42:36,inference,86,0.42138531198725104,24,
A100,NVIDIA A100-SXM4-80GB,qwen-3b,Qwen/Qwen2.5-3B-Instruct,bfloat16,2026-08-02T09:42:36,inference,87,0.42109660897403955,24,
A100,NVIDIA A100-SXM4-80GB,qwen-3b,Qwen/Qwen2.5-3B-Instruct,bfloat16,2026-08-02T09:42:36,inference,88,0.42085096379742026,24,
A100,NVIDIA A100-SXM4-80GB,qwen-3b,Qwen/Qwen2.5-3B-Instruct,bfloat16,2026-08-02T09:42:36,inference,89,0.4208021410740912,24,
A100,NVIDIA A100-SXM4-80GB,qwen-3b,Qwen/Qwen2.5-3B-Instruct,bfloat16,2026-08-02T09:42:36,inference,90,0.4212295161560178,24,
A100,NVIDIA A100-SXM4-80GB,qwen-3b,Qwen/Qwen2.5-3B-Instruct,bfloat16,2026-08-02T09:42:36,inference,91,0.4206377239897847,24,
A100,NVIDIA A100-SXM4-80GB,qwen-3b,Qwen/Qwen2.5-3B-Instruct,bfloat16,2026-08-02T09:42:36,inference,92,0.4210177678614855,24,
A100,NVIDIA A100-SXM4-80GB,qwen-3b,Qwen/Qwen2.5-3B-Instruct,bfloat16,2026-08-02T09:42:36,inference,93,0.42054511001333594,24,
A100,NVIDIA A100-SXM4-80GB,qwen-3b,Qwen/Qwen2.5-3B-Instruct,bfloat16,2026-08-02T09:42:36,inference,94,0.42038711719214916,24,
A100,NVIDIA A100-SXM4-80GB,qwen-3b,Qwen/Qwen2.5-3B-Instruct,bfloat16,2026-08-02T09:42:36,inference,95,0.42084544338285923,24,
A100,NVIDIA A100-SXM4-80GB,qwen-3b,Qwen/Qwen2.5-3B-Instruct,bfloat16,2026-08-02T09:42:36,inference,96,0.4205154119990766,24,
A100,NVIDIA A100-SXM4-80GB,qwen-3b,Qwen/Qwen2.5-3B-Instruct,bfloat16,2026-08-02T09:42:36,inference,97,0.42119793966412544,24,
A100,NVIDIA A100-SXM4-80GB,qwen-3b,Qwen/Qwen2.5-3B-Instruct,bfloat16,2026-08-02T09:42:36,inference,98,0.4210674609057605,24,
A100,NVIDIA A100-SXM4-80GB,qwen-3b,Qwen/Qwen2.5-3B-Instruct,bfloat16,2026-08-02T09:42:36,inference,99,0.4209372391924262,24,
NVIDIA A40,NVIDIA A40,llama-1b,meta-llama/Llama-3.2-1B-Instruct,bfloat16,2026-08-02T13:14:04,load,0,1.8448885618709028,0,
NVIDIA A40,NVIDIA A40,llama-1b,meta-llama/Llama-3.2-1B-Instruct,bfloat16,2026-08-02T13:14:04,load,1,1.74372138408944,0,
NVIDIA A40,NVIDIA A40,llama-1b,meta-llama/Llama-3.2-1B-Instruct,bfloat16,2026-08-02T13:14:04,load,2,1.7206198419444263,0,
NVIDIA A40,NVIDIA A40,llama-1b,meta-llama/Llama-3.2-1B-Instruct,bfloat16,2026-08-02T13:14:04,load,3,1.742533480282873,0,
NVIDIA A40,NVIDIA A40,llama-1b,meta-llama/Llama-3.2-1B-Instruct,bfloat16,2026-08-02T13:14:04,load,4,1.7079547308385372,0,
NVIDIA A40,NVIDIA A40,llama-1b,meta-llama/Llama-3.2-1B-Instruct,bfloat16,2026-08-02T13:14:04,load,5,1.6970481183379889,0,
NVIDIA A40,NVIDIA A40,llama-1b,meta-llama/Llama-3.2-1B-Instruct,bfloat16,2026-08-02T13:14:04,load,6,1.7707580728456378,0,
NVIDIA A40,NVIDIA A40,llama-1b,meta-llama/Llama-3.2-1B-Instruct,bfloat16,2026-08-02T13:14:04,load,7,1.698856607079506,0,
NVIDIA A40,NVIDIA A40,llama-1b,meta-llama/Llama-3.2-1B-Instruct,bfloat16,2026-08-02T13:14:04,load,8,1.7326184432022274,0,
NVIDIA A40,NVIDIA A40,llama-1b,meta-llama/Llama-3.2-1B-Instruct,bfloat16,2026-08-02T13:14:04,load,9,1.6838137018494308,0,
NVIDIA A40,NVIDIA A40,llama-1b,meta-llama/Llama-3.2-1B-Instruct,bfloat16,2026-08-02T13:14:04,load,10,1.6915466729551554,0,
NVIDIA A40,NVIDIA A40,llama-1b,meta-llama/Llama-3.2-1B-Instruct,bfloat16,2026-08-02T13:14:04,load,11,1.703163908328861,0,
NVIDIA A40,NVIDIA A40,llama-1b,meta-llama/Llama-3.2-1B-Instruct,bfloat16,2026-08-02T13:14:04,load,12,1.6666898550465703,0,
NVIDIA A40,NVIDIA A40,llama-1b,meta-llama/Llama-3.2-1B-Instruct,bfloat16,2026-08-02T13:14:04,load,13,1.7085077967494726,0,
NVIDIA A40,NVIDIA A40,llama-1b,meta-llama/Llama-3.2-1B-Instruct,bfloat16,2026-08-02T13:14:04,load,14,1.670556039083749,0,
NVIDIA A40,NVIDIA A40,llama-1b,meta-llama/Llama-3.2-1B-Instruct,bfloat16,2026-08-02T13:14:04,load,15,1.6874713222496212,0,
NVIDIA A40,NVIDIA A40,llama-1b,meta-llama/Llama-3.2-1B-Instruct,bfloat16,2026-08-02T13:14:04,load,16,1.7913212669081986,0,
NVIDIA A40,NVIDIA A40,llama-1b,meta-llama/Llama-3.2-1B-Instruct,bfloat16,2026-08-02T13:14:04,load,17,1.6759609580039978,0,
NVIDIA A40,NVIDIA A40,llama-1b,meta-llama/Llama-3.2-1B-Instruct,bfloat16,2026-08-02T13:14:04,load,18,1.715219730976969,0,
NVIDIA A40,NVIDIA A40,llama-1b,meta-llama/Llama-3.2-1B-Instruct,bfloat16,2026-08-02T13:14:04,load,19,1.673417858313769,0,
NVIDIA A40,NVIDIA A40,llama-1b,meta-llama/Llama-3.2-1B-Instruct,bfloat16,2026-08-02T13:14:04,load,20,1.7423175256699324,0,
NVIDIA A40,NVIDIA A40,llama-1b,meta-llama/Llama-3.2-1B-Instruct,bfloat16,2026-08-02T13:14:04,load,21,1.6980667943134904,0,
NVIDIA A40,NVIDIA A40,llama-1b,meta-llama/Llama-3.2-1B-Instruct,bfloat16,2026-08-02T13:14:04,load,22,1.7710740468464792,0,
NVIDIA A40,NVIDIA A40,llama-1b,meta-llama/Llama-3.2-1B-Instruct,bfloat16,2026-08-02T13:14:04,load,23,1.677291609812528,0,
NVIDIA A40,NVIDIA A40,llama-1b,meta-llama/Llama-3.2-1B-Instruct,bfloat16,2026-08-02T13:14:04,load,24,1.7100284951739013,0,
NVIDIA A40,NVIDIA A40,llama-1b,meta-llama/Llama-3.2-1B-Instruct,bfloat16,2026-08-02T13:14:04,load,25,1.676682576071471,0,
NVIDIA A40,NVIDIA A40,llama-1b,meta-llama/Llama-3.2-1B-Instruct,bfloat16,2026-08-02T13:14:04,load,26,1.7353789289481938,0,
NVIDIA A40,NVIDIA A40,llama-1b,meta-llama/Llama-3.2-1B-Instruct,bfloat16,2026-08-02T13:14:04,load,27,1.7235353803262115,0,
NVIDIA A40,NVIDIA A40,llama-1b,meta-llama/Llama-3.2-1B-Instruct,bfloat16,2026-08-02T13:14:04,load,28,1.6696437648497522,0,
NVIDIA A40,NVIDIA A40,llama-1b,meta-llama/Llama-3.2-1B-Instruct,bfloat16,2026-08-02T13:14:04,load,29,1.6862453990615904,0,
NVIDIA A40,NVIDIA A40,llama-1b,meta-llama/Llama-3.2-1B-Instruct,bfloat16,2026-08-02T13:14:04,load,30,1.815845878329128,0,
NVIDIA A40,NVIDIA A40,llama-1b,meta-llama/Llama-3.2-1B-Instruct,bfloat16,2026-08-02T13:14:04,load,31,1.709309661295265,0,
NVIDIA A40,NVIDIA A40,llama-1b,meta-llama/Llama-3.2-1B-Instruct,bfloat16,2026-08-02T13:14:04,load,32,1.7017600210383534,0,
NVIDIA A40,NVIDIA A40,llama-1b,meta-llama/Llama-3.2-1B-Instruct,bfloat16,2026-08-02T13:14:04,load,33,1.7107437262311578,0,
NVIDIA A40,NVIDIA A40,llama-1b,meta-llama/Llama-3.2-1B-Instruct,bfloat16,2026-08-02T13:14:04,load,34,1.6763747320510447,0,
NVIDIA A40,NVIDIA A40,llama-1b,meta-llama/Llama-3.2-1B-Instruct,bfloat16,2026-08-02T13:14:04,load,35,1.6593870939686894,0,
NVIDIA A40,NVIDIA A40,llama-1b,meta-llama/Llama-3.2-1B-Instruct,bfloat16,2026-08-02T13:14:04,load,36,1.7456256039440632,0,
NVIDIA A40,NVIDIA A40,llama-1b,meta-llama/Llama-3.2-1B-Instruct,bfloat16,2026-08-02T13:14:04,load,37,1.683434640057385,0,
NVIDIA A40,NVIDIA A40,llama-1b,meta-llama/Llama-3.2-1B-Instruct,bfloat16,2026-08-02T13:14:04,load,38,1.6815276211127639,0,
NVIDIA A40,NVIDIA A40,llama-1b,meta-llama/Llama-3.2-1B-Instruct,bfloat16,2026-08-02T13:14:04,load,39,1.6824650526978076,0,
NVIDIA A40,NVIDIA A40,llama-1b,meta-llama/Llama-3.2-1B-Instruct,bfloat16,2026-08-02T13:14:04,load,40,1.6552185248583555,0,
NVIDIA A40,NVIDIA A40,llama-1b,meta-llama/Llama-3.2-1B-Instruct,bfloat16,2026-08-02T13:14:04,load,41,1.7092570811510086,0,
NVIDIA A40,NVIDIA A40,llama-1b,meta-llama/Llama-3.2-1B-Instruct,bfloat16,2026-08-02T13:14:04,load,42,1.6747360997833312,0,
NVIDIA A40,NVIDIA A40,llama-1b,meta-llama/Llama-3.2-1B-Instruct,bfloat16,2026-08-02T13:14:04,load,43,1.6687020557001233,0,
NVIDIA A40,NVIDIA A40,llama-1b,meta-llama/Llama-3.2-1B-Instruct,bfloat16,2026-08-02T13:14:04,load,44,1.7409730819053948,0,
NVIDIA A40,NVIDIA A40,llama-1b,meta-llama/Llama-3.2-1B-Instruct,bfloat16,2026-08-02T13:14:04,load,45,1.7160134259611368,0,
NVIDIA A40,NVIDIA A40,llama-1b,meta-llama/Llama-3.2-1B-Instruct,bfloat16,2026-08-02T13:14:04,load,46,1.6702812681905925,0,
NVIDIA A40,NVIDIA A40,llama-1b,meta-llama/Llama-3.2-1B-Instruct,bfloat16,2026-08-02T13:14:04,load,47,1.7227405053563416,0,
NVIDIA A40,NVIDIA A40,llama-1b,meta-llama/Llama-3.2-1B-Instruct,bfloat16,2026-08-02T13:14:04,load,48,1.68031323608011,0,
NVIDIA A40,NVIDIA A40,llama-1b,meta-llama/Llama-3.2-1B-Instruct,bfloat16,2026-08-02T13:14:04,load,49,1.8032556250691414,0,
NVIDIA A40,NVIDIA A40,llama-1b,meta-llama/Llama-3.2-1B-Instruct,bfloat16,2026-08-02T13:14:04,load,50,1.6935990932397544,0,
NVIDIA A40,NVIDIA A40,llama-1b,meta-llama/Llama-3.2-1B-Instruct,bfloat16,2026-08-02T13:14:04,load,51,1.6973223160021007,0,
NVIDIA A40,NVIDIA A40,llama-1b,meta-llama/Llama-3.2-1B-Instruct,bfloat16,2026-08-02T13:14:04,load,52,1.7500234311446548,0,
NVIDIA A40,NVIDIA A40,llama-1b,meta-llama/Llama-3.2-1B-Instruct,bfloat16,2026-08-02T13:14:04,load,53,1.689445808995515,0,
NVIDIA A40,NVIDIA A40,llama-1b,meta-llama/Llama-3.2-1B-Instruct,bfloat16,2026-08-02T13:14:04,load,54,1.6481344131752849,0,
NVIDIA A40,NVIDIA A40,llama-1b,meta-llama/Llama-3.2-1B-Instruct,bfloat16,2026-08-02T13:14:04,load,55,1.7041115700267255,0,
NVIDIA A40,NVIDIA A40,llama-1b,meta-llama/Llama-3.2-1B-Instruct,bfloat16,2026-08-02T13:14:04,load,56,1.8282547104172409,0,
NVIDIA A40,NVIDIA A40,llama-1b,meta-llama/Llama-3.2-1B-Instruct,bfloat16,2026-08-02T13:14:04,load,57,1.6834211708046496,0,
NVIDIA A40,NVIDIA A40,llama-1b,meta-llama/Llama-3.2-1B-Instruct,bfloat16,2026-08-02T13:14:04,load,58,1.848236930090934,0,
NVIDIA A40,NVIDIA A40,llama-1b,meta-llama/Llama-3.2-1B-Instruct,bfloat16,2026-08-02T13:14:04,load,59,1.7236648369580507,0,
NVIDIA A40,NVIDIA A40,llama-1b,meta-llama/Llama-3.2-1B-Instruct,bfloat16,2026-08-02T13:14:04,load,60,1.6750939353369176,0,
NVIDIA A40,NVIDIA A40,llama-1b,meta-llama/Llama-3.2-1B-Instruct,bfloat16,2026-08-02T13:14:04,load,61,1.686400581151247,0,
NVIDIA A40,NVIDIA A40,llama-1b,meta-llama/Llama-3.2-1B-Instruct,bfloat16,2026-08-02T13:14:04,load,62,1.6786954700946808,0,
NVIDIA A40,NVIDIA A40,llama-1b,meta-llama/Llama-3.2-1B-Instruct,bfloat16,2026-08-02T13:14:04,load,63,2.3653853200376034,0,
NVIDIA A40,NVIDIA A40,llama-1b,meta-llama/Llama-3.2-1B-Instruct,bfloat16,2026-08-02T13:14:04,load,64,1.6696066609583795,0,
NVIDIA A40,NVIDIA A40,llama-1b,meta-llama/Llama-3.2-1B-Instruct,bfloat16,2026-08-02T13:14:04,load,65,1.6711402609944344,0,
NVIDIA A40,NVIDIA A40,llama-1b,meta-llama/Llama-3.2-1B-Instruct,bfloat16,2026-08-02T13:14:04,load,66,1.698247155174613,0,
NVIDIA A40,NVIDIA A40,llama-1b,meta-llama/Llama-3.2-1B-Instruct,bfloat16,2026-08-02T13:14:04,load,67,1.6785638448782265,0,
NVIDIA A40,NVIDIA A40,llama-1b,meta-llama/Llama-3.2-1B-Instruct,bfloat16,2026-08-02T13:14:04,load,68,2.669494112022221,0,
NVIDIA A40,NVIDIA A40,llama-1b,meta-llama/Llama-3.2-1B-Instruct,bfloat16,2026-08-02T13:14:04,load,69,1.665257961023599,0,
NVIDIA A40,NVIDIA A40,llama-1b,meta-llama/Llama-3.2-1B-Instruct,bfloat16,2026-08-02T13:14:04,load,70,1.7921390230767429,0,
NVIDIA A40,NVIDIA A40,llama-1b,meta-llama/Llama-3.2-1B-Instruct,bfloat16,2026-08-02T13:14:04,load,71,1.6601077853702009,0,
NVIDIA A40,NVIDIA A40,llama-1b,meta-llama/Llama-3.2-1B-Instruct,bfloat16,2026-08-02T13:14:04,load,72,1.7398463049903512,0,
NVIDIA A40,NVIDIA A40,llama-1b,meta-llama/Llama-3.2-1B-Instruct,bfloat16,2026-08-02T13:14:04,load,73,1.6823737840168178,0,
NVIDIA A40,NVIDIA A40,llama-1b,meta-llama/Llama-3.2-1B-Instruct,bfloat16,2026-08-02T13:14:04,load,74,1.6852201772853732,0,
NVIDIA A40,NVIDIA A40,llama-1b,meta-llama/Llama-3.2-1B-Instruct,bfloat16,2026-08-02T13:14:04,load,75,1.66057165293023,0,
NVIDIA A40,NVIDIA A40,llama-1b,meta-llama/Llama-3.2-1B-Instruct,bfloat16,2026-08-02T13:14:04,load,76,1.8632972021587193,0,
NVIDIA A40,NVIDIA A40,llama-1b,meta-llama/Llama-3.2-1B-Instruct,bfloat16,2026-08-02T13:14:04,load,77,1.7155155981890857,0,
NVIDIA A40,NVIDIA A40,llama-1b,meta-llama/Llama-3.2-1B-Instruct,bfloat16,2026-08-02T13:14:04,load,78,1.6894312263466418,0,
NVIDIA A40,NVIDIA A40,llama-1b,meta-llama/Llama-3.2-1B-Instruct,bfloat16,2026-08-02T13:14:04,load,79,1.7019086377695203,0,
NVIDIA A40,NVIDIA A40,llama-1b,meta-llama/Llama-3.2-1B-Instruct,bfloat16,2026-08-02T13:14:04,load,80,1.70152223482728,0,
NVIDIA A40,NVIDIA A40,llama-1b,meta-llama/Llama-3.2-1B-Instruct,bfloat16,2026-08-02T13:14:04,load,81,1.6634344002231956,0,
NVIDIA A40,NVIDIA A40,llama-1b,meta-llama/Llama-3.2-1B-Instruct,bfloat16,2026-08-02T13:14:04,load,82,1.6862992430105805,0,
NVIDIA A40,NVIDIA A40,llama-1b,meta-llama/Llama-3.2-1B-Instruct,bfloat16,2026-08-02T13:14:04,load,83,1.6852699196897447,0,
NVIDIA A40,NVIDIA A40,llama-1b,meta-llama/Llama-3.2-1B-Instruct,bfloat16,2026-08-02T13:14:04,load,84,1.6507930592633784,0,
NVIDIA A40,NVIDIA A40,llama-1b,meta-llama/Llama-3.2-1B-Instruct,bfloat16,2026-08-02T13:14:04,load,85,1.701893661171198,0,
NVIDIA A40,NVIDIA A40,llama-1b,meta-llama/Llama-3.2-1B-Instruct,bfloat16,2026-08-02T13:14:04,load,86,1.7342045460827649,0,
NVIDIA A40,NVIDIA A40,llama-1b,meta-llama/Llama-3.2-1B-Instruct,bfloat16,2026-08-02T13:14:04,load,87,1.6634212001226842,0,
NVIDIA A40,NVIDIA A40,llama-1b,meta-llama/Llama-3.2-1B-Instruct,bfloat16,2026-08-02T13:14:04,load,88,1.708707737736404,0,
NVIDIA A40,NVIDIA A40,llama-1b,meta-llama/Llama-3.2-1B-Instruct,bfloat16,2026-08-02T13:14:04,load,89,1.7156617459841073,0,
NVIDIA A40,NVIDIA A40,llama-1b,meta-llama/Llama-3.2-1B-Instruct,bfloat16,2026-08-02T13:14:04,load,90,1.6739599690772593,0,
NVIDIA A40,NVIDIA A40,llama-1b,meta-llama/Llama-3.2-1B-Instruct,bfloat16,2026-08-02T13:14:04,load,91,1.6850840407423675,0,
NVIDIA A40,NVIDIA A40,llama-1b,meta-llama/Llama-3.2-1B-Instruct,bfloat16,2026-08-02T13:14:04,load,92,1.6917964001186192,0,
NVIDIA A40,NVIDIA A40,llama-1b,meta-llama/Llama-3.2-1B-Instruct,bfloat16,2026-08-02T13:14:04,load,93,1.7162510617636144,0,
NVIDIA A40,NVIDIA A40,llama-1b,meta-llama/Llama-3.2-1B-Instruct,bfloat16,2026-08-02T13:14:04,load,94,1.6630151979625225,0,
NVIDIA A40,NVIDIA A40,llama-1b,meta-llama/Llama-3.2-1B-Instruct,bfloat16,2026-08-02T13:14:04,load,95,1.7063406030647457,0,
NVIDIA A40,NVIDIA A40,llama-1b,meta-llama/Llama-3.2-1B-Instruct,bfloat16,2026-08-02T13:14:04,load,96,1.7325302939862013,0,
NVIDIA A40,NVIDIA A40,llama-1b,meta-llama/Llama-3.2-1B-Instruct,bfloat16,2026-08-02T13:14:04,load,97,1.6874726582318544,0,
NVIDIA A40,NVIDIA A40,llama-1b,meta-llama/Llama-3.2-1B-Instruct,bfloat16,2026-08-02T13:14:04,load,98,1.7344668828882277,0,
NVIDIA A40,NVIDIA A40,llama-1b,meta-llama/Llama-3.2-1B-Instruct,bfloat16,2026-08-02T13:14:04,load,99,1.7322470489889383,0,
NVIDIA A40,NVIDIA A40,llama-1b,meta-llama/Llama-3.2-1B-Instruct,bfloat16,2026-08-02T13:14:04,inference,0,0.2743363371118903,24,
NVIDIA A40,NVIDIA A40,llama-1b,meta-llama/Llama-3.2-1B-Instruct,bfloat16,2026-08-02T13:14:04,inference,1,0.2743464200757444,24,
NVIDIA A40,NVIDIA A40,llama-1b,meta-llama/Llama-3.2-1B-Instruct,bfloat16,2026-08-02T13:14:04,inference,2,0.27780458703637123,24,
NVIDIA A40,NVIDIA A40,llama-1b,meta-llama/Llama-3.2-1B-Instruct,bfloat16,2026-08-02T13:14:04,inference,3,0.2768260268494487,24,
NVIDIA A40,NVIDIA A40,llama-1b,meta-llama/Llama-3.2-1B-Instruct,bfloat16,2026-08-02T13:14:04,inference,4,0.27597431372851133,24,
NVIDIA A40,NVIDIA A40,llama-1b,meta-llama/Llama-3.2-1B-Instruct,bfloat16,2026-08-02T13:14:04,inference,5,0.2763704461976886,24,
NVIDIA A40,NVIDIA A40,llama-1b,meta-llama/Llama-3.2-1B-Instruct,bfloat16,2026-08-02T13:14:04,inference,6,0.27569559728726745,24,
NVIDIA A40,NVIDIA A40,llama-1b,meta-llama/Llama-3.2-1B-Instruct,bfloat16,2026-08-02T13:14:04,inference,7,0.27345931716263294,24,
NVIDIA A40,NVIDIA A40,llama-1b,meta-llama/Llama-3.2-1B-Instruct,bfloat16,2026-08-02T13:14:04,inference,8,0.27370036812499166,24,
NVIDIA A40,NVIDIA A40,llama-1b,meta-llama/Llama-3.2-1B-Instruct,bfloat16,2026-08-02T13:14:04,inference,9,0.2740442771464586,24,
NVIDIA A40,NVIDIA A40,llama-1b,meta-llama/Llama-3.2-1B-Instruct,bfloat16,2026-08-02T13:14:04,inference,10,0.2742034397087991,24,
NVIDIA A40,NVIDIA A40,llama-1b,meta-llama/Llama-3.2-1B-Instruct,bfloat16,2026-08-02T13:14:04,inference,11,0.2751889009959996,24,
NVIDIA A40,NVIDIA A40,llama-1b,meta-llama/Llama-3.2-1B-Instruct,bfloat16,2026-08-02T13:14:04,inference,12,0.2759718871675432,24,
NVIDIA A40,NVIDIA A40,llama-1b,meta-llama/Llama-3.2-1B-Instruct,bfloat16,2026-08-02T13:14:04,inference,13,0.2773246308788657,24,
NVIDIA A40,NVIDIA A40,llama-1b,meta-llama/Llama-3.2-1B-Instruct,bfloat16,2026-08-02T13:14:04,inference,14,0.27598722698166966,24,
NVIDIA A40,NVIDIA A40,llama-1b,meta-llama/Llama-3.2-1B-Instruct,bfloat16,2026-08-02T13:14:04,inference,15,0.27674634708091617,24,
NVIDIA A40,NVIDIA A40,llama-1b,meta-llama/Llama-3.2-1B-Instruct,bfloat16,2026-08-02T13:14:04,inference,16,0.27610999485477805,24,
NVIDIA A40,NVIDIA A40,llama-1b,meta-llama/Llama-3.2-1B-Instruct,bfloat16,2026-08-02T13:14:04,inference,17,0.2739800186827779,24,
NVIDIA A40,NVIDIA A40,llama-1b,meta-llama/Llama-3.2-1B-Instruct,bfloat16,2026-08-02T13:14:04,inference,18,0.27377638313919306,24,
NVIDIA A40,NVIDIA A40,llama-1b,meta-llama/Llama-3.2-1B-Instruct,bfloat16,2026-08-02T13:14:04,inference,19,0.2741477470844984,24,
NVIDIA A40,NVIDIA A40,llama-1b,meta-llama/Llama-3.2-1B-Instruct,bfloat16,2026-08-02T13:14:04,inference,20,0.27378203300759196,24,
NVIDIA A40,NVIDIA A40,llama-1b,meta-llama/Llama-3.2-1B-Instruct,bfloat16,2026-08-02T13:14:04,inference,21,0.27342132199555635,24,
NVIDIA A40,NVIDIA A40,llama-1b,meta-llama/Llama-3.2-1B-Instruct,bfloat16,2026-08-02T13:14:04,inference,22,0.27660871809348464,24,
NVIDIA A40,NVIDIA A40,llama-1b,meta-llama/Llama-3.2-1B-Instruct,bfloat16,2026-08-02T13:14:04,inference,23,0.2763272519223392,24,
NVIDIA A40,NVIDIA A40,llama-1b,meta-llama/Llama-3.2-1B-Instruct,bfloat16,2026-08-02T13:14:04,inference,24,0.27644810685887933,24,
NVIDIA A40,NVIDIA A40,llama-1b,meta-llama/Llama-3.2-1B-Instruct,bfloat16,2026-08-02T13:14:04,inference,25,0.2767199310474098,24,
NVIDIA A40,NVIDIA A40,llama-1b,meta-llama/Llama-3.2-1B-Instruct,bfloat16,2026-08-02T13:14:04,inference,26,0.2765745227225125,24,
NVIDIA A40,NVIDIA A40,llama-1b,meta-llama/Llama-3.2-1B-Instruct,bfloat16,2026-08-02T13:14:04,inference,27,0.2737509389407933,24,
NVIDIA A40,NVIDIA A40,llama-1b,meta-llama/Llama-3.2-1B-Instruct,bfloat16,2026-08-02T13:14:04,inference,28,0.2742630927823484,24,
NVIDIA A40,NVIDIA A40,llama-1b,meta-llama/Llama-3.2-1B-Instruct,bfloat16,2026-08-02T13:14:04,inference,29,0.27356116473674774,24,
NVIDIA A40,NVIDIA A40,llama-1b,meta-llama/Llama-3.2-1B-Instruct,bfloat16,2026-08-02T13:14:04,inference,30,0.2734110578894615,24,
NVIDIA A40,NVIDIA A40,llama-1b,meta-llama/Llama-3.2-1B-Instruct,bfloat16,2026-08-02T13:14:04,inference,31,0.2737352908588946,24,
NVIDIA A40,NVIDIA A40,llama-1b,meta-llama/Llama-3.2-1B-Instruct,bfloat16,2026-08-02T13:14:04,inference,32,0.2760173240676522,24,
NVIDIA A40,NVIDIA A40,llama-1b,meta-llama/Llama-3.2-1B-Instruct,bfloat16,2026-08-02T13:14:04,inference,33,0.27630065800622106,24,
NVIDIA A40,NVIDIA A40,llama-1b,meta-llama/Llama-3.2-1B-Instruct,bfloat16,2026-08-02T13:14:04,inference,34,0.27643486578017473,24,
NVIDIA A40,NVIDIA A40,llama-1b,meta-llama/Llama-3.2-1B-Instruct,bfloat16,2026-08-02T13:14:04,inference,35,0.27696166187524796,24,
NVIDIA A40,NVIDIA A40,llama-1b,meta-llama/Llama-3.2-1B-Instruct,bfloat16,2026-08-02T13:14:04,inference,36,0.277627260889858,24,
NVIDIA A40,NVIDIA A40,llama-1b,meta-llama/Llama-3.2-1B-Instruct,bfloat16,2026-08-02T13:14:04,inference,37,0.2767781629227102,24,
NVIDIA A40,NVIDIA A40,llama-1b,meta-llama/Llama-3.2-1B-Instruct,bfloat16,2026-08-02T13:14:04,inference,38,0.2744712079875171,24,
NVIDIA A40,NVIDIA A40,llama-1b,meta-llama/Llama-3.2-1B-Instruct,bfloat16,2026-08-02T13:14:04,inference,39,0.2740566972643137,24,
NVIDIA A40,NVIDIA A40,llama-1b,meta-llama/Llama-3.2-1B-Instruct,bfloat16,2026-08-02T13:14:04,inference,40,0.27408332098275423,24,
NVIDIA A40,NVIDIA A40,llama-1b,meta-llama/Llama-3.2-1B-Instruct,bfloat16,2026-08-02T13:14:04,inference,41,0.2737755593843758,24,
NVIDIA A40,NVIDIA A40,llama-1b,meta-llama/Llama-3.2-1B-Instruct,bfloat16,2026-08-02T13:14:04,inference,42,0.2736662537790835,24,
NVIDIA A40,NVIDIA A40,llama-1b,meta-llama/Llama-3.2-1B-Instruct,bfloat16,2026-08-02T13:14:04,inference,43,0.2736604856327176,24,
NVIDIA A40,NVIDIA A40,llama-1b,meta-llama/Llama-3.2-1B-Instruct,bfloat16,2026-08-02T13:14:04,inference,44,0.27352778101339936,24,
NVIDIA A40,NVIDIA A40,llama-1b,meta-llama/Llama-3.2-1B-Instruct,bfloat16,2026-08-02T13:14:04,inference,45,0.2748324368149042,24,
NVIDIA A40,NVIDIA A40,llama-1b,meta-llama/Llama-3.2-1B-Instruct,bfloat16,2026-08-02T13:14:04,inference,46,0.27742989687249064,24,
NVIDIA A40,NVIDIA A40,llama-1b,meta-llama/Llama-3.2-1B-Instruct,bfloat16,2026-08-02T13:14:04,inference,47,0.2776410090737045,24,
NVIDIA A40,NVIDIA A40,llama-1b,meta-llama/Llama-3.2-1B-Instruct,bfloat16,2026-08-02T13:14:04,inference,48,0.2776970509439707,24,
NVIDIA A40,NVIDIA A40,llama-1b,meta-llama/Llama-3.2-1B-Instruct,bfloat16,2026-08-02T13:14:04,inference,49,0.27726586489006877,24,
NVIDIA A40,NVIDIA A40,llama-1b,meta-llama/Llama-3.2-1B-Instruct,bfloat16,2026-08-02T13:14:04,inference,50,0.2742422251030803,24,
NVIDIA A40,NVIDIA A40,llama-1b,meta-llama/Llama-3.2-1B-Instruct,bfloat16,2026-08-02T13:14:04,inference,51,0.274059790186584,24,
NVIDIA A40,NVIDIA A40,llama-1b,meta-llama/Llama-3.2-1B-Instruct,bfloat16,2026-08-02T13:14:04,inference,52,0.2736614109016955,24,
NVIDIA A40,NVIDIA A40,llama-1b,meta-llama/Llama-3.2-1B-Instruct,bfloat16,2026-08-02T13:14:04,inference,53,0.27385504730045795,24,
NVIDIA A40,NVIDIA A40,llama-1b,meta-llama/Llama-3.2-1B-Instruct,bfloat16,2026-08-02T13:14:04,inference,54,0.2736709569580853,24,
NVIDIA A40,NVIDIA A40,llama-1b,meta-llama/Llama-3.2-1B-Instruct,bfloat16,2026-08-02T13:14:04,inference,55,0.2738787839189172,24,
NVIDIA A40,NVIDIA A40,llama-1b,meta-llama/Llama-3.2-1B-Instruct,bfloat16,2026-08-02T13:14:04,inference,56,0.27428168524056673,24,
NVIDIA A40,NVIDIA A40,llama-1b,meta-llama/Llama-3.2-1B-Instruct,bfloat16,2026-08-02T13:14:04,inference,57,0.27647612476721406,24,
NVIDIA A40,NVIDIA A40,llama-1b,meta-llama/Llama-3.2-1B-Instruct,bfloat16,2026-08-02T13:14:04,inference,58,0.27844435814768076,24,
NVIDIA A40,NVIDIA A40,llama-1b,meta-llama/Llama-3.2-1B-Instruct,bfloat16,2026-08-02T13:14:04,inference,59,0.2775997589342296,24,
NVIDIA A40,NVIDIA A40,llama-1b,meta-llama/Llama-3.2-1B-Instruct,bfloat16,2026-08-02T13:14:04,inference,60,0.277093768119812,24,
NVIDIA A40,NVIDIA A40,llama-1b,meta-llama/Llama-3.2-1B-Instruct,bfloat16,2026-08-02T13:14:04,inference,61,0.2767541389912367,24,
NVIDIA A40,NVIDIA A40,llama-1b,meta-llama/Llama-3.2-1B-Instruct,bfloat16,2026-08-02T13:14:04,inference,62,0.27413432905450463,24,
NVIDIA A40,NVIDIA A40,llama-1b,meta-llama/Llama-3.2-1B-Instruct,bfloat16,2026-08-02T13:14:04,inference,63,0.2734629726037383,24,
NVIDIA A40,NVIDIA A40,llama-1b,meta-llama/Llama-3.2-1B-Instruct,bfloat16,2026-08-02T13:14:04,inference,64,0.28207760909572244,24,
NVIDIA A40,NVIDIA A40,llama-1b,meta-llama/Llama-3.2-1B-Instruct,bfloat16,2026-08-02T13:14:04,inference,65,0.2736286842264235,24,
NVIDIA A40,NVIDIA A40,llama-1b,meta-llama/Llama-3.2-1B-Instruct,bfloat16,2026-08-02T13:14:04,inference,66,0.2738559660501778,24,
NVIDIA A40,NVIDIA A40,llama-1b,meta-llama/Llama-3.2-1B-Instruct,bfloat16,2026-08-02T13:14:04,inference,67,0.2743005151860416,24,
NVIDIA A40,NVIDIA A40,llama-1b,meta-llama/Llama-3.2-1B-Instruct,bfloat16,2026-08-02T13:14:04,inference,68,0.27648844104260206,24,
NVIDIA A40,NVIDIA A40,llama-1b,meta-llama/Llama-3.2-1B-Instruct,bfloat16,2026-08-02T13:14:04,inference,69,0.27806440321728587,24,
NVIDIA A40,NVIDIA A40,llama-1b,meta-llama/Llama-3.2-1B-Instruct,bfloat16,2026-08-02T13:14:04,inference,70,0.27753120101988316,24,
NVIDIA A40,NVIDIA A40,llama-1b,meta-llama/Llama-3.2-1B-Instruct,bfloat16,2026-08-02T13:14:04,inference,71,0.277284714858979,24,
NVIDIA A40,NVIDIA A40,llama-1b,meta-llama/Llama-3.2-1B-Instruct,bfloat16,2026-08-02T13:14:04,inference,72,0.2770307301543653,24,
NVIDIA A40,NVIDIA A40,llama-1b,meta-llama/Llama-3.2-1B-Instruct,bfloat16,2026-08-02T13:14:04,inference,73,0.27732627000659704,24,
NVIDIA A40,NVIDIA A40,llama-1b,meta-llama/Llama-3.2-1B-Instruct,bfloat16,2026-08-02T13:14:04,inference,74,0.2765273377299309,24,
NVIDIA A40,NVIDIA A40,llama-1b,meta-llama/Llama-3.2-1B-Instruct,bfloat16,2026-08-02T13:14:04,inference,75,0.2763719819486141,24,
NVIDIA A40,NVIDIA A40,llama-1b,meta-llama/Llama-3.2-1B-Instruct,bfloat16,2026-08-02T13:14:04,inference,76,0.27647750498726964,24,
NVIDIA A40,NVIDIA A40,llama-1b,meta-llama/Llama-3.2-1B-Instruct,bfloat16,2026-08-02T13:14:04,inference,77,0.27697666781023145,24,
NVIDIA A40,NVIDIA A40,llama-1b,meta-llama/Llama-3.2-1B-Instruct,bfloat16,2026-08-02T13:14:04,inference,78,0.27572558587417006,24,
NVIDIA A40,NVIDIA A40,llama-1b,meta-llama/Llama-3.2-1B-Instruct,bfloat16,2026-08-02T13:14:04,inference,79,0.2736497581936419,24,
NVIDIA A40,NVIDIA A40,llama-1b,meta-llama/Llama-3.2-1B-Instruct,bfloat16,2026-08-02T13:14:04,inference,80,0.27393864933401346,24,
NVIDIA A40,NVIDIA A40,llama-1b,meta-llama/Llama-3.2-1B-Instruct,bfloat16,2026-08-02T13:14:04,inference,81,0.27405770821496844,24,
NVIDIA A40,NVIDIA A40,llama-1b,meta-llama/Llama-3.2-1B-Instruct,bfloat16,2026-08-02T13:14:04,inference,82,0.2736181886866689,24,
NVIDIA A40,NVIDIA A40,llama-1b,meta-llama/Llama-3.2-1B-Instruct,bfloat16,2026-08-02T13:14:04,inference,83,0.27432724880054593,24,
NVIDIA A40,NVIDIA A40,llama-1b,meta-llama/Llama-3.2-1B-Instruct,bfloat16,2026-08-02T13:14:04,inference,84,0.2766931802034378,24,
NVIDIA A40,NVIDIA A40,llama-1b,meta-llama/Llama-3.2-1B-Instruct,bfloat16,2026-08-02T13:14:04,inference,85,0.276506993919611,24,
NVIDIA A40,NVIDIA A40,llama-1b,meta-llama/Llama-3.2-1B-Instruct,bfloat16,2026-08-02T13:14:04,inference,86,0.2766675488092005,24,
NVIDIA A40,NVIDIA A40,llama-1b,meta-llama/Llama-3.2-1B-Instruct,bfloat16,2026-08-02T13:14:04,inference,87,0.2765634120441973,24,
NVIDIA A40,NVIDIA A40,llama-1b,meta-llama/Llama-3.2-1B-Instruct,bfloat16,2026-08-02T13:14:04,inference,88,0.2753066630102694,24,
NVIDIA A40,NVIDIA A40,llama-1b,meta-llama/Llama-3.2-1B-Instruct,bfloat16,2026-08-02T13:14:04,inference,89,0.27398819103837013,24,
NVIDIA A40,NVIDIA A40,llama-1b,meta-llama/Llama-3.2-1B-Instruct,bfloat16,2026-08-02T13:14:04,inference,90,0.2743854923173785,24,
NVIDIA A40,NVIDIA A40,llama-1b,meta-llama/Llama-3.2-1B-Instruct,bfloat16,2026-08-02T13:14:04,inference,91,0.27337726671248674,24,
NVIDIA A40,NVIDIA A40,llama-1b,meta-llama/Llama-3.2-1B-Instruct,bfloat16,2026-08-02T13:14:04,inference,92,0.27343755634501576,24,
NVIDIA A40,NVIDIA A40,llama-1b,meta-llama/Llama-3.2-1B-Instruct,bfloat16,2026-08-02T13:14:04,inference,93,0.2736624516546726,24,
NVIDIA A40,NVIDIA A40,llama-1b,meta-llama/Llama-3.2-1B-Instruct,bfloat16,2026-08-02T13:14:04,inference,94,0.27517741080373526,24,
NVIDIA A40,NVIDIA A40,llama-1b,meta-llama/Llama-3.2-1B-Instruct,bfloat16,2026-08-02T13:14:04,inference,95,0.2766236471943557,24,
NVIDIA A40,NVIDIA A40,llama-1b,meta-llama/Llama-3.2-1B-Instruct,bfloat16,2026-08-02T13:14:04,inference,96,0.27668019477277994,24,
NVIDIA A40,NVIDIA A40,llama-1b,meta-llama/Llama-3.2-1B-Instruct,bfloat16,2026-08-02T13:14:04,inference,97,0.2776385177858174,24,
NVIDIA A40,NVIDIA A40,llama-1b,meta-llama/Llama-3.2-1B-Instruct,bfloat16,2026-08-02T13:14:04,inference,98,0.277240757830441,24,
NVIDIA A40,NVIDIA A40,llama-1b,meta-llama/Llama-3.2-1B-Instruct,bfloat16,2026-08-02T13:14:04,inference,99,0.27490621199831367,24,
NVIDIA A40,NVIDIA A40,llama-3b,meta-llama/Llama-3.2-3B-Instruct,bfloat16,2026-08-02T13:14:04,load,0,2.3428950337693095,0,
NVIDIA A40,NVIDIA A40,llama-3b,meta-llama/Llama-3.2-3B-Instruct,bfloat16,2026-08-02T13:14:04,load,1,2.3320469269528985,0,
NVIDIA A40,NVIDIA A40,llama-3b,meta-llama/Llama-3.2-3B-Instruct,bfloat16,2026-08-02T13:14:04,load,2,2.334348246920854,0,
NVIDIA A40,NVIDIA A40,llama-3b,meta-llama/Llama-3.2-3B-Instruct,bfloat16,2026-08-02T13:14:04,load,3,2.351361314766109,0,
NVIDIA A40,NVIDIA A40,llama-3b,meta-llama/Llama-3.2-3B-Instruct,bfloat16,2026-08-02T13:14:04,load,4,2.476460293866694,0,
NVIDIA A40,NVIDIA A40,llama-3b,meta-llama/Llama-3.2-3B-Instruct,bfloat16,2026-08-02T13:14:04,load,5,2.3450301168486476,0,
NVIDIA A40,NVIDIA A40,llama-3b,meta-llama/Llama-3.2-3B-Instruct,bfloat16,2026-08-02T13:14:04,load,6,2.353165591135621,0,
NVIDIA A40,NVIDIA A40,llama-3b,meta-llama/Llama-3.2-3B-Instruct,bfloat16,2026-08-02T13:14:04,load,7,2.3123873500153422,0,
NVIDIA A40,NVIDIA A40,llama-3b,meta-llama/Llama-3.2-3B-Instruct,bfloat16,2026-08-02T13:14:04,load,8,2.316715956199914,0,
NVIDIA A40,NVIDIA A40,llama-3b,meta-llama/Llama-3.2-3B-Instruct,bfloat16,2026-08-02T13:14:04,load,9,2.3539851121604443,0,
NVIDIA A40,NVIDIA A40,llama-3b,meta-llama/Llama-3.2-3B-Instruct,bfloat16,2026-08-02T13:14:04,load,10,2.2983736153692007,0,
NVIDIA A40,NVIDIA A40,llama-3b,meta-llama/Llama-3.2-3B-Instruct,bfloat16,2026-08-02T13:14:04,load,11,2.342993387952447,0,
NVIDIA A40,NVIDIA A40,llama-3b,meta-llama/Llama-3.2-3B-Instruct,bfloat16,2026-08-02T13:14:04,load,12,2.312879913020879,0,
NVIDIA A40,NVIDIA A40,llama-3b,meta-llama/Llama-3.2-3B-Instruct,bfloat16,2026-08-02T13:14:04,load,13,2.331459276843816,0,
NVIDIA A40,NVIDIA A40,llama-3b,meta-llama/Llama-3.2-3B-Instruct,bfloat16,2026-08-02T13:14:04,load,14,2.360940811224282,0,
NVIDIA A40,NVIDIA A40,llama-3b,meta-llama/Llama-3.2-3B-Instruct,bfloat16,2026-08-02T13:14:04,load,15,2.606470567174256,0,
NVIDIA A40,NVIDIA A40,llama-3b,meta-llama/Llama-3.2-3B-Instruct,bfloat16,2026-08-02T13:14:04,load,16,2.3404026539064944,0,
NVIDIA A40,NVIDIA A40,llama-3b,meta-llama/Llama-3.2-3B-Instruct,bfloat16,2026-08-02T13:14:04,load,17,2.347211027983576,0,
NVIDIA A40,NVIDIA A40,llama-3b,meta-llama/Llama-3.2-3B-Instruct,bfloat16,2026-08-02T13:14:04,load,18,2.3530722870491445,0,
NVIDIA A40,NVIDIA A40,llama-3b,meta-llama/Llama-3.2-3B-Instruct,bfloat16,2026-08-02T13:14:04,load,19,2.4131520139053464,0,
NVIDIA A40,NVIDIA A40,llama-3b,meta-llama/Llama-3.2-3B-Instruct,bfloat16,2026-08-02T13:14:04,load,20,2.366302154958248,0,
NVIDIA A40,NVIDIA A40,llama-3b,meta-llama/Llama-3.2-3B-Instruct,bfloat16,2026-08-02T13:14:04,load,21,2.3317970889620483,0,
NVIDIA A40,NVIDIA A40,llama-3b,meta-llama/Llama-3.2-3B-Instruct,bfloat16,2026-08-02T13:14:04,load,22,2.3124110749922693,0,
NVIDIA A40,NVIDIA A40,llama-3b,meta-llama/Llama-3.2-3B-Instruct,bfloat16,2026-08-02T13:14:04,load,23,2.3385243411175907,0,
NVIDIA A40,NVIDIA A40,llama-3b,meta-llama/Llama-3.2-3B-Instruct,bfloat16,2026-08-02T13:14:04,load,24,2.351872073020786,0,
NVIDIA A40,NVIDIA A40,llama-3b,meta-llama/Llama-3.2-3B-Instruct,bfloat16,2026-08-02T13:14:04,load,25,2.321527582127601,0,
NVIDIA A40,NVIDIA A40,llama-3b,meta-llama/Llama-3.2-3B-Instruct,bfloat16,2026-08-02T13:14:04,load,26,2.329243234358728,0,
NVIDIA A40,NVIDIA A40,llama-3b,meta-llama/Llama-3.2-3B-Instruct,bfloat16,2026-08-02T13:14:04,load,27,2.3460606141015887,0,
NVIDIA A40,NVIDIA A40,llama-3b,meta-llama/Llama-3.2-3B-Instruct,bfloat16,2026-08-02T13:14:04,load,28,2.3351676207967103,0,
NVIDIA A40,NVIDIA A40,llama-3b,meta-llama/Llama-3.2-3B-Instruct,bfloat16,2026-08-02T13:14:04,load,29,2.372608241159469,0,
NVIDIA A40,NVIDIA A40,llama-3b,meta-llama/Llama-3.2-3B-Instruct,bfloat16,2026-08-02T13:14:04,load,30,2.3391654258593917,0,
NVIDIA A40,NVIDIA A40,llama-3b,meta-llama/Llama-3.2-3B-Instruct,bfloat16,2026-08-02T13:14:04,load,31,2.396710503846407,0,
NVIDIA A40,NVIDIA A40,llama-3b,meta-llama/Llama-3.2-3B-Instruct,bfloat16,2026-08-02T13:14:04,load,32,2.3452856419607997,0,
NVIDIA A40,NVIDIA A40,llama-3b,meta-llama/Llama-3.2-3B-Instruct,bfloat16,2026-08-02T13:14:04,load,33,2.3177169882692397,0,
NVIDIA A40,NVIDIA A40,llama-3b,meta-llama/Llama-3.2-3B-Instruct,bfloat16,2026-08-02T13:14:04,load,34,2.35638610413298,0,
NVIDIA A40,NVIDIA A40,llama-3b,meta-llama/Llama-3.2-3B-Instruct,bfloat16,2026-08-02T13:14:04,load,35,2.370252151042223,0,
NVIDIA A40,NVIDIA A40,llama-3b,meta-llama/Llama-3.2-3B-Instruct,bfloat16,2026-08-02T13:14:04,load,36,2.3064037882722914,0,
NVIDIA A40,NVIDIA A40,llama-3b,meta-llama/Llama-3.2-3B-Instruct,bfloat16,2026-08-02T13:14:04,load,37,2.2977177016437054,0,
NVIDIA A40,NVIDIA A40,llama-3b,meta-llama/Llama-3.2-3B-Instruct,bfloat16,2026-08-02T13:14:04,load,38,2.3346687429584563,0,
NVIDIA A40,NVIDIA A40,llama-3b,meta-llama/Llama-3.2-3B-Instruct,bfloat16,2026-08-02T13:14:04,load,39,2.3530577807687223,0,
NVIDIA A40,NVIDIA A40,llama-3b,meta-llama/Llama-3.2-3B-Instruct,bfloat16,2026-08-02T13:14:04,load,40,2.312483607325703,0,
NVIDIA A40,NVIDIA A40,llama-3b,meta-llama/Llama-3.2-3B-Instruct,bfloat16,2026-08-02T13:14:04,load,41,2.3045100551098585,0,
NVIDIA A40,NVIDIA A40,llama-3b,meta-llama/Llama-3.2-3B-Instruct,bfloat16,2026-08-02T13:14:04,load,42,2.437835989985615,0,
NVIDIA A40,NVIDIA A40,llama-3b,meta-llama/Llama-3.2-3B-Instruct,bfloat16,2026-08-02T13:14:04,load,43,2.329650443047285,0,
NVIDIA A40,NVIDIA A40,llama-3b,meta-llama/Llama-3.2-3B-Instruct,bfloat16,2026-08-02T13:14:04,load,44,2.3207072340883315,0,
NVIDIA A40,NVIDIA A40,llama-3b,meta-llama/Llama-3.2-3B-Instruct,bfloat16,2026-08-02T13:14:04,load,45,2.4449371499940753,0,
NVIDIA A40,NVIDIA A40,llama-3b,meta-llama/Llama-3.2-3B-Instruct,bfloat16,2026-08-02T13:14:04,load,46,2.2966952519491315,0,
NVIDIA A40,NVIDIA A40,llama-3b,meta-llama/Llama-3.2-3B-Instruct,bfloat16,2026-08-02T13:14:04,load,47,2.3196395952254534,0,
NVIDIA A40,NVIDIA A40,llama-3b,meta-llama/Llama-3.2-3B-Instruct,bfloat16,2026-08-02T13:14:04,load,48,2.3518391540274024,0,
NVIDIA A40,NVIDIA A40,llama-3b,meta-llama/Llama-3.2-3B-Instruct,bfloat16,2026-08-02T13:14:04,load,49,2.3701471528038383,0,
NVIDIA A40,NVIDIA A40,llama-3b,meta-llama/Llama-3.2-3B-Instruct,bfloat16,2026-08-02T13:14:04,load,50,2.350890158675611,0,
NVIDIA A40,NVIDIA A40,llama-3b,meta-llama/Llama-3.2-3B-Instruct,bfloat16,2026-08-02T13:14:04,load,51,2.3876168997958302,0,
NVIDIA A40,NVIDIA A40,llama-3b,meta-llama/Llama-3.2-3B-Instruct,bfloat16,2026-08-02T13:14:04,load,52,2.3632113873027265,0,
NVIDIA A40,NVIDIA A40,llama-3b,meta-llama/Llama-3.2-3B-Instruct,bfloat16,2026-08-02T13:14:04,load,53,2.3713772483170033,0,
NVIDIA A40,NVIDIA A40,llama-3b,meta-llama/Llama-3.2-3B-Instruct,bfloat16,2026-08-02T13:14:04,load,54,9.941263313870877,0,
NVIDIA A40,NVIDIA A40,llama-3b,meta-llama/Llama-3.2-3B-Instruct,bfloat16,2026-08-02T13:14:04,load,55,2.340153732802719,0,
NVIDIA A40,NVIDIA A40,llama-3b,meta-llama/Llama-3.2-3B-Instruct,bfloat16,2026-08-02T13:14:04,load,56,2.3262467100284994,0,
NVIDIA A40,NVIDIA A40,llama-3b,meta-llama/Llama-3.2-3B-Instruct,bfloat16,2026-08-02T13:14:04,load,57,2.4023299678228796,0,
NVIDIA A40,NVIDIA A40,llama-3b,meta-llama/Llama-3.2-3B-Instruct,bfloat16,2026-08-02T13:14:04,load,58,2.4108810392208397,0,
NVIDIA A40,NVIDIA A40,llama-3b,meta-llama/Llama-3.2-3B-Instruct,bfloat16,2026-08-02T13:14:04,load,59,2.382804943714291,0,
NVIDIA A40,NVIDIA A40,llama-3b,meta-llama/Llama-3.2-3B-Instruct,bfloat16,2026-08-02T13:14:04,load,60,2.305845644325018,0,
NVIDIA A40,NVIDIA A40,llama-3b,meta-llama/Llama-3.2-3B-Instruct,bfloat16,2026-08-02T13:14:04,load,61,2.3120848778635263,0,
NVIDIA A40,NVIDIA A40,llama-3b,meta-llama/Llama-3.2-3B-Instruct,bfloat16,2026-08-02T13:14:04,load,62,2.325607326813042,0,
NVIDIA A40,NVIDIA A40,llama-3b,meta-llama/Llama-3.2-3B-Instruct,bfloat16,2026-08-02T13:14:04,load,63,2.3395722643472254,0,
NVIDIA A40,NVIDIA A40,llama-3b,meta-llama/Llama-3.2-3B-Instruct,bfloat16,2026-08-02T13:14:04,load,64,2.32482379488647,0,
NVIDIA A40,NVIDIA A40,llama-3b,meta-llama/Llama-3.2-3B-Instruct,bfloat16,2026-08-02T13:14:04,load,65,2.345020166132599,0,
NVIDIA A40,NVIDIA A40,llama-3b,meta-llama/Llama-3.2-3B-Instruct,bfloat16,2026-08-02T13:14:04,load,66,2.3589723049663007,0,
NVIDIA A40,NVIDIA A40,llama-3b,meta-llama/Llama-3.2-3B-Instruct,bfloat16,2026-08-02T13:14:04,load,67,2.364938057027757,0,
NVIDIA A40,NVIDIA A40,llama-3b,meta-llama/Llama-3.2-3B-Instruct,bfloat16,2026-08-02T13:14:04,load,68,2.3189200181514025,0,
NVIDIA A40,NVIDIA A40,llama-3b,meta-llama/Llama-3.2-3B-Instruct,bfloat16,2026-08-02T13:14:04,load,69,2.3371349829249084,0,
NVIDIA A40,NVIDIA A40,llama-3b,meta-llama/Llama-3.2-3B-Instruct,bfloat16,2026-08-02T13:14:04,load,70,2.3603586181998253,0,
NVIDIA A40,NVIDIA A40,llama-3b,meta-llama/Llama-3.2-3B-Instruct,bfloat16,2026-08-02T13:14:04,load,71,2.345160416793078,0,
NVIDIA A40,NVIDIA A40,llama-3b,meta-llama/Llama-3.2-3B-Instruct,bfloat16,2026-08-02T13:14:04,load,72,2.3300822279416025,0,
NVIDIA A40,NVIDIA A40,llama-3b,meta-llama/Llama-3.2-3B-Instruct,bfloat16,2026-08-02T13:14:04,load,73,2.3619608767330647,0,
NVIDIA A40,NVIDIA A40,llama-3b,meta-llama/Llama-3.2-3B-Instruct,bfloat16,2026-08-02T13:14:04,load,74,2.309689647052437,0,
NVIDIA A40,NVIDIA A40,llama-3b,meta-llama/Llama-3.2-3B-Instruct,bfloat16,2026-08-02T13:14:04,load,75,2.308821137994528,0,
NVIDIA A40,NVIDIA A40,llama-3b,meta-llama/Llama-3.2-3B-Instruct,bfloat16,2026-08-02T13:14:04,load,76,2.3632600298151374,0,
NVIDIA A40,NVIDIA A40,llama-3b,meta-llama/Llama-3.2-3B-Instruct,bfloat16,2026-08-02T13:14:04,load,77,2.6310740462504327,0,
NVIDIA A40,NVIDIA A40,llama-3b,meta-llama/Llama-3.2-3B-Instruct,bfloat16,2026-08-02T13:14:04,load,78,6.066312410868704,0,
NVIDIA A40,NVIDIA A40,llama-3b,meta-llama/Llama-3.2-3B-Instruct,bfloat16,2026-08-02T13:14:04,load,79,2.355564645025879,0,
NVIDIA A40,NVIDIA A40,llama-3b,meta-llama/Llama-3.2-3B-Instruct,bfloat16,2026-08-02T13:14:04,load,80,2.3347358969040215,0,
NVIDIA A40,NVIDIA A40,llama-3b,meta-llama/Llama-3.2-3B-Instruct,bfloat16,2026-08-02T13:14:04,load,81,2.340324262622744,0,
NVIDIA A40,NVIDIA A40,llama-3b,meta-llama/Llama-3.2-3B-Instruct,bfloat16,2026-08-02T13:14:04,load,82,2.385314546059817,0,
NVIDIA A40,NVIDIA A40,llama-3b,meta-llama/Llama-3.2-3B-Instruct,bfloat16,2026-08-02T13:14:04,load,83,2.356760232243687,0,
NVIDIA A40,NVIDIA A40,llama-3b,meta-llama/Llama-3.2-3B-Instruct,bfloat16,2026-08-02T13:14:04,load,84,2.3068173117935658,0,
NVIDIA A40,NVIDIA A40,llama-3b,meta-llama/Llama-3.2-3B-Instruct,bfloat16,2026-08-02T13:14:04,load,85,2.359125074930489,0,
NVIDIA A40,NVIDIA A40,llama-3b,meta-llama/Llama-3.2-3B-Instruct,bfloat16,2026-08-02T13:14:04,load,86,2.3285543811507523,0,
NVIDIA A40,NVIDIA A40,llama-3b,meta-llama/Llama-3.2-3B-Instruct,bfloat16,2026-08-02T13:14:04,load,87,2.3278778339736164,0,
NVIDIA A40,NVIDIA A40,llama-3b,meta-llama/Llama-3.2-3B-Instruct,bfloat16,2026-08-02T13:14:04,load,88,2.338551683817059,0,
NVIDIA A40,NVIDIA A40,llama-3b,meta-llama/Llama-3.2-3B-Instruct,bfloat16,2026-08-02T13:14:04,load,89,2.347349909134209,0,
NVIDIA A40,NVIDIA A40,llama-3b,meta-llama/Llama-3.2-3B-Instruct,bfloat16,2026-08-02T13:14:04,load,90,2.3212950662709773,0,
NVIDIA A40,NVIDIA A40,llama-3b,meta-llama/Llama-3.2-3B-Instruct,bfloat16,2026-08-02T13:14:04,load,91,2.3461860860697925,0,
NVIDIA A40,NVIDIA A40,llama-3b,meta-llama/Llama-3.2-3B-Instruct,bfloat16,2026-08-02T13:14:04,load,92,2.3801520988345146,0,
NVIDIA A40,NVIDIA A40,llama-3b,meta-llama/Llama-3.2-3B-Instruct,bfloat16,2026-08-02T13:14:04,load,93,2.309060296975076,0,
NVIDIA A40,NVIDIA A40,llama-3b,meta-llama/Llama-3.2-3B-Instruct,bfloat16,2026-08-02T13:14:04,load,94,2.3055854830890894,0,
NVIDIA A40,NVIDIA A40,llama-3b,meta-llama/Llama-3.2-3B-Instruct,bfloat16,2026-08-02T13:14:04,load,95,2.3593283598311245,0,
NVIDIA A40,NVIDIA A40,llama-3b,meta-llama/Llama-3.2-3B-Instruct,bfloat16,2026-08-02T13:14:04,load,96,2.307070512790233,0,
NVIDIA A40,NVIDIA A40,llama-3b,meta-llama/Llama-3.2-3B-Instruct,bfloat16,2026-08-02T13:14:04,load,97,2.3532666908577085,0,
NVIDIA A40,NVIDIA A40,llama-3b,meta-llama/Llama-3.2-3B-Instruct,bfloat16,2026-08-02T13:14:04,load,98,2.337589527014643,0,
NVIDIA A40,NVIDIA A40,llama-3b,meta-llama/Llama-3.2-3B-Instruct,bfloat16,2026-08-02T13:14:04,load,99,2.386881143786013,0,
NVIDIA A40,NVIDIA A40,llama-3b,meta-llama/Llama-3.2-3B-Instruct,bfloat16,2026-08-02T13:14:04,inference,0,0.47676596604287624,24,
NVIDIA A40,NVIDIA A40,llama-3b,meta-llama/Llama-3.2-3B-Instruct,bfloat16,2026-08-02T13:14:04,inference,1,0.47156900772824883,24,
NVIDIA A40,NVIDIA A40,llama-3b,meta-llama/Llama-3.2-3B-Instruct,bfloat16,2026-08-02T13:14:04,inference,2,0.4675717088393867,24,
NVIDIA A40,NVIDIA A40,llama-3b,meta-llama/Llama-3.2-3B-Instruct,bfloat16,2026-08-02T13:14:04,inference,3,0.46800537314265966,24,
NVIDIA A40,NVIDIA A40,llama-3b,meta-llama/Llama-3.2-3B-Instruct,bfloat16,2026-08-02T13:14:04,inference,4,0.4684470281936228,24,
NVIDIA A40,NVIDIA A40,llama-3b,meta-llama/Llama-3.2-3B-Instruct,bfloat16,2026-08-02T13:14:04,inference,5,0.47677820874378085,24,
NVIDIA A40,NVIDIA A40,llama-3b,meta-llama/Llama-3.2-3B-Instruct,bfloat16,2026-08-02T13:14:04,inference,6,0.4762111105956137,24,
NVIDIA A40,NVIDIA A40,llama-3b,meta-llama/Llama-3.2-3B-Instruct,bfloat16,2026-08-02T13:14:04,inference,7,0.4747615116648376,24,
NVIDIA A40,NVIDIA A40,llama-3b,meta-llama/Llama-3.2-3B-Instruct,bfloat16,2026-08-02T13:14:04,inference,8,0.4676042692735791,24,
NVIDIA A40,NVIDIA A40,llama-3b,meta-llama/Llama-3.2-3B-Instruct,bfloat16,2026-08-02T13:14:04,inference,9,0.46830146107822657,24,
NVIDIA A40,NVIDIA A40,llama-3b,meta-llama/Llama-3.2-3B-Instruct,bfloat16,2026-08-02T13:14:04,inference,10,0.47032432025298476,24,
NVIDIA A40,NVIDIA A40,llama-3b,meta-llama/Llama-3.2-3B-Instruct,bfloat16,2026-08-02T13:14:04,inference,11,0.4763682126067579,24,
NVIDIA A40,NVIDIA A40,llama-3b,meta-llama/Llama-3.2-3B-Instruct,bfloat16,2026-08-02T13:14:04,inference,12,0.4772179978899658,24,
NVIDIA A40,NVIDIA A40,llama-3b,meta-llama/Llama-3.2-3B-Instruct,bfloat16,2026-08-02T13:14:04,inference,13,0.4729412719607353,24,
NVIDIA A40,NVIDIA A40,llama-3b,meta-llama/Llama-3.2-3B-Instruct,bfloat16,2026-08-02T13:14:04,inference,14,0.4685687981545925,24,
NVIDIA A40,NVIDIA A40,llama-3b,meta-llama/Llama-3.2-3B-Instruct,bfloat16,2026-08-02T13:14:04,inference,15,0.4688710970804095,24,
NVIDIA A40,NVIDIA A40,llama-3b,meta-llama/Llama-3.2-3B-Instruct,bfloat16,2026-08-02T13:14:04,inference,16,0.47293625911697745,24,
NVIDIA A40,NVIDIA A40,llama-3b,meta-llama/Llama-3.2-3B-Instruct,bfloat16,2026-08-02T13:14:04,inference,17,0.47611662512645125,24,
NVIDIA A40,NVIDIA A40,llama-3b,meta-llama/Llama-3.2-3B-Instruct,bfloat16,2026-08-02T13:14:04,inference,18,0.48523268522694707,24,
NVIDIA A40,NVIDIA A40,llama-3b,meta-llama/Llama-3.2-3B-Instruct,bfloat16,2026-08-02T13:14:04,inference,19,0.4693145998753607,24,
NVIDIA A40,NVIDIA A40,llama-3b,meta-llama/Llama-3.2-3B-Instruct,bfloat16,2026-08-02T13:14:04,inference,20,0.46897587133571506,24,
NVIDIA A40,NVIDIA A40,llama-3b,meta-llama/Llama-3.2-3B-Instruct,bfloat16,2026-08-02T13:14:04,inference,21,0.4670811300165951,24,
NVIDIA A40,NVIDIA A40,llama-3b,meta-llama/Llama-3.2-3B-Instruct,bfloat16,2026-08-02T13:14:04,inference,22,0.472540320828557,24,
NVIDIA A40,NVIDIA A40,llama-3b,meta-llama/Llama-3.2-3B-Instruct,bfloat16,2026-08-02T13:14:04,inference,23,0.4762417240999639,24,
NVIDIA A40,NVIDIA A40,llama-3b,meta-llama/Llama-3.2-3B-Instruct,bfloat16,2026-08-02T13:14:04,inference,24,0.47804604610428214,24,
NVIDIA A40,NVIDIA A40,llama-3b,meta-llama/Llama-3.2-3B-Instruct,bfloat16,2026-08-02T13:14:04,inference,25,0.47769461618736386,24,
NVIDIA A40,NVIDIA A40,llama-3b,meta-llama/Llama-3.2-3B-Instruct,bfloat16,2026-08-02T13:14:04,inference,26,0.4753662492148578,24,
NVIDIA A40,NVIDIA A40,llama-3b,meta-llama/Llama-3.2-3B-Instruct,bfloat16,2026-08-02T13:14:04,inference,27,0.47717964788898826,24,
NVIDIA A40,NVIDIA A40,llama-3b,meta-llama/Llama-3.2-3B-Instruct,bfloat16,2026-08-02T13:14:04,inference,28,0.47122736601158977,24,
NVIDIA A40,NVIDIA A40,llama-3b,meta-llama/Llama-3.2-3B-Instruct,bfloat16,2026-08-02T13:14:04,inference,29,0.4681343878619373,24,
NVIDIA A40,NVIDIA A40,llama-3b,meta-llama/Llama-3.2-3B-Instruct,bfloat16,2026-08-02T13:14:04,inference,30,0.4686374100856483,24,
NVIDIA A40,NVIDIA A40,llama-3b,meta-llama/Llama-3.2-3B-Instruct,bfloat16,2026-08-02T13:14:04,inference,31,0.4754582429304719,24,
NVIDIA A40,NVIDIA A40,llama-3b,meta-llama/Llama-3.2-3B-Instruct,bfloat16,2026-08-02T13:14:04,inference,32,0.47582576144486666,24,
NVIDIA A40,NVIDIA A40,llama-3b,meta-llama/Llama-3.2-3B-Instruct,bfloat16,2026-08-02T13:14:04,inference,33,0.4739028811454773,24,
NVIDIA A40,NVIDIA A40,llama-3b,meta-llama/Llama-3.2-3B-Instruct,bfloat16,2026-08-02T13:14:04,inference,34,0.46862579276785254,24,
NVIDIA A40,NVIDIA A40,llama-3b,meta-llama/Llama-3.2-3B-Instruct,bfloat16,2026-08-02T13:14:04,inference,35,0.4679311881773174,24,
NVIDIA A40,NVIDIA A40,llama-3b,meta-llama/Llama-3.2-3B-Instruct,bfloat16,2026-08-02T13:14:04,inference,36,0.47629066882655025,24,
NVIDIA A40,NVIDIA A40,llama-3b,meta-llama/Llama-3.2-3B-Instruct,bfloat16,2026-08-02T13:14:04,inference,37,0.47795555321499705,24,
NVIDIA A40,NVIDIA A40,llama-3b,meta-llama/Llama-3.2-3B-Instruct,bfloat16,2026-08-02T13:14:04,inference,38,0.4725685538724065,24,
NVIDIA A40,NVIDIA A40,llama-3b,meta-llama/Llama-3.2-3B-Instruct,bfloat16,2026-08-02T13:14:04,inference,39,0.4672138588503003,24,
NVIDIA A40,NVIDIA A40,llama-3b,meta-llama/Llama-3.2-3B-Instruct,bfloat16,2026-08-02T13:14:04,inference,40,0.46715733082965016,24,
NVIDIA A40,NVIDIA A40,llama-3b,meta-llama/Llama-3.2-3B-Instruct,bfloat16,2026-08-02T13:14:04,inference,41,0.46783338114619255,24,
NVIDIA A40,NVIDIA A40,llama-3b,meta-llama/Llama-3.2-3B-Instruct,bfloat16,2026-08-02T13:14:04,inference,42,0.4671019231900573,24,
NVIDIA A40,NVIDIA A40,llama-3b,meta-llama/Llama-3.2-3B-Instruct,bfloat16,2026-08-02T13:14:04,inference,43,0.47568523697555065,24,
NVIDIA A40,NVIDIA A40,llama-3b,meta-llama/Llama-3.2-3B-Instruct,bfloat16,2026-08-02T13:14:04,inference,44,0.47797331120818853,24,
NVIDIA A40,NVIDIA A40,llama-3b,meta-llama/Llama-3.2-3B-Instruct,bfloat16,2026-08-02T13:14:04,inference,45,0.4740058770403266,24,
NVIDIA A40,NVIDIA A40,llama-3b,meta-llama/Llama-3.2-3B-Instruct,bfloat16,2026-08-02T13:14:04,inference,46,0.4676087377592921,24,
NVIDIA A40,NVIDIA A40,llama-3b,meta-llama/Llama-3.2-3B-Instruct,bfloat16,2026-08-02T13:14:04,inference,47,0.46884679794311523,24,
NVIDIA A40,NVIDIA A40,llama-3b,meta-llama/Llama-3.2-3B-Instruct,bfloat16,2026-08-02T13:14:04,inference,48,0.4683259888552129,24,
NVIDIA A40,NVIDIA A40,llama-3b,meta-llama/Llama-3.2-3B-Instruct,bfloat16,2026-08-02T13:14:04,inference,49,0.46844768105074763,24,
NVIDIA A40,NVIDIA A40,llama-3b,meta-llama/Llama-3.2-3B-Instruct,bfloat16,2026-08-02T13:14:04,inference,50,0.4781593158841133,24,
NVIDIA A40,NVIDIA A40,llama-3b,meta-llama/Llama-3.2-3B-Instruct,bfloat16,2026-08-02T13:14:04,inference,51,0.47631342662498355,24,
NVIDIA A40,NVIDIA A40,llama-3b,meta-llama/Llama-3.2-3B-Instruct,bfloat16,2026-08-02T13:14:04,inference,52,0.4714044462889433,24,
NVIDIA A40,NVIDIA A40,llama-3b,meta-llama/Llama-3.2-3B-Instruct,bfloat16,2026-08-02T13:14:04,inference,53,0.46665541315451264,24,
NVIDIA A40,NVIDIA A40,llama-3b,meta-llama/Llama-3.2-3B-Instruct,bfloat16,2026-08-02T13:14:04,inference,54,0.46758450800552964,24,
NVIDIA A40,NVIDIA A40,llama-3b,meta-llama/Llama-3.2-3B-Instruct,bfloat16,2026-08-02T13:14:04,inference,55,0.46798768313601613,24,
NVIDIA A40,NVIDIA A40,llama-3b,meta-llama/Llama-3.2-3B-Instruct,bfloat16,2026-08-02T13:14:04,inference,56,0.4750501411035657,24,
NVIDIA A40,NVIDIA A40,llama-3b,meta-llama/Llama-3.2-3B-Instruct,bfloat16,2026-08-02T13:14:04,inference,57,0.47662562457844615,24,
NVIDIA A40,NVIDIA A40,llama-3b,meta-llama/Llama-3.2-3B-Instruct,bfloat16,2026-08-02T13:14:04,inference,58,0.47449272591620684,24,
NVIDIA A40,NVIDIA A40,llama-3b,meta-llama/Llama-3.2-3B-Instruct,bfloat16,2026-08-02T13:14:04,inference,59,0.4676840449683368,24,
NVIDIA A40,NVIDIA A40,llama-3b,meta-llama/Llama-3.2-3B-Instruct,bfloat16,2026-08-02T13:14:04,inference,60,0.46765292808413506,24,
NVIDIA A40,NVIDIA A40,llama-3b,meta-llama/Llama-3.2-3B-Instruct,bfloat16,2026-08-02T13:14:04,inference,61,0.46762819308787584,24,
NVIDIA A40,NVIDIA A40,llama-3b,meta-llama/Llama-3.2-3B-Instruct,bfloat16,2026-08-02T13:14:04,inference,62,0.47581250313669443,24,
NVIDIA A40,NVIDIA A40,llama-3b,meta-llama/Llama-3.2-3B-Instruct,bfloat16,2026-08-02T13:14:04,inference,63,0.47547109611332417,24,
NVIDIA A40,NVIDIA A40,llama-3b,meta-llama/Llama-3.2-3B-Instruct,bfloat16,2026-08-02T13:14:04,inference,64,0.4745657513849437,24,
NVIDIA A40,NVIDIA A40,llama-3b,meta-llama/Llama-3.2-3B-Instruct,bfloat16,2026-08-02T13:14:04,inference,65,0.4679081733338535,24,
NVIDIA A40,NVIDIA A40,llama-3b,meta-llama/Llama-3.2-3B-Instruct,bfloat16,2026-08-02T13:14:04,inference,66,0.46781834680587053,24,
NVIDIA A40,NVIDIA A40,llama-3b,meta-llama/Llama-3.2-3B-Instruct,bfloat16,2026-08-02T13:14:04,inference,67,0.47122744005173445,24,
NVIDIA A40,NVIDIA A40,llama-3b,meta-llama/Llama-3.2-3B-Instruct,bfloat16,2026-08-02T13:14:04,inference,68,0.4756122059188783,24,
NVIDIA A40,NVIDIA A40,llama-3b,meta-llama/Llama-3.2-3B-Instruct,bfloat16,2026-08-02T13:14:04,inference,69,0.4767417935654521,24,
NVIDIA A40,NVIDIA A40,llama-3b,meta-llama/Llama-3.2-3B-Instruct,bfloat16,2026-08-02T13:14:04,inference,70,0.4714481309056282,24,
NVIDIA A40,NVIDIA A40,llama-3b,meta-llama/Llama-3.2-3B-Instruct,bfloat16,2026-08-02T13:14:04,inference,71,0.4682555738836527,24,
NVIDIA A40,NVIDIA A40,llama-3b,meta-llama/Llama-3.2-3B-Instruct,bfloat16,2026-08-02T13:14:04,inference,72,0.46826822170987725,24,
NVIDIA A40,NVIDIA A40,llama-3b,meta-llama/Llama-3.2-3B-Instruct,bfloat16,2026-08-02T13:14:04,inference,73,0.4749342668801546,24,
NVIDIA A40,NVIDIA A40,llama-3b,meta-llama/Llama-3.2-3B-Instruct,bfloat16,2026-08-02T13:14:04,inference,74,0.4762905607931316,24,
NVIDIA A40,NVIDIA A40,llama-3b,meta-llama/Llama-3.2-3B-Instruct,bfloat16,2026-08-02T13:14:04,inference,75,0.4776849071495235,24,
NVIDIA A40,NVIDIA A40,llama-3b,meta-llama/Llama-3.2-3B-Instruct,bfloat16,2026-08-02T13:14:04,inference,76,0.47913926374167204,24,
NVIDIA A40,NVIDIA A40,llama-3b,meta-llama/Llama-3.2-3B-Instruct,bfloat16,2026-08-02T13:14:04,inference,77,0.47684083320200443,24,
NVIDIA A40,NVIDIA A40,llama-3b,meta-llama/Llama-3.2-3B-Instruct,bfloat16,2026-08-02T13:14:04,inference,78,0.47540660621598363,24,
NVIDIA A40,NVIDIA A40,llama-3b,meta-llama/Llama-3.2-3B-Instruct,bfloat16,2026-08-02T13:14:04,inference,79,0.4696806678548455,24,
NVIDIA A40,NVIDIA A40,llama-3b,meta-llama/Llama-3.2-3B-Instruct,bfloat16,2026-08-02T13:14:04,inference,80,0.46698885783553123,24,
NVIDIA A40,NVIDIA A40,llama-3b,meta-llama/Llama-3.2-3B-Instruct,bfloat16,2026-08-02T13:14:04,inference,81,0.4720650860108435,24,
NVIDIA A40,NVIDIA A40,llama-3b,meta-llama/Llama-3.2-3B-Instruct,bfloat16,2026-08-02T13:14:04,inference,82,0.4806615449488163,24,
NVIDIA A40,NVIDIA A40,llama-3b,meta-llama/Llama-3.2-3B-Instruct,bfloat16,2026-08-02T13:14:04,inference,83,0.47888939874246716,24,
NVIDIA A40,NVIDIA A40,llama-3b,meta-llama/Llama-3.2-3B-Instruct,bfloat16,2026-08-02T13:14:04,inference,84,0.47689375607296824,24,
NVIDIA A40,NVIDIA A40,llama-3b,meta-llama/Llama-3.2-3B-Instruct,bfloat16,2026-08-02T13:14:04,inference,85,0.4679766660556197,24,
NVIDIA A40,NVIDIA A40,llama-3b,meta-llama/Llama-3.2-3B-Instruct,bfloat16,2026-08-02T13:14:04,inference,86,0.46807514410465956,24,
NVIDIA A40,NVIDIA A40,llama-3b,meta-llama/Llama-3.2-3B-Instruct,bfloat16,2026-08-02T13:14:04,inference,87,0.4675571001134813,24,
NVIDIA A40,NVIDIA A40,llama-3b,meta-llama/Llama-3.2-3B-Instruct,bfloat16,2026-08-02T13:14:04,inference,88,0.46721741976216435,24,
NVIDIA A40,NVIDIA A40,llama-3b,meta-llama/Llama-3.2-3B-Instruct,bfloat16,2026-08-02T13:14:04,inference,89,0.47115498315542936,24,
NVIDIA A40,NVIDIA A40,llama-3b,meta-llama/Llama-3.2-3B-Instruct,bfloat16,2026-08-02T13:14:04,inference,90,0.4785225847736001,24,
NVIDIA A40,NVIDIA A40,llama-3b,meta-llama/Llama-3.2-3B-Instruct,bfloat16,2026-08-02T13:14:04,inference,91,0.4778273361735046,24,
NVIDIA A40,NVIDIA A40,llama-3b,meta-llama/Llama-3.2-3B-Instruct,bfloat16,2026-08-02T13:14:04,inference,92,0.4703216520138085,24,
NVIDIA A40,NVIDIA A40,llama-3b,meta-llama/Llama-3.2-3B-Instruct,bfloat16,2026-08-02T13:14:04,inference,93,0.4681392600759864,24,
NVIDIA A40,NVIDIA A40,llama-3b,meta-llama/Llama-3.2-3B-Instruct,bfloat16,2026-08-02T13:14:04,inference,94,0.4676622049883008,24,
NVIDIA A40,NVIDIA A40,llama-3b,meta-llama/Llama-3.2-3B-Instruct,bfloat16,2026-08-02T13:14:04,inference,95,0.46759470039978623,24,
NVIDIA A40,NVIDIA A40,llama-3b,meta-llama/Llama-3.2-3B-Instruct,bfloat16,2026-08-02T13:14:04,inference,96,0.4769116179086268,24,
NVIDIA A40,NVIDIA A40,llama-3b,meta-llama/Llama-3.2-3B-Instruct,bfloat16,2026-08-02T13:14:04,inference,97,0.4776250938884914,24,
NVIDIA A40,NVIDIA A40,llama-3b,meta-llama/Llama-3.2-3B-Instruct,bfloat16,2026-08-02T13:14:04,inference,98,0.47566149896010756,24,
NVIDIA A40,NVIDIA A40,llama-3b,meta-llama/Llama-3.2-3B-Instruct,bfloat16,2026-08-02T13:14:04,inference,99,0.46803651796653867,24,
NVIDIA A40,NVIDIA A40,qwen-0.5b,Qwen/Qwen2.5-0.5B-Instruct,bfloat16,2026-08-02T13:14:04,load,0,0.8816553060896695,0,
NVIDIA A40,NVIDIA A40,qwen-0.5b,Qwen/Qwen2.5-0.5B-Instruct,bfloat16,2026-08-02T13:14:04,load,1,0.9065152849070728,0,
NVIDIA A40,NVIDIA A40,qwen-0.5b,Qwen/Qwen2.5-0.5B-Instruct,bfloat16,2026-08-02T13:14:04,load,2,0.9308183793909848,0,
NVIDIA A40,NVIDIA A40,qwen-0.5b,Qwen/Qwen2.5-0.5B-Instruct,bfloat16,2026-08-02T13:14:04,load,3,0.8867526571266353,0,
NVIDIA A40,NVIDIA A40,qwen-0.5b,Qwen/Qwen2.5-0.5B-Instruct,bfloat16,2026-08-02T13:14:04,load,4,0.8761113500222564,0,
NVIDIA A40,NVIDIA A40,qwen-0.5b,Qwen/Qwen2.5-0.5B-Instruct,bfloat16,2026-08-02T13:14:04,load,5,0.9142112508416176,0,
NVIDIA A40,NVIDIA A40,qwen-0.5b,Qwen/Qwen2.5-0.5B-Instruct,bfloat16,2026-08-02T13:14:04,load,6,0.8982531032525003,0,
NVIDIA A40,NVIDIA A40,qwen-0.5b,Qwen/Qwen2.5-0.5B-Instruct,bfloat16,2026-08-02T13:14:04,load,7,0.8727000709623098,0,
NVIDIA A40,NVIDIA A40,qwen-0.5b,Qwen/Qwen2.5-0.5B-Instruct,bfloat16,2026-08-02T13:14:04,load,8,1.0152668161317706,0,
NVIDIA A40,NVIDIA A40,qwen-0.5b,Qwen/Qwen2.5-0.5B-Instruct,bfloat16,2026-08-02T13:14:04,load,9,0.9072056380100548,0,
NVIDIA A40,NVIDIA A40,qwen-0.5b,Qwen/Qwen2.5-0.5B-Instruct,bfloat16,2026-08-02T13:14:04,load,10,0.8809838290326297,0,
NVIDIA A40,NVIDIA A40,qwen-0.5b,Qwen/Qwen2.5-0.5B-Instruct,bfloat16,2026-08-02T13:14:04,load,11,0.8846022957004607,0,
NVIDIA A40,NVIDIA A40,qwen-0.5b,Qwen/Qwen2.5-0.5B-Instruct,bfloat16,2026-08-02T13:14:04,load,12,0.8828783896751702,0,
NVIDIA A40,NVIDIA A40,qwen-0.5b,Qwen/Qwen2.5-0.5B-Instruct,bfloat16,2026-08-02T13:14:04,load,13,0.8742953860200942,0,
NVIDIA A40,NVIDIA A40,qwen-0.5b,Qwen/Qwen2.5-0.5B-Instruct,bfloat16,2026-08-02T13:14:04,load,14,0.9150836989283562,0,
NVIDIA A40,NVIDIA A40,qwen-0.5b,Qwen/Qwen2.5-0.5B-Instruct,bfloat16,2026-08-02T13:14:04,load,15,0.8970081219449639,0,
NVIDIA A40,NVIDIA A40,qwen-0.5b,Qwen/Qwen2.5-0.5B-Instruct,bfloat16,2026-08-02T13:14:04,load,16,0.8636392802000046,0,
NVIDIA A40,NVIDIA A40,qwen-0.5b,Qwen/Qwen2.5-0.5B-Instruct,bfloat16,2026-08-02T13:14:04,load,17,0.8797630481421947,0,
NVIDIA A40,NVIDIA A40,qwen-0.5b,Qwen/Qwen2.5-0.5B-Instruct,bfloat16,2026-08-02T13:14:04,load,18,0.8896780740469694,0,
NVIDIA A40,NVIDIA A40,qwen-0.5b,Qwen/Qwen2.5-0.5B-Instruct,bfloat16,2026-08-02T13:14:04,load,19,0.98877357179299,0,
NVIDIA A40,NVIDIA A40,qwen-0.5b,Qwen/Qwen2.5-0.5B-Instruct,bfloat16,2026-08-02T13:14:04,load,20,0.9055052758194506,0,
NVIDIA A40,NVIDIA A40,qwen-0.5b,Qwen/Qwen2.5-0.5B-Instruct,bfloat16,2026-08-02T13:14:04,load,21,0.8844028413295746,0,
NVIDIA A40,NVIDIA A40,qwen-0.5b,Qwen/Qwen2.5-0.5B-Instruct,bfloat16,2026-08-02T13:14:04,load,22,0.8825588449835777,0,
NVIDIA A40,NVIDIA A40,qwen-0.5b,Qwen/Qwen2.5-0.5B-Instruct,bfloat16,2026-08-02T13:14:04,load,23,0.9019641350023448,0,
NVIDIA A40,NVIDIA A40,qwen-0.5b,Qwen/Qwen2.5-0.5B-Instruct,bfloat16,2026-08-02T13:14:04,load,24,0.8974741329438984,0,
NVIDIA A40,NVIDIA A40,qwen-0.5b,Qwen/Qwen2.5-0.5B-Instruct,bfloat16,2026-08-02T13:14:04,load,25,0.9264041208662093,0,
NVIDIA A40,NVIDIA A40,qwen-0.5b,Qwen/Qwen2.5-0.5B-Instruct,bfloat16,2026-08-02T13:14:04,load,26,0.8548943041823804,0,
NVIDIA A40,NVIDIA A40,qwen-0.5b,Qwen/Qwen2.5-0.5B-Instruct,bfloat16,2026-08-02T13:14:04,load,27,0.8864165837876499,0,
NVIDIA A40,NVIDIA A40,qwen-0.5b,Qwen/Qwen2.5-0.5B-Instruct,bfloat16,2026-08-02T13:14:04,load,28,0.8727663131430745,0,
NVIDIA A40,NVIDIA A40,qwen-0.5b,Qwen/Qwen2.5-0.5B-Instruct,bfloat16,2026-08-02T13:14:04,load,29,0.9041637163609266,0,
NVIDIA A40,NVIDIA A40,qwen-0.5b,Qwen/Qwen2.5-0.5B-Instruct,bfloat16,2026-08-02T13:14:04,load,30,0.8663007081486285,0,
NVIDIA A40,NVIDIA A40,qwen-0.5b,Qwen/Qwen2.5-0.5B-Instruct,bfloat16,2026-08-02T13:14:04,load,31,0.8988773762248456,0,
NVIDIA A40,NVIDIA A40,qwen-0.5b,Qwen/Qwen2.5-0.5B-Instruct,bfloat16,2026-08-02T13:14:04,load,32,0.8945857440121472,0,
NVIDIA A40,NVIDIA A40,qwen-0.5b,Qwen/Qwen2.5-0.5B-Instruct,bfloat16,2026-08-02T13:14:04,load,33,0.9256045878864825,0,
NVIDIA A40,NVIDIA A40,qwen-0.5b,Qwen/Qwen2.5-0.5B-Instruct,bfloat16,2026-08-02T13:14:04,load,34,0.8622714071534574,0,
NVIDIA A40,NVIDIA A40,qwen-0.5b,Qwen/Qwen2.5-0.5B-Instruct,bfloat16,2026-08-02T13:14:04,load,35,0.8828250891529024,0,
NVIDIA A40,NVIDIA A40,qwen-0.5b,Qwen/Qwen2.5-0.5B-Instruct,bfloat16,2026-08-02T13:14:04,load,36,0.8926841011270881,0,
NVIDIA A40,NVIDIA A40,qwen-0.5b,Qwen/Qwen2.5-0.5B-Instruct,bfloat16,2026-08-02T13:14:04,load,37,1.1574779329821467,0,
NVIDIA A40,NVIDIA A40,qwen-0.5b,Qwen/Qwen2.5-0.5B-Instruct,bfloat16,2026-08-02T13:14:04,load,38,0.8906717621721327,0,
NVIDIA A40,NVIDIA A40,qwen-0.5b,Qwen/Qwen2.5-0.5B-Instruct,bfloat16,2026-08-02T13:14:04,load,39,0.9485484058968723,0,
NVIDIA A40,NVIDIA A40,qwen-0.5b,Qwen/Qwen2.5-0.5B-Instruct,bfloat16,2026-08-02T13:14:04,load,40,4.598028165753931,0,
NVIDIA A40,NVIDIA A40,qwen-0.5b,Qwen/Qwen2.5-0.5B-Instruct,bfloat16,2026-08-02T13:14:04,load,41,0.9161172579042614,0,
NVIDIA A40,NVIDIA A40,qwen-0.5b,Qwen/Qwen2.5-0.5B-Instruct,bfloat16,2026-08-02T13:14:04,load,42,0.8880189470946789,0,
NVIDIA A40,NVIDIA A40,qwen-0.5b,Qwen/Qwen2.5-0.5B-Instruct,bfloat16,2026-08-02T13:14:04,load,43,0.9041118114255369,0,
NVIDIA A40,NVIDIA A40,qwen-0.5b,Qwen/Qwen2.5-0.5B-Instruct,bfloat16,2026-08-02T13:14:04,load,44,0.8751837234012783,0,
NVIDIA A40,NVIDIA A40,qwen-0.5b,Qwen/Qwen2.5-0.5B-Instruct,bfloat16,2026-08-02T13:14:04,load,45,0.9170855470001698,0,
NVIDIA A40,NVIDIA A40,qwen-0.5b,Qwen/Qwen2.5-0.5B-Instruct,bfloat16,2026-08-02T13:14:04,load,46,0.8917775368317962,0,
NVIDIA A40,NVIDIA A40,qwen-0.5b,Qwen/Qwen2.5-0.5B-Instruct,bfloat16,2026-08-02T13:14:04,load,47,0.8832227229140699,0,
NVIDIA A40,NVIDIA A40,qwen-0.5b,Qwen/Qwen2.5-0.5B-Instruct,bfloat16,2026-08-02T13:14:04,load,48,0.9039490851573646,0,
NVIDIA A40,NVIDIA A40,qwen-0.5b,Qwen/Qwen2.5-0.5B-Instruct,bfloat16,2026-08-02T13:14:04,load,49,0.8920208788476884,0,
NVIDIA A40,NVIDIA A40,qwen-0.5b,Qwen/Qwen2.5-0.5B-Instruct,bfloat16,2026-08-02T13:14:04,load,50,0.8835978121496737,0,
NVIDIA A40,NVIDIA A40,qwen-0.5b,Qwen/Qwen2.5-0.5B-Instruct,bfloat16,2026-08-02T13:14:04,load,51,0.8765793927013874,0,
NVIDIA A40,NVIDIA A40,qwen-0.5b,Qwen/Qwen2.5-0.5B-Instruct,bfloat16,2026-08-02T13:14:04,load,52,0.8875319957733154,0,
NVIDIA A40,NVIDIA A40,qwen-0.5b,Qwen/Qwen2.5-0.5B-Instruct,bfloat16,2026-08-02T13:14:04,load,53,0.9052219362929463,0,
NVIDIA A40,NVIDIA A40,qwen-0.5b,Qwen/Qwen2.5-0.5B-Instruct,bfloat16,2026-08-02T13:14:04,load,54,0.9164222329854965,0,
NVIDIA A40,NVIDIA A40,qwen-0.5b,Qwen/Qwen2.5-0.5B-Instruct,bfloat16,2026-08-02T13:14:04,load,55,0.8731131101958454,0,
NVIDIA A40,NVIDIA A40,qwen-0.5b,Qwen/Qwen2.5-0.5B-Instruct,bfloat16,2026-08-02T13:14:04,load,56,0.8779147830791771,0,
NVIDIA A40,NVIDIA A40,qwen-0.5b,Qwen/Qwen2.5-0.5B-Instruct,bfloat16,2026-08-02T13:14:04,load,57,0.9071118058636785,0,
NVIDIA A40,NVIDIA A40,qwen-0.5b,Qwen/Qwen2.5-0.5B-Instruct,bfloat16,2026-08-02T13:14:04,load,58,0.8858427302911878,0,
NVIDIA A40,NVIDIA A40,qwen-0.5b,Qwen/Qwen2.5-0.5B-Instruct,bfloat16,2026-08-02T13:14:04,load,59,0.8968055117875338,0,
NVIDIA A40,NVIDIA A40,qwen-0.5b,Qwen/Qwen2.5-0.5B-Instruct,bfloat16,2026-08-02T13:14:04,load,60,0.9219691217876971,0,
NVIDIA A40,NVIDIA A40,qwen-0.5b,Qwen/Qwen2.5-0.5B-Instruct,bfloat16,2026-08-02T13:14:04,load,61,0.9399562473408878,0,
NVIDIA A40,NVIDIA A40,qwen-0.5b,Qwen/Qwen2.5-0.5B-Instruct,bfloat16,2026-08-02T13:14:04,load,62,0.8735411521047354,0,
NVIDIA A40,NVIDIA A40,qwen-0.5b,Qwen/Qwen2.5-0.5B-Instruct,bfloat16,2026-08-02T13:14:04,load,63,0.9302155659534037,0,
NVIDIA A40,NVIDIA A40,qwen-0.5b,Qwen/Qwen2.5-0.5B-Instruct,bfloat16,2026-08-02T13:14:04,load,64,0.8587838187813759,0,
NVIDIA A40,NVIDIA A40,qwen-0.5b,Qwen/Qwen2.5-0.5B-Instruct,bfloat16,2026-08-02T13:14:04,load,65,0.8968578591011465,0,
NVIDIA A40,NVIDIA A40,qwen-0.5b,Qwen/Qwen2.5-0.5B-Instruct,bfloat16,2026-08-02T13:14:04,load,66,0.8848564480431378,0,
NVIDIA A40,NVIDIA A40,qwen-0.5b,Qwen/Qwen2.5-0.5B-Instruct,bfloat16,2026-08-02T13:14:04,load,67,0.8879481838084757,0,
NVIDIA A40,NVIDIA A40,qwen-0.5b,Qwen/Qwen2.5-0.5B-Instruct,bfloat16,2026-08-02T13:14:04,load,68,0.8838678169995546,0,
NVIDIA A40,NVIDIA A40,qwen-0.5b,Qwen/Qwen2.5-0.5B-Instruct,bfloat16,2026-08-02T13:14:04,load,69,0.9729153760708869,0,
NVIDIA A40,NVIDIA A40,qwen-0.5b,Qwen/Qwen2.5-0.5B-Instruct,bfloat16,2026-08-02T13:14:04,load,70,0.872743858024478,0,
NVIDIA A40,NVIDIA A40,qwen-0.5b,Qwen/Qwen2.5-0.5B-Instruct,bfloat16,2026-08-02T13:14:04,load,71,0.8951686271466315,0,
NVIDIA A40,NVIDIA A40,qwen-0.5b,Qwen/Qwen2.5-0.5B-Instruct,bfloat16,2026-08-02T13:14:04,load,72,0.8870543059892952,0,
NVIDIA A40,NVIDIA A40,qwen-0.5b,Qwen/Qwen2.5-0.5B-Instruct,bfloat16,2026-08-02T13:14:04,load,73,0.9301887759938836,0,
NVIDIA A40,NVIDIA A40,qwen-0.5b,Qwen/Qwen2.5-0.5B-Instruct,bfloat16,2026-08-02T13:14:04,load,74,0.9088746276684105,0,
NVIDIA A40,NVIDIA A40,qwen-0.5b,Qwen/Qwen2.5-0.5B-Instruct,bfloat16,2026-08-02T13:14:04,load,75,0.9096721350215375,0,
NVIDIA A40,NVIDIA A40,qwen-0.5b,Qwen/Qwen2.5-0.5B-Instruct,bfloat16,2026-08-02T13:14:04,load,76,0.9467533612623811,0,
NVIDIA A40,NVIDIA A40,qwen-0.5b,Qwen/Qwen2.5-0.5B-Instruct,bfloat16,2026-08-02T13:14:04,load,77,0.9012115290388465,0,
NVIDIA A40,NVIDIA A40,qwen-0.5b,Qwen/Qwen2.5-0.5B-Instruct,bfloat16,2026-08-02T13:14:04,load,78,0.8803201653063297,0,
NVIDIA A40,NVIDIA A40,qwen-0.5b,Qwen/Qwen2.5-0.5B-Instruct,bfloat16,2026-08-02T13:14:04,load,79,0.9091428169049323,0,
NVIDIA A40,NVIDIA A40,qwen-0.5b,Qwen/Qwen2.5-0.5B-Instruct,bfloat16,2026-08-02T13:14:04,load,80,0.9007486426271498,0,
NVIDIA A40,NVIDIA A40,qwen-0.5b,Qwen/Qwen2.5-0.5B-Instruct,bfloat16,2026-08-02T13:14:04,load,81,1.0215227627195418,0,
NVIDIA A40,NVIDIA A40,qwen-0.5b,Qwen/Qwen2.5-0.5B-Instruct,bfloat16,2026-08-02T13:14:04,load,82,0.940698625985533,0,
NVIDIA A40,NVIDIA A40,qwen-0.5b,Qwen/Qwen2.5-0.5B-Instruct,bfloat16,2026-08-02T13:14:04,load,83,0.8938126978464425,0,
NVIDIA A40,NVIDIA A40,qwen-0.5b,Qwen/Qwen2.5-0.5B-Instruct,bfloat16,2026-08-02T13:14:04,load,84,0.8892952352762222,0,
NVIDIA A40,NVIDIA A40,qwen-0.5b,Qwen/Qwen2.5-0.5B-Instruct,bfloat16,2026-08-02T13:14:04,load,85,0.9061071760952473,0,
NVIDIA A40,NVIDIA A40,qwen-0.5b,Qwen/Qwen2.5-0.5B-Instruct,bfloat16,2026-08-02T13:14:04,load,86,0.8738482217304409,0,
NVIDIA A40,NVIDIA A40,qwen-0.5b,Qwen/Qwen2.5-0.5B-Instruct,bfloat16,2026-08-02T13:14:04,load,87,0.9037327961996198,0,
NVIDIA A40,NVIDIA A40,qwen-0.5b,Qwen/Qwen2.5-0.5B-Instruct,bfloat16,2026-08-02T13:14:04,load,88,0.84548873687163,0,
NVIDIA A40,NVIDIA A40,qwen-0.5b,Qwen/Qwen2.5-0.5B-Instruct,bfloat16,2026-08-02T13:14:04,load,89,0.8906631139107049,0,
NVIDIA A40,NVIDIA A40,qwen-0.5b,Qwen/Qwen2.5-0.5B-Instruct,bfloat16,2026-08-02T13:14:04,load,90,0.8966756081208587,0,
NVIDIA A40,NVIDIA A40,qwen-0.5b,Qwen/Qwen2.5-0.5B-Instruct,bfloat16,2026-08-02T13:14:04,load,91,0.8804003251716495,0,
NVIDIA A40,NVIDIA A40,qwen-0.5b,Qwen/Qwen2.5-0.5B-Instruct,bfloat16,2026-08-02T13:14:04,load,92,0.9077631840482354,0,
NVIDIA A40,NVIDIA A40,qwen-0.5b,Qwen/Qwen2.5-0.5B-Instruct,bfloat16,2026-08-02T13:14:04,load,93,0.8901161500252783,0,
NVIDIA A40,NVIDIA A40,qwen-0.5b,Qwen/Qwen2.5-0.5B-Instruct,bfloat16,2026-08-02T13:14:04,load,94,0.8694266700185835,0,
NVIDIA A40,NVIDIA A40,qwen-0.5b,Qwen/Qwen2.5-0.5B-Instruct,bfloat16,2026-08-02T13:14:04,load,95,0.8858540849760175,0,
NVIDIA A40,NVIDIA A40,qwen-0.5b,Qwen/Qwen2.5-0.5B-Instruct,bfloat16,2026-08-02T13:14:04,load,96,0.896294001955539,0,
NVIDIA A40,NVIDIA A40,qwen-0.5b,Qwen/Qwen2.5-0.5B-Instruct,bfloat16,2026-08-02T13:14:04,load,97,0.9231091346591711,0,
NVIDIA A40,NVIDIA A40,qwen-0.5b,Qwen/Qwen2.5-0.5B-Instruct,bfloat16,2026-08-02T13:14:04,load,98,0.8759602569043636,0,
NVIDIA A40,NVIDIA A40,qwen-0.5b,Qwen/Qwen2.5-0.5B-Instruct,bfloat16,2026-08-02T13:14:04,load,99,0.9133725469000638,0,
NVIDIA A40,NVIDIA A40,qwen-0.5b,Qwen/Qwen2.5-0.5B-Instruct,bfloat16,2026-08-02T13:14:04,inference,0,0.39265188481658697,24,
NVIDIA A40,NVIDIA A40,qwen-0.5b,Qwen/Qwen2.5-0.5B-Instruct,bfloat16,2026-08-02T13:14:04,inference,1,0.3861171882599592,24,
NVIDIA A40,NVIDIA A40,qwen-0.5b,Qwen/Qwen2.5-0.5B-Instruct,bfloat16,2026-08-02T13:14:04,inference,2,0.38574759708717465,24,
NVIDIA A40,NVIDIA A40,qwen-0.5b,Qwen/Qwen2.5-0.5B-Instruct,bfloat16,2026-08-02T13:14:04,inference,3,0.3865258488804102,24,
NVIDIA A40,NVIDIA A40,qwen-0.5b,Qwen/Qwen2.5-0.5B-Instruct,bfloat16,2026-08-02T13:14:04,inference,4,0.38733404874801636,24,
NVIDIA A40,NVIDIA A40,qwen-0.5b,Qwen/Qwen2.5-0.5B-Instruct,bfloat16,2026-08-02T13:14:04,inference,5,0.3921770267188549,24,
NVIDIA A40,NVIDIA A40,qwen-0.5b,Qwen/Qwen2.5-0.5B-Instruct,bfloat16,2026-08-02T13:14:04,inference,6,0.39277685014531016,24,
NVIDIA A40,NVIDIA A40,qwen-0.5b,Qwen/Qwen2.5-0.5B-Instruct,bfloat16,2026-08-02T13:14:04,inference,7,0.3934620921500027,24,
NVIDIA A40,NVIDIA A40,qwen-0.5b,Qwen/Qwen2.5-0.5B-Instruct,bfloat16,2026-08-02T13:14:04,inference,8,0.3867678623646498,24,
NVIDIA A40,NVIDIA A40,qwen-0.5b,Qwen/Qwen2.5-0.5B-Instruct,bfloat16,2026-08-02T13:14:04,inference,9,0.3879766659811139,24,
NVIDIA A40,NVIDIA A40,qwen-0.5b,Qwen/Qwen2.5-0.5B-Instruct,bfloat16,2026-08-02T13:14:04,inference,10,0.3863407587632537,24,
NVIDIA A40,NVIDIA A40,qwen-0.5b,Qwen/Qwen2.5-0.5B-Instruct,bfloat16,2026-08-02T13:14:04,inference,11,0.3860750552266836,24,
NVIDIA A40,NVIDIA A40,qwen-0.5b,Qwen/Qwen2.5-0.5B-Instruct,bfloat16,2026-08-02T13:14:04,inference,12,0.3918925980105996,24,
NVIDIA A40,NVIDIA A40,qwen-0.5b,Qwen/Qwen2.5-0.5B-Instruct,bfloat16,2026-08-02T13:14:04,inference,13,0.39350730180740356,24,
NVIDIA A40,NVIDIA A40,qwen-0.5b,Qwen/Qwen2.5-0.5B-Instruct,bfloat16,2026-08-02T13:14:04,inference,14,0.3969199978746474,24,
NVIDIA A40,NVIDIA A40,qwen-0.5b,Qwen/Qwen2.5-0.5B-Instruct,bfloat16,2026-08-02T13:14:04,inference,15,0.390099820215255,24,
NVIDIA A40,NVIDIA A40,qwen-0.5b,Qwen/Qwen2.5-0.5B-Instruct,bfloat16,2026-08-02T13:14:04,inference,16,0.3862625602632761,24,
NVIDIA A40,NVIDIA A40,qwen-0.5b,Qwen/Qwen2.5-0.5B-Instruct,bfloat16,2026-08-02T13:14:04,inference,17,0.38631700119003654,24,
NVIDIA A40,NVIDIA A40,qwen-0.5b,Qwen/Qwen2.5-0.5B-Instruct,bfloat16,2026-08-02T13:14:04,inference,18,0.39257551869377494,24,
NVIDIA A40,NVIDIA A40,qwen-0.5b,Qwen/Qwen2.5-0.5B-Instruct,bfloat16,2026-08-02T13:14:04,inference,19,0.3942594896070659,24,
NVIDIA A40,NVIDIA A40,qwen-0.5b,Qwen/Qwen2.5-0.5B-Instruct,bfloat16,2026-08-02T13:14:04,inference,20,0.3939150315709412,24,
NVIDIA A40,NVIDIA A40,qwen-0.5b,Qwen/Qwen2.5-0.5B-Instruct,bfloat16,2026-08-02T13:14:04,inference,21,0.3895065770484507,24,
NVIDIA A40,NVIDIA A40,qwen-0.5b,Qwen/Qwen2.5-0.5B-Instruct,bfloat16,2026-08-02T13:14:04,inference,22,0.3857738268561661,24,
NVIDIA A40,NVIDIA A40,qwen-0.5b,Qwen/Qwen2.5-0.5B-Instruct,bfloat16,2026-08-02T13:14:04,inference,23,0.38594553992152214,24,
NVIDIA A40,NVIDIA A40,qwen-0.5b,Qwen/Qwen2.5-0.5B-Instruct,bfloat16,2026-08-02T13:14:04,inference,24,0.3861303301528096,24,
NVIDIA A40,NVIDIA A40,qwen-0.5b,Qwen/Qwen2.5-0.5B-Instruct,bfloat16,2026-08-02T13:14:04,inference,25,0.3922978350892663,24,
NVIDIA A40,NVIDIA A40,qwen-0.5b,Qwen/Qwen2.5-0.5B-Instruct,bfloat16,2026-08-02T13:14:04,inference,26,0.39349303022027016,24,
NVIDIA A40,NVIDIA A40,qwen-0.5b,Qwen/Qwen2.5-0.5B-Instruct,bfloat16,2026-08-02T13:14:04,inference,27,0.39344643987715244,24,
NVIDIA A40,NVIDIA A40,qwen-0.5b,Qwen/Qwen2.5-0.5B-Instruct,bfloat16,2026-08-02T13:14:04,inference,28,0.3896526489406824,24,
NVIDIA A40,NVIDIA A40,qwen-0.5b,Qwen/Qwen2.5-0.5B-Instruct,bfloat16,2026-08-02T13:14:04,inference,29,0.38925508689135313,24,
NVIDIA A40,NVIDIA A40,qwen-0.5b,Qwen/Qwen2.5-0.5B-Instruct,bfloat16,2026-08-02T13:14:04,inference,30,0.38644863525405526,24,
NVIDIA A40,NVIDIA A40,qwen-0.5b,Qwen/Qwen2.5-0.5B-Instruct,bfloat16,2026-08-02T13:14:04,inference,31,0.3860166878439486,24,
NVIDIA A40,NVIDIA A40,qwen-0.5b,Qwen/Qwen2.5-0.5B-Instruct,bfloat16,2026-08-02T13:14:04,inference,32,0.3925983402878046,24,
NVIDIA A40,NVIDIA A40,qwen-0.5b,Qwen/Qwen2.5-0.5B-Instruct,bfloat16,2026-08-02T13:14:04,inference,33,0.3928274610079825,24,
NVIDIA A40,NVIDIA A40,qwen-0.5b,Qwen/Qwen2.5-0.5B-Instruct,bfloat16,2026-08-02T13:14:04,inference,34,0.39319676300510764,24,
NVIDIA A40,NVIDIA A40,qwen-0.5b,Qwen/Qwen2.5-0.5B-Instruct,bfloat16,2026-08-02T13:14:04,inference,35,0.3896105829626322,24,
NVIDIA A40,NVIDIA A40,qwen-0.5b,Qwen/Qwen2.5-0.5B-Instruct,bfloat16,2026-08-02T13:14:04,inference,36,0.3869433421641588,24,
NVIDIA A40,NVIDIA A40,qwen-0.5b,Qwen/Qwen2.5-0.5B-Instruct,bfloat16,2026-08-02T13:14:04,inference,37,0.3854568130336702,24,
NVIDIA A40,NVIDIA A40,qwen-0.5b,Qwen/Qwen2.5-0.5B-Instruct,bfloat16,2026-08-02T13:14:04,inference,38,0.38534893235191703,24,
NVIDIA A40,NVIDIA A40,qwen-0.5b,Qwen/Qwen2.5-0.5B-Instruct,bfloat16,2026-08-02T13:14:04,inference,39,0.3867139150388539,24,
NVIDIA A40,NVIDIA A40,qwen-0.5b,Qwen/Qwen2.5-0.5B-Instruct,bfloat16,2026-08-02T13:14:04,inference,40,0.3922968618571758,24,
NVIDIA A40,NVIDIA A40,qwen-0.5b,Qwen/Qwen2.5-0.5B-Instruct,bfloat16,2026-08-02T13:14:04,inference,41,0.3939134581014514,24,
NVIDIA A40,NVIDIA A40,qwen-0.5b,Qwen/Qwen2.5-0.5B-Instruct,bfloat16,2026-08-02T13:14:04,inference,42,0.39405494881793857,24,
NVIDIA A40,NVIDIA A40,qwen-0.5b,Qwen/Qwen2.5-0.5B-Instruct,bfloat16,2026-08-02T13:14:04,inference,43,0.3868856569752097,24,
NVIDIA A40,NVIDIA A40,qwen-0.5b,Qwen/Qwen2.5-0.5B-Instruct,bfloat16,2026-08-02T13:14:04,inference,44,0.38617198215797544,24,
NVIDIA A40,NVIDIA A40,qwen-0.5b,Qwen/Qwen2.5-0.5B-Instruct,bfloat16,2026-08-02T13:14:04,inference,45,0.38525564689189196,24,
NVIDIA A40,NVIDIA A40,qwen-0.5b,Qwen/Qwen2.5-0.5B-Instruct,bfloat16,2026-08-02T13:14:04,inference,46,0.3856322462670505,24,
NVIDIA A40,NVIDIA A40,qwen-0.5b,Qwen/Qwen2.5-0.5B-Instruct,bfloat16,2026-08-02T13:14:04,inference,47,0.38536128820851445,24,
NVIDIA A40,NVIDIA A40,qwen-0.5b,Qwen/Qwen2.5-0.5B-Instruct,bfloat16,2026-08-02T13:14:04,inference,48,0.38933269726112485,24,
NVIDIA A40,NVIDIA A40,qwen-0.5b,Qwen/Qwen2.5-0.5B-Instruct,bfloat16,2026-08-02T13:14:04,inference,49,0.3949432438239455,24,
NVIDIA A40,NVIDIA A40,qwen-0.5b,Qwen/Qwen2.5-0.5B-Instruct,bfloat16,2026-08-02T13:14:04,inference,50,0.394317542668432,24,
NVIDIA A40,NVIDIA A40,qwen-0.5b,Qwen/Qwen2.5-0.5B-Instruct,bfloat16,2026-08-02T13:14:04,inference,51,0.3931674179621041,24,
NVIDIA A40,NVIDIA A40,qwen-0.5b,Qwen/Qwen2.5-0.5B-Instruct,bfloat16,2026-08-02T13:14:04,inference,52,0.3929056762717664,24,
NVIDIA A40,NVIDIA A40,qwen-0.5b,Qwen/Qwen2.5-0.5B-Instruct,bfloat16,2026-08-02T13:14:04,inference,53,0.39523069793358445,24,
NVIDIA A40,NVIDIA A40,qwen-0.5b,Qwen/Qwen2.5-0.5B-Instruct,bfloat16,2026-08-02T13:14:04,inference,54,0.3937053228728473,24,
NVIDIA A40,NVIDIA A40,qwen-0.5b,Qwen/Qwen2.5-0.5B-Instruct,bfloat16,2026-08-02T13:14:04,inference,55,0.39410920161753893,24,
NVIDIA A40,NVIDIA A40,qwen-0.5b,Qwen/Qwen2.5-0.5B-Instruct,bfloat16,2026-08-02T13:14:04,inference,56,0.3868606989271939,24,
NVIDIA A40,NVIDIA A40,qwen-0.5b,Qwen/Qwen2.5-0.5B-Instruct,bfloat16,2026-08-02T13:14:04,inference,57,0.38550777081400156,24,
NVIDIA A40,NVIDIA A40,qwen-0.5b,Qwen/Qwen2.5-0.5B-Instruct,bfloat16,2026-08-02T13:14:04,inference,58,0.38512948993593454,24,
NVIDIA A40,NVIDIA A40,qwen-0.5b,Qwen/Qwen2.5-0.5B-Instruct,bfloat16,2026-08-02T13:14:04,inference,59,0.38477970799431205,24,
NVIDIA A40,NVIDIA A40,qwen-0.5b,Qwen/Qwen2.5-0.5B-Instruct,bfloat16,2026-08-02T13:14:04,inference,60,0.3942569480277598,24,
NVIDIA A40,NVIDIA A40,qwen-0.5b,Qwen/Qwen2.5-0.5B-Instruct,bfloat16,2026-08-02T13:14:04,inference,61,0.39126135408878326,24,
NVIDIA A40,NVIDIA A40,qwen-0.5b,Qwen/Qwen2.5-0.5B-Instruct,bfloat16,2026-08-02T13:14:04,inference,62,0.3958149226382375,24,
NVIDIA A40,NVIDIA A40,qwen-0.5b,Qwen/Qwen2.5-0.5B-Instruct,bfloat16,2026-08-02T13:14:04,inference,63,0.3955102739855647,24,
NVIDIA A40,NVIDIA A40,qwen-0.5b,Qwen/Qwen2.5-0.5B-Instruct,bfloat16,2026-08-02T13:14:04,inference,64,0.38786013098433614,24,
NVIDIA A40,NVIDIA A40,qwen-0.5b,Qwen/Qwen2.5-0.5B-Instruct,bfloat16,2026-08-02T13:14:04,inference,65,0.3853268721140921,24,
NVIDIA A40,NVIDIA A40,qwen-0.5b,Qwen/Qwen2.5-0.5B-Instruct,bfloat16,2026-08-02T13:14:04,inference,66,0.38535934686660767,24,
NVIDIA A40,NVIDIA A40,qwen-0.5b,Qwen/Qwen2.5-0.5B-Instruct,bfloat16,2026-08-02T13:14:04,inference,67,0.38668253226205707,24,
NVIDIA A40,NVIDIA A40,qwen-0.5b,Qwen/Qwen2.5-0.5B-Instruct,bfloat16,2026-08-02T13:14:04,inference,68,0.3851757040247321,24,
NVIDIA A40,NVIDIA A40,qwen-0.5b,Qwen/Qwen2.5-0.5B-Instruct,bfloat16,2026-08-02T13:14:04,inference,69,0.3861705595627427,24,
NVIDIA A40,NVIDIA A40,qwen-0.5b,Qwen/Qwen2.5-0.5B-Instruct,bfloat16,2026-08-02T13:14:04,inference,70,0.39524675998836756,24,
NVIDIA A40,NVIDIA A40,qwen-0.5b,Qwen/Qwen2.5-0.5B-Instruct,bfloat16,2026-08-02T13:14:04,inference,71,0.39422884304076433,24,
NVIDIA A40,NVIDIA A40,qwen-0.5b,Qwen/Qwen2.5-0.5B-Instruct,bfloat16,2026-08-02T13:14:04,inference,72,0.3934403760358691,24,
NVIDIA A40,NVIDIA A40,qwen-0.5b,Qwen/Qwen2.5-0.5B-Instruct,bfloat16,2026-08-02T13:14:04,inference,73,0.3865727591328323,24,
NVIDIA A40,NVIDIA A40,qwen-0.5b,Qwen/Qwen2.5-0.5B-Instruct,bfloat16,2026-08-02T13:14:04,inference,74,0.38561955699697137,24,
NVIDIA A40,NVIDIA A40,qwen-0.5b,Qwen/Qwen2.5-0.5B-Instruct,bfloat16,2026-08-02T13:14:04,inference,75,0.38616420002654195,24,
NVIDIA A40,NVIDIA A40,qwen-0.5b,Qwen/Qwen2.5-0.5B-Instruct,bfloat16,2026-08-02T13:14:04,inference,76,0.3939690110273659,24,
NVIDIA A40,NVIDIA A40,qwen-0.5b,Qwen/Qwen2.5-0.5B-Instruct,bfloat16,2026-08-02T13:14:04,inference,77,0.39228226197883487,24,
NVIDIA A40,NVIDIA A40,qwen-0.5b,Qwen/Qwen2.5-0.5B-Instruct,bfloat16,2026-08-02T13:14:04,inference,78,0.39240115880966187,24,
NVIDIA A40,NVIDIA A40,qwen-0.5b,Qwen/Qwen2.5-0.5B-Instruct,bfloat16,2026-08-02T13:14:04,inference,79,0.39014294696971774,24,
NVIDIA A40,NVIDIA A40,qwen-0.5b,Qwen/Qwen2.5-0.5B-Instruct,bfloat16,2026-08-02T13:14:04,inference,80,0.386261573061347,24,
NVIDIA A40,NVIDIA A40,qwen-0.5b,Qwen/Qwen2.5-0.5B-Instruct,bfloat16,2026-08-02T13:14:04,inference,81,0.3863468710333109,24,
NVIDIA A40,NVIDIA A40,qwen-0.5b,Qwen/Qwen2.5-0.5B-Instruct,bfloat16,2026-08-02T13:14:04,inference,82,0.3850553622469306,24,
NVIDIA A40,NVIDIA A40,qwen-0.5b,Qwen/Qwen2.5-0.5B-Instruct,bfloat16,2026-08-02T13:14:04,inference,83,0.3918540100567043,24,
NVIDIA A40,NVIDIA A40,qwen-0.5b,Qwen/Qwen2.5-0.5B-Instruct,bfloat16,2026-08-02T13:14:04,inference,84,0.3924535131081939,24,
NVIDIA A40,NVIDIA A40,qwen-0.5b,Qwen/Qwen2.5-0.5B-Instruct,bfloat16,2026-08-02T13:14:04,inference,85,0.393494239076972,24,
NVIDIA A40,NVIDIA A40,qwen-0.5b,Qwen/Qwen2.5-0.5B-Instruct,bfloat16,2026-08-02T13:14:04,inference,86,0.39005614817142487,24,
NVIDIA A40,NVIDIA A40,qwen-0.5b,Qwen/Qwen2.5-0.5B-Instruct,bfloat16,2026-08-02T13:14:04,inference,87,0.3859323477372527,24,
NVIDIA A40,NVIDIA A40,qwen-0.5b,Qwen/Qwen2.5-0.5B-Instruct,bfloat16,2026-08-02T13:14:04,inference,88,0.3868667152710259,24,
NVIDIA A40,NVIDIA A40,qwen-0.5b,Qwen/Qwen2.5-0.5B-Instruct,bfloat16,2026-08-02T13:14:04,inference,89,0.38518215622752905,24,
NVIDIA A40,NVIDIA A40,qwen-0.5b,Qwen/Qwen2.5-0.5B-Instruct,bfloat16,2026-08-02T13:14:04,inference,90,0.3896352988667786,24,
NVIDIA A40,NVIDIA A40,qwen-0.5b,Qwen/Qwen2.5-0.5B-Instruct,bfloat16,2026-08-02T13:14:04,inference,91,0.3936996581032872,24,
NVIDIA A40,NVIDIA A40,qwen-0.5b,Qwen/Qwen2.5-0.5B-Instruct,bfloat16,2026-08-02T13:14:04,inference,92,0.39338845014572144,24,
NVIDIA A40,NVIDIA A40,qwen-0.5b,Qwen/Qwen2.5-0.5B-Instruct,bfloat16,2026-08-02T13:14:04,inference,93,0.3925221092067659,24,
NVIDIA A40,NVIDIA A40,qwen-0.5b,Qwen/Qwen2.5-0.5B-Instruct,bfloat16,2026-08-02T13:14:04,inference,94,0.38600771501660347,24,
NVIDIA A40,NVIDIA A40,qwen-0.5b,Qwen/Qwen2.5-0.5B-Instruct,bfloat16,2026-08-02T13:14:04,inference,95,0.3859900957904756,24,
NVIDIA A40,NVIDIA A40,qwen-0.5b,Qwen/Qwen2.5-0.5B-Instruct,bfloat16,2026-08-02T13:14:04,inference,96,0.3853994831442833,24,
NVIDIA A40,NVIDIA A40,qwen-0.5b,Qwen/Qwen2.5-0.5B-Instruct,bfloat16,2026-08-02T13:14:04,inference,97,0.3849866674281657,24,
NVIDIA A40,NVIDIA A40,qwen-0.5b,Qwen/Qwen2.5-0.5B-Instruct,bfloat16,2026-08-02T13:14:04,inference,98,0.3918547020293772,24,
NVIDIA A40,NVIDIA A40,qwen-0.5b,Qwen/Qwen2.5-0.5B-Instruct,bfloat16,2026-08-02T13:14:04,inference,99,0.39274054300040007,24,
NVIDIA A40,NVIDIA A40,qwen-3b,Qwen/Qwen2.5-3B-Instruct,bfloat16,2026-08-02T13:14:04,load,0,1.7416979409754276,0,
NVIDIA A40,NVIDIA A40,qwen-3b,Qwen/Qwen2.5-3B-Instruct,bfloat16,2026-08-02T13:14:04,load,1,1.7070344020612538,0,
NVIDIA A40,NVIDIA A40,qwen-3b,Qwen/Qwen2.5-3B-Instruct,bfloat16,2026-08-02T13:14:04,load,2,1.7253764332272112,0,
NVIDIA A40,NVIDIA A40,qwen-3b,Qwen/Qwen2.5-3B-Instruct,bfloat16,2026-08-02T13:14:04,load,3,1.6793984910473228,0,
NVIDIA A40,NVIDIA A40,qwen-3b,Qwen/Qwen2.5-3B-Instruct,bfloat16,2026-08-02T13:14:04,load,4,1.7146694008260965,0,
NVIDIA A40,NVIDIA A40,qwen-3b,Qwen/Qwen2.5-3B-Instruct,bfloat16,2026-08-02T13:14:04,load,5,1.7450265591032803,0,
NVIDIA A40,NVIDIA A40,qwen-3b,Qwen/Qwen2.5-3B-Instruct,bfloat16,2026-08-02T13:14:04,load,6,1.7027301802299917,0,
NVIDIA A40,NVIDIA A40,qwen-3b,Qwen/Qwen2.5-3B-Instruct,bfloat16,2026-08-02T13:14:04,load,7,1.6888984232209623,0,
NVIDIA A40,NVIDIA A40,qwen-3b,Qwen/Qwen2.5-3B-Instruct,bfloat16,2026-08-02T13:14:04,load,8,1.7043873849324882,0,
NVIDIA A40,NVIDIA A40,qwen-3b,Qwen/Qwen2.5-3B-Instruct,bfloat16,2026-08-02T13:14:04,load,9,1.726892804261297,0,
NVIDIA A40,NVIDIA A40,qwen-3b,Qwen/Qwen2.5-3B-Instruct,bfloat16,2026-08-02T13:14:04,load,10,1.7242690231651068,0,
NVIDIA A40,NVIDIA A40,qwen-3b,Qwen/Qwen2.5-3B-Instruct,bfloat16,2026-08-02T13:14:04,load,11,1.6900225672870874,0,
NVIDIA A40,NVIDIA A40,qwen-3b,Qwen/Qwen2.5-3B-Instruct,bfloat16,2026-08-02T13:14:04,load,12,1.6971001788042486,0,
NVIDIA A40,NVIDIA A40,qwen-3b,Qwen/Qwen2.5-3B-Instruct,bfloat16,2026-08-02T13:14:04,load,13,1.6981985638849437,0,
NVIDIA A40,NVIDIA A40,qwen-3b,Qwen/Qwen2.5-3B-Instruct,bfloat16,2026-08-02T13:14:04,load,14,1.7453230349346995,0,
NVIDIA A40,NVIDIA A40,qwen-3b,Qwen/Qwen2.5-3B-Instruct,bfloat16,2026-08-02T13:14:04,load,15,1.700753920711577,0,
NVIDIA A40,NVIDIA A40,qwen-3b,Qwen/Qwen2.5-3B-Instruct,bfloat16,2026-08-02T13:14:04,load,16,1.7159919789992273,0,
NVIDIA A40,NVIDIA A40,qwen-3b,Qwen/Qwen2.5-3B-Instruct,bfloat16,2026-08-02T13:14:04,load,17,1.708051930181682,0,
NVIDIA A40,NVIDIA A40,qwen-3b,Qwen/Qwen2.5-3B-Instruct,bfloat16,2026-08-02T13:14:04,load,18,1.6946918508037925,0,
NVIDIA A40,NVIDIA A40,qwen-3b,Qwen/Qwen2.5-3B-Instruct,bfloat16,2026-08-02T13:14:04,load,19,1.6798467407934368,0,
NVIDIA A40,NVIDIA A40,qwen-3b,Qwen/Qwen2.5-3B-Instruct,bfloat16,2026-08-02T13:14:04,load,20,1.72913558781147,0,
NVIDIA A40,NVIDIA A40,qwen-3b,Qwen/Qwen2.5-3B-Instruct,bfloat16,2026-08-02T13:14:04,load,21,1.698631971143186,0,
NVIDIA A40,NVIDIA A40,qwen-3b,Qwen/Qwen2.5-3B-Instruct,bfloat16,2026-08-02T13:14:04,load,22,1.719813508912921,0,
NVIDIA A40,NVIDIA A40,qwen-3b,Qwen/Qwen2.5-3B-Instruct,bfloat16,2026-08-02T13:14:04,load,23,1.733250387944281,0,
NVIDIA A40,NVIDIA A40,qwen-3b,Qwen/Qwen2.5-3B-Instruct,bfloat16,2026-08-02T13:14:04,load,24,1.686567344237119,0,
NVIDIA A40,NVIDIA A40,qwen-3b,Qwen/Qwen2.5-3B-Instruct,bfloat16,2026-08-02T13:14:04,load,25,1.7038643676787615,0,
NVIDIA A40,NVIDIA A40,qwen-3b,Qwen/Qwen2.5-3B-Instruct,bfloat16,2026-08-02T13:14:04,load,26,1.6931166681461036,0,
NVIDIA A40,NVIDIA A40,qwen-3b,Qwen/Qwen2.5-3B-Instruct,bfloat16,2026-08-02T13:14:04,load,27,1.6888018799945712,0,
NVIDIA A40,NVIDIA A40,qwen-3b,Qwen/Qwen2.5-3B-Instruct,bfloat16,2026-08-02T13:14:04,load,28,1.70837043505162,0,
NVIDIA A40,NVIDIA A40,qwen-3b,Qwen/Qwen2.5-3B-Instruct,bfloat16,2026-08-02T13:14:04,load,29,1.7882650359533727,0,
NVIDIA A40,NVIDIA A40,qwen-3b,Qwen/Qwen2.5-3B-Instruct,bfloat16,2026-08-02T13:14:04,load,30,1.8018397032283247,0,
NVIDIA A40,NVIDIA A40,qwen-3b,Qwen/Qwen2.5-3B-Instruct,bfloat16,2026-08-02T13:14:04,load,31,1.7624456440098584,0,
NVIDIA A40,NVIDIA A40,qwen-3b,Qwen/Qwen2.5-3B-Instruct,bfloat16,2026-08-02T13:14:04,load,32,1.7096061618067324,0,
NVIDIA A40,NVIDIA A40,qwen-3b,Qwen/Qwen2.5-3B-Instruct,bfloat16,2026-08-02T13:14:04,load,33,1.7308080038055778,0,
NVIDIA A40,NVIDIA A40,qwen-3b,Qwen/Qwen2.5-3B-Instruct,bfloat16,2026-08-02T13:14:04,load,34,1.6980959819629788,0,
NVIDIA A40,NVIDIA A40,qwen-3b,Qwen/Qwen2.5-3B-Instruct,bfloat16,2026-08-02T13:14:04,load,35,1.7264335732907057,0,
NVIDIA A40,NVIDIA A40,qwen-3b,Qwen/Qwen2.5-3B-Instruct,bfloat16,2026-08-02T13:14:04,load,36,1.7886218591593206,0,
NVIDIA A40,NVIDIA A40,qwen-3b,Qwen/Qwen2.5-3B-Instruct,bfloat16,2026-08-02T13:14:04,load,37,1.7231451007537544,0,
NVIDIA A40,NVIDIA A40,qwen-3b,Qwen/Qwen2.5-3B-Instruct,bfloat16,2026-08-02T13:14:04,load,38,1.673585342708975,0,
NVIDIA A40,NVIDIA A40,qwen-3b,Qwen/Qwen2.5-3B-Instruct,bfloat16,2026-08-02T13:14:04,load,39,1.708648432046175,0,
NVIDIA A40,NVIDIA A40,qwen-3b,Qwen/Qwen2.5-3B-Instruct,bfloat16,2026-08-02T13:14:04,load,40,1.6772173917852342,0,
NVIDIA A40,NVIDIA A40,qwen-3b,Qwen/Qwen2.5-3B-Instruct,bfloat16,2026-08-02T13:14:04,load,41,1.692327864933759,0,
NVIDIA A40,NVIDIA A40,qwen-3b,Qwen/Qwen2.5-3B-Instruct,bfloat16,2026-08-02T13:14:04,load,42,1.828228245023638,0,
NVIDIA A40,NVIDIA A40,qwen-3b,Qwen/Qwen2.5-3B-Instruct,bfloat16,2026-08-02T13:14:04,load,43,1.699778039008379,0,
NVIDIA A40,NVIDIA A40,qwen-3b,Qwen/Qwen2.5-3B-Instruct,bfloat16,2026-08-02T13:14:04,load,44,1.6960241119377315,0,
NVIDIA A40,NVIDIA A40,qwen-3b,Qwen/Qwen2.5-3B-Instruct,bfloat16,2026-08-02T13:14:04,load,45,1.6961391679942608,0,
NVIDIA A40,NVIDIA A40,qwen-3b,Qwen/Qwen2.5-3B-Instruct,bfloat16,2026-08-02T13:14:04,load,46,1.6812137053348124,0,
NVIDIA A40,NVIDIA A40,qwen-3b,Qwen/Qwen2.5-3B-Instruct,bfloat16,2026-08-02T13:14:04,load,47,1.6787689863704145,0,
NVIDIA A40,NVIDIA A40,qwen-3b,Qwen/Qwen2.5-3B-Instruct,bfloat16,2026-08-02T13:14:04,load,48,1.6926028840243816,0,
NVIDIA A40,NVIDIA A40,qwen-3b,Qwen/Qwen2.5-3B-Instruct,bfloat16,2026-08-02T13:14:04,load,49,1.729674314148724,0,
NVIDIA A40,NVIDIA A40,qwen-3b,Qwen/Qwen2.5-3B-Instruct,bfloat16,2026-08-02T13:14:04,load,50,1.6826884062029421,0,
NVIDIA A40,NVIDIA A40,qwen-3b,Qwen/Qwen2.5-3B-Instruct,bfloat16,2026-08-02T13:14:04,load,51,1.7293523298576474,0,
NVIDIA A40,NVIDIA A40,qwen-3b,Qwen/Qwen2.5-3B-Instruct,bfloat16,2026-08-02T13:14:04,load,52,1.697659854311496,0,
NVIDIA A40,NVIDIA A40,qwen-3b,Qwen/Qwen2.5-3B-Instruct,bfloat16,2026-08-02T13:14:04,load,53,1.6965967849828303,0,
NVIDIA A40,NVIDIA A40,qwen-3b,Qwen/Qwen2.5-3B-Instruct,bfloat16,2026-08-02T13:14:04,load,54,1.7002614620141685,0,
NVIDIA A40,NVIDIA A40,qwen-3b,Qwen/Qwen2.5-3B-Instruct,bfloat16,2026-08-02T13:14:04,load,55,1.657167972996831,0,
NVIDIA A40,NVIDIA A40,qwen-3b,Qwen/Qwen2.5-3B-Instruct,bfloat16,2026-08-02T13:14:04,load,56,1.6813419717364013,0,
NVIDIA A40,NVIDIA A40,qwen-3b,Qwen/Qwen2.5-3B-Instruct,bfloat16,2026-08-02T13:14:04,load,57,1.719321036245674,0,
NVIDIA A40,NVIDIA A40,qwen-3b,Qwen/Qwen2.5-3B-Instruct,bfloat16,2026-08-02T13:14:04,load,58,1.7702617011964321,0,
NVIDIA A40,NVIDIA A40,qwen-3b,Qwen/Qwen2.5-3B-Instruct,bfloat16,2026-08-02T13:14:04,load,59,1.7431353372521698,0,
NVIDIA A40,NVIDIA A40,qwen-3b,Qwen/Qwen2.5-3B-Instruct,bfloat16,2026-08-02T13:14:04,load,60,1.7009372850880027,0,
NVIDIA A40,NVIDIA A40,qwen-3b,Qwen/Qwen2.5-3B-Instruct,bfloat16,2026-08-02T13:14:04,load,61,1.781248196028173,0,
NVIDIA A40,NVIDIA A40,qwen-3b,Qwen/Qwen2.5-3B-Instruct,bfloat16,2026-08-02T13:14:04,load,62,1.7009955160319805,0,
NVIDIA A40,NVIDIA A40,qwen-3b,Qwen/Qwen2.5-3B-Instruct,bfloat16,2026-08-02T13:14:04,load,63,1.65280678588897,0,
NVIDIA A40,NVIDIA A40,qwen-3b,Qwen/Qwen2.5-3B-Instruct,bfloat16,2026-08-02T13:14:04,load,64,1.7027942668646574,0,
NVIDIA A40,NVIDIA A40,qwen-3b,Qwen/Qwen2.5-3B-Instruct,bfloat16,2026-08-02T13:14:04,load,65,1.686241085641086,0,
NVIDIA A40,NVIDIA A40,qwen-3b,Qwen/Qwen2.5-3B-Instruct,bfloat16,2026-08-02T13:14:04,load,66,1.7231746767647564,0,
NVIDIA A40,NVIDIA A40,qwen-3b,Qwen/Qwen2.5-3B-Instruct,bfloat16,2026-08-02T13:14:04,load,67,1.7532596308737993,0,
NVIDIA A40,NVIDIA A40,qwen-3b,Qwen/Qwen2.5-3B-Instruct,bfloat16,2026-08-02T13:14:04,load,68,1.669865872245282,0,
NVIDIA A40,NVIDIA A40,qwen-3b,Qwen/Qwen2.5-3B-Instruct,bfloat16,2026-08-02T13:14:04,load,69,1.7041438329033554,0,
NVIDIA A40,NVIDIA A40,qwen-3b,Qwen/Qwen2.5-3B-Instruct,bfloat16,2026-08-02T13:14:04,load,70,1.6791403889656067,0,
NVIDIA A40,NVIDIA A40,qwen-3b,Qwen/Qwen2.5-3B-Instruct,bfloat16,2026-08-02T13:14:04,load,71,1.7053097649477422,0,
NVIDIA A40,NVIDIA A40,qwen-3b,Qwen/Qwen2.5-3B-Instruct,bfloat16,2026-08-02T13:14:04,load,72,1.7409254470840096,0,
NVIDIA A40,NVIDIA A40,qwen-3b,Qwen/Qwen2.5-3B-Instruct,bfloat16,2026-08-02T13:14:04,load,73,1.7306420151144266,0,
NVIDIA A40,NVIDIA A40,qwen-3b,Qwen/Qwen2.5-3B-Instruct,bfloat16,2026-08-02T13:14:04,load,74,1.86110049020499,0,
NVIDIA A40,NVIDIA A40,qwen-3b,Qwen/Qwen2.5-3B-Instruct,bfloat16,2026-08-02T13:14:04,load,75,1.7067193449474871,0,
NVIDIA A40,NVIDIA A40,qwen-3b,Qwen/Qwen2.5-3B-Instruct,bfloat16,2026-08-02T13:14:04,load,76,1.6817369339987636,0,
NVIDIA A40,NVIDIA A40,qwen-3b,Qwen/Qwen2.5-3B-Instruct,bfloat16,2026-08-02T13:14:04,load,77,1.7882394874468446,0,
NVIDIA A40,NVIDIA A40,qwen-3b,Qwen/Qwen2.5-3B-Instruct,bfloat16,2026-08-02T13:14:04,load,78,1.6992986188270152,0,
NVIDIA A40,NVIDIA A40,qwen-3b,Qwen/Qwen2.5-3B-Instruct,bfloat16,2026-08-02T13:14:04,load,79,1.7319514080882072,0,
NVIDIA A40,NVIDIA A40,qwen-3b,Qwen/Qwen2.5-3B-Instruct,bfloat16,2026-08-02T13:14:04,load,80,1.656039603985846,0,
NVIDIA A40,NVIDIA A40,qwen-3b,Qwen/Qwen2.5-3B-Instruct,bfloat16,2026-08-02T13:14:04,load,81,1.7111724498681724,0,
NVIDIA A40,NVIDIA A40,qwen-3b,Qwen/Qwen2.5-3B-Instruct,bfloat16,2026-08-02T13:14:04,load,82,1.6811925219371915,0,
NVIDIA A40,NVIDIA A40,qwen-3b,Qwen/Qwen2.5-3B-Instruct,bfloat16,2026-08-02T13:14:04,load,83,1.6864788057282567,0,
NVIDIA A40,NVIDIA A40,qwen-3b,Qwen/Qwen2.5-3B-Instruct,bfloat16,2026-08-02T13:14:04,load,84,1.7392038102261722,0,
NVIDIA A40,NVIDIA A40,qwen-3b,Qwen/Qwen2.5-3B-Instruct,bfloat16,2026-08-02T13:14:04,load,85,1.708419653121382,0,
NVIDIA A40,NVIDIA A40,qwen-3b,Qwen/Qwen2.5-3B-Instruct,bfloat16,2026-08-02T13:14:04,load,86,1.731890554074198,0,
NVIDIA A40,NVIDIA A40,qwen-3b,Qwen/Qwen2.5-3B-Instruct,bfloat16,2026-08-02T13:14:04,load,87,1.7051822049543262,0,
NVIDIA A40,NVIDIA A40,qwen-3b,Qwen/Qwen2.5-3B-Instruct,bfloat16,2026-08-02T13:14:04,load,88,1.6883450336754322,0,
NVIDIA A40,NVIDIA A40,qwen-3b,Qwen/Qwen2.5-3B-Instruct,bfloat16,2026-08-02T13:14:04,load,89,1.713088280055672,0,
NVIDIA A40,NVIDIA A40,qwen-3b,Qwen/Qwen2.5-3B-Instruct,bfloat16,2026-08-02T13:14:04,load,90,1.6795906336046755,0,
NVIDIA A40,NVIDIA A40,qwen-3b,Qwen/Qwen2.5-3B-Instruct,bfloat16,2026-08-02T13:14:04,load,91,1.712999508716166,0,
NVIDIA A40,NVIDIA A40,qwen-3b,Qwen/Qwen2.5-3B-Instruct,bfloat16,2026-08-02T13:14:04,load,92,1.6864160220138729,0,
NVIDIA A40,NVIDIA A40,qwen-3b,Qwen/Qwen2.5-3B-Instruct,bfloat16,2026-08-02T13:14:04,load,93,1.7085361192002892,0,
NVIDIA A40,NVIDIA A40,qwen-3b,Qwen/Qwen2.5-3B-Instruct,bfloat16,2026-08-02T13:14:04,load,94,1.6981347943656147,0,
NVIDIA A40,NVIDIA A40,qwen-3b,Qwen/Qwen2.5-3B-Instruct,bfloat16,2026-08-02T13:14:04,load,95,1.6962631400674582,0,
NVIDIA A40,NVIDIA A40,qwen-3b,Qwen/Qwen2.5-3B-Instruct,bfloat16,2026-08-02T13:14:04,load,96,1.7028134940192103,0,
NVIDIA A40,NVIDIA A40,qwen-3b,Qwen/Qwen2.5-3B-Instruct,bfloat16,2026-08-02T13:14:04,load,97,1.6686721378937364,0,
NVIDIA A40,NVIDIA A40,qwen-3b,Qwen/Qwen2.5-3B-Instruct,bfloat16,2026-08-02T13:14:04,load,98,1.6701280302368104,0,
NVIDIA A40,NVIDIA A40,qwen-3b,Qwen/Qwen2.5-3B-Instruct,bfloat16,2026-08-02T13:14:04,load,99,1.71356989024207,0,
NVIDIA A40,NVIDIA A40,qwen-3b,Qwen/Qwen2.5-3B-Instruct,bfloat16,2026-08-02T13:14:04,inference,0,0.5909253261052072,24,
NVIDIA A40,NVIDIA A40,qwen-3b,Qwen/Qwen2.5-3B-Instruct,bfloat16,2026-08-02T13:14:04,inference,1,0.5853398810140789,24,
NVIDIA A40,NVIDIA A40,qwen-3b,Qwen/Qwen2.5-3B-Instruct,bfloat16,2026-08-02T13:14:04,inference,2,0.596311517059803,24,
NVIDIA A40,NVIDIA A40,qwen-3b,Qwen/Qwen2.5-3B-Instruct,bfloat16,2026-08-02T13:14:04,inference,3,0.597709652967751,24,
NVIDIA A40,NVIDIA A40,qwen-3b,Qwen/Qwen2.5-3B-Instruct,bfloat16,2026-08-02T13:14:04,inference,4,0.5868565323762596,24,
NVIDIA A40,NVIDIA A40,qwen-3b,Qwen/Qwen2.5-3B-Instruct,bfloat16,2026-08-02T13:14:04,inference,5,0.5856583202257752,24,
NVIDIA A40,NVIDIA A40,qwen-3b,Qwen/Qwen2.5-3B-Instruct,bfloat16,2026-08-02T13:14:04,inference,6,0.587688738014549,24,
NVIDIA A40,NVIDIA A40,qwen-3b,Qwen/Qwen2.5-3B-Instruct,bfloat16,2026-08-02T13:14:04,inference,7,0.5980300069786608,24,
NVIDIA A40,NVIDIA A40,qwen-3b,Qwen/Qwen2.5-3B-Instruct,bfloat16,2026-08-02T13:14:04,inference,8,0.5957884849049151,24,
NVIDIA A40,NVIDIA A40,qwen-3b,Qwen/Qwen2.5-3B-Instruct,bfloat16,2026-08-02T13:14:04,inference,9,0.5875336648896337,24,
NVIDIA A40,NVIDIA A40,qwen-3b,Qwen/Qwen2.5-3B-Instruct,bfloat16,2026-08-02T13:14:04,inference,10,0.5848321230150759,24,
NVIDIA A40,NVIDIA A40,qwen-3b,Qwen/Qwen2.5-3B-Instruct,bfloat16,2026-08-02T13:14:04,inference,11,0.5859272531233728,24,
NVIDIA A40,NVIDIA A40,qwen-3b,Qwen/Qwen2.5-3B-Instruct,bfloat16,2026-08-02T13:14:04,inference,12,0.5978776118718088,24,
NVIDIA A40,NVIDIA A40,qwen-3b,Qwen/Qwen2.5-3B-Instruct,bfloat16,2026-08-02T13:14:04,inference,13,0.5963457399047911,24,
NVIDIA A40,NVIDIA A40,qwen-3b,Qwen/Qwen2.5-3B-Instruct,bfloat16,2026-08-02T13:14:04,inference,14,0.5861801793798804,24,
NVIDIA A40,NVIDIA A40,qwen-3b,Qwen/Qwen2.5-3B-Instruct,bfloat16,2026-08-02T13:14:04,inference,15,0.5852940301410854,24,
NVIDIA A40,NVIDIA A40,qwen-3b,Qwen/Qwen2.5-3B-Instruct,bfloat16,2026-08-02T13:14:04,inference,16,0.5841122670099139,24,
NVIDIA A40,NVIDIA A40,qwen-3b,Qwen/Qwen2.5-3B-Instruct,bfloat16,2026-08-02T13:14:04,inference,17,0.5925980750471354,24,
NVIDIA A40,NVIDIA A40,qwen-3b,Qwen/Qwen2.5-3B-Instruct,bfloat16,2026-08-02T13:14:04,inference,18,0.5971723240800202,24,
NVIDIA A40,NVIDIA A40,qwen-3b,Qwen/Qwen2.5-3B-Instruct,bfloat16,2026-08-02T13:14:04,inference,19,0.5897339591756463,24,
NVIDIA A40,NVIDIA A40,qwen-3b,Qwen/Qwen2.5-3B-Instruct,bfloat16,2026-08-02T13:14:04,inference,20,0.5850004241801798,24,
NVIDIA A40,NVIDIA A40,qwen-3b,Qwen/Qwen2.5-3B-Instruct,bfloat16,2026-08-02T13:14:04,inference,21,0.5874240552075207,24,
NVIDIA A40,NVIDIA A40,qwen-3b,Qwen/Qwen2.5-3B-Instruct,bfloat16,2026-08-02T13:14:04,inference,22,0.5949290506541729,24,
NVIDIA A40,NVIDIA A40,qwen-3b,Qwen/Qwen2.5-3B-Instruct,bfloat16,2026-08-02T13:14:04,inference,23,0.5930617558769882,24,
NVIDIA A40,NVIDIA A40,qwen-3b,Qwen/Qwen2.5-3B-Instruct,bfloat16,2026-08-02T13:14:04,inference,24,0.5976876248605549,24,
NVIDIA A40,NVIDIA A40,qwen-3b,Qwen/Qwen2.5-3B-Instruct,bfloat16,2026-08-02T13:14:04,inference,25,0.5892724338918924,24,
NVIDIA A40,NVIDIA A40,qwen-3b,Qwen/Qwen2.5-3B-Instruct,bfloat16,2026-08-02T13:14:04,inference,26,0.5859531196765602,24,
NVIDIA A40,NVIDIA A40,qwen-3b,Qwen/Qwen2.5-3B-Instruct,bfloat16,2026-08-02T13:14:04,inference,27,0.5850702403113246,24,
NVIDIA A40,NVIDIA A40,qwen-3b,Qwen/Qwen2.5-3B-Instruct,bfloat16,2026-08-02T13:14:04,inference,28,0.5884153079241514,24,
NVIDIA A40,NVIDIA A40,qwen-3b,Qwen/Qwen2.5-3B-Instruct,bfloat16,2026-08-02T13:14:04,inference,29,0.598380072042346,24,
NVIDIA A40,NVIDIA A40,qwen-3b,Qwen/Qwen2.5-3B-Instruct,bfloat16,2026-08-02T13:14:04,inference,30,0.5947174411267042,24,
NVIDIA A40,NVIDIA A40,qwen-3b,Qwen/Qwen2.5-3B-Instruct,bfloat16,2026-08-02T13:14:04,inference,31,0.5852771261706948,24,
NVIDIA A40,NVIDIA A40,qwen-3b,Qwen/Qwen2.5-3B-Instruct,bfloat16,2026-08-02T13:14:04,inference,32,0.5855799918062985,24,
NVIDIA A40,NVIDIA A40,qwen-3b,Qwen/Qwen2.5-3B-Instruct,bfloat16,2026-08-02T13:14:04,inference,33,0.5908285831101239,24,
NVIDIA A40,NVIDIA A40,qwen-3b,Qwen/Qwen2.5-3B-Instruct,bfloat16,2026-08-02T13:14:04,inference,34,0.5975972120650113,24,
NVIDIA A40,NVIDIA A40,qwen-3b,Qwen/Qwen2.5-3B-Instruct,bfloat16,2026-08-02T13:14:04,inference,35,0.593676726333797,24,
NVIDIA A40,NVIDIA A40,qwen-3b,Qwen/Qwen2.5-3B-Instruct,bfloat16,2026-08-02T13:14:04,inference,36,0.5852392320521176,24,
NVIDIA A40,NVIDIA A40,qwen-3b,Qwen/Qwen2.5-3B-Instruct,bfloat16,2026-08-02T13:14:04,inference,37,0.5850560879334807,24,
NVIDIA A40,NVIDIA A40,qwen-3b,Qwen/Qwen2.5-3B-Instruct,bfloat16,2026-08-02T13:14:04,inference,38,0.5854480979032815,24,
NVIDIA A40,NVIDIA A40,qwen-3b,Qwen/Qwen2.5-3B-Instruct,bfloat16,2026-08-02T13:14:04,inference,39,0.5969631411135197,24,
NVIDIA A40,NVIDIA A40,qwen-3b,Qwen/Qwen2.5-3B-Instruct,bfloat16,2026-08-02T13:14:04,inference,40,0.5978859150782228,24,
NVIDIA A40,NVIDIA A40,qwen-3b,Qwen/Qwen2.5-3B-Instruct,bfloat16,2026-08-02T13:14:04,inference,41,0.5961507637985051,24,
NVIDIA A40,NVIDIA A40,qwen-3b,Qwen/Qwen2.5-3B-Instruct,bfloat16,2026-08-02T13:14:04,inference,42,0.5966461501084268,24,
NVIDIA A40,NVIDIA A40,qwen-3b,Qwen/Qwen2.5-3B-Instruct,bfloat16,2026-08-02T13:14:04,inference,43,0.5953898089937866,24,
NVIDIA A40,NVIDIA A40,qwen-3b,Qwen/Qwen2.5-3B-Instruct,bfloat16,2026-08-02T13:14:04,inference,44,0.5870799170807004,24,
NVIDIA A40,NVIDIA A40,qwen-3b,Qwen/Qwen2.5-3B-Instruct,bfloat16,2026-08-02T13:14:04,inference,45,0.5847331681288779,24,
NVIDIA A40,NVIDIA A40,qwen-3b,Qwen/Qwen2.5-3B-Instruct,bfloat16,2026-08-02T13:14:04,inference,46,0.5856479960493743,24,
NVIDIA A40,NVIDIA A40,qwen-3b,Qwen/Qwen2.5-3B-Instruct,bfloat16,2026-08-02T13:14:04,inference,47,0.5962079442106187,24,
NVIDIA A40,NVIDIA A40,qwen-3b,Qwen/Qwen2.5-3B-Instruct,bfloat16,2026-08-02T13:14:04,inference,48,0.5971834920346737,24,
NVIDIA A40,NVIDIA A40,qwen-3b,Qwen/Qwen2.5-3B-Instruct,bfloat16,2026-08-02T13:14:04,inference,49,0.5869836807250977,24,
NVIDIA A40,NVIDIA A40,qwen-3b,Qwen/Qwen2.5-3B-Instruct,bfloat16,2026-08-02T13:14:04,inference,50,0.5848868358880281,24,
NVIDIA A40,NVIDIA A40,qwen-3b,Qwen/Qwen2.5-3B-Instruct,bfloat16,2026-08-02T13:14:04,inference,51,0.5851665502414107,24,
NVIDIA A40,NVIDIA A40,qwen-3b,Qwen/Qwen2.5-3B-Instruct,bfloat16,2026-08-02T13:14:04,inference,52,0.5903777382336557,24,
NVIDIA A40,NVIDIA A40,qwen-3b,Qwen/Qwen2.5-3B-Instruct,bfloat16,2026-08-02T13:14:04,inference,53,0.5976152908988297,24,
NVIDIA A40,NVIDIA A40,qwen-3b,Qwen/Qwen2.5-3B-Instruct,bfloat16,2026-08-02T13:14:04,inference,54,0.5921313231810927,24,
NVIDIA A40,NVIDIA A40,qwen-3b,Qwen/Qwen2.5-3B-Instruct,bfloat16,2026-08-02T13:14:04,inference,55,0.5851006009615958,24,
NVIDIA A40,NVIDIA A40,qwen-3b,Qwen/Qwen2.5-3B-Instruct,bfloat16,2026-08-02T13:14:04,inference,56,0.5846409439109266,24,
NVIDIA A40,NVIDIA A40,qwen-3b,Qwen/Qwen2.5-3B-Instruct,bfloat16,2026-08-02T13:14:04,inference,57,0.5844529760070145,24,
NVIDIA A40,NVIDIA A40,qwen-3b,Qwen/Qwen2.5-3B-Instruct,bfloat16,2026-08-02T13:14:04,inference,58,0.5932996775954962,24,
NVIDIA A40,NVIDIA A40,qwen-3b,Qwen/Qwen2.5-3B-Instruct,bfloat16,2026-08-02T13:14:04,inference,59,0.5978103638626635,24,
NVIDIA A40,NVIDIA A40,qwen-3b,Qwen/Qwen2.5-3B-Instruct,bfloat16,2026-08-02T13:14:04,inference,60,0.5887004071846604,24,
NVIDIA A40,NVIDIA A40,qwen-3b,Qwen/Qwen2.5-3B-Instruct,bfloat16,2026-08-02T13:14:04,inference,61,0.5847915252670646,24,
NVIDIA A40,NVIDIA A40,qwen-3b,Qwen/Qwen2.5-3B-Instruct,bfloat16,2026-08-02T13:14:04,inference,62,0.5846843291074038,24,
NVIDIA A40,NVIDIA A40,qwen-3b,Qwen/Qwen2.5-3B-Instruct,bfloat16,2026-08-02T13:14:04,inference,63,0.5882428879849613,24,
NVIDIA A40,NVIDIA A40,qwen-3b,Qwen/Qwen2.5-3B-Instruct,bfloat16,2026-08-02T13:14:04,inference,64,0.5976132312789559,24,
NVIDIA A40,NVIDIA A40,qwen-3b,Qwen/Qwen2.5-3B-Instruct,bfloat16,2026-08-02T13:14:04,inference,65,0.5963038648478687,24,
NVIDIA A40,NVIDIA A40,qwen-3b,Qwen/Qwen2.5-3B-Instruct,bfloat16,2026-08-02T13:14:04,inference,66,0.5845763613469899,24,
NVIDIA A40,NVIDIA A40,qwen-3b,Qwen/Qwen2.5-3B-Instruct,bfloat16,2026-08-02T13:14:04,inference,67,0.584904856979847,24,
NVIDIA A40,NVIDIA A40,qwen-3b,Qwen/Qwen2.5-3B-Instruct,bfloat16,2026-08-02T13:14:04,inference,68,0.5922100162133574,24,
NVIDIA A40,NVIDIA A40,qwen-3b,Qwen/Qwen2.5-3B-Instruct,bfloat16,2026-08-02T13:14:04,inference,69,0.5971927610225976,24,
NVIDIA A40,NVIDIA A40,qwen-3b,Qwen/Qwen2.5-3B-Instruct,bfloat16,2026-08-02T13:14:04,inference,70,0.5948862447403371,24,
NVIDIA A40,NVIDIA A40,qwen-3b,Qwen/Qwen2.5-3B-Instruct,bfloat16,2026-08-02T13:14:04,inference,71,0.5849137827754021,24,
NVIDIA A40,NVIDIA A40,qwen-3b,Qwen/Qwen2.5-3B-Instruct,bfloat16,2026-08-02T13:14:04,inference,72,0.5868562241084874,24,
NVIDIA A40,NVIDIA A40,qwen-3b,Qwen/Qwen2.5-3B-Instruct,bfloat16,2026-08-02T13:14:04,inference,73,0.6037401021458209,24,
NVIDIA A40,NVIDIA A40,qwen-3b,Qwen/Qwen2.5-3B-Instruct,bfloat16,2026-08-02T13:14:04,inference,74,0.5984773240052164,24,
NVIDIA A40,NVIDIA A40,qwen-3b,Qwen/Qwen2.5-3B-Instruct,bfloat16,2026-08-02T13:14:04,inference,75,0.5897065647877753,24,
NVIDIA A40,NVIDIA A40,qwen-3b,Qwen/Qwen2.5-3B-Instruct,bfloat16,2026-08-02T13:14:04,inference,76,0.5850628740154207,24,
NVIDIA A40,NVIDIA A40,qwen-3b,Qwen/Qwen2.5-3B-Instruct,bfloat16,2026-08-02T13:14:04,inference,77,0.5849634781479836,24,
NVIDIA A40,NVIDIA A40,qwen-3b,Qwen/Qwen2.5-3B-Instruct,bfloat16,2026-08-02T13:14:04,inference,78,0.585758498404175,24,
NVIDIA A40,NVIDIA A40,qwen-3b,Qwen/Qwen2.5-3B-Instruct,bfloat16,2026-08-02T13:14:04,inference,79,0.5982922627590597,24,
NVIDIA A40,NVIDIA A40,qwen-3b,Qwen/Qwen2.5-3B-Instruct,bfloat16,2026-08-02T13:14:04,inference,80,0.5975034488365054,24,
NVIDIA A40,NVIDIA A40,qwen-3b,Qwen/Qwen2.5-3B-Instruct,bfloat16,2026-08-02T13:14:04,inference,81,0.5856972578912973,24,
NVIDIA A40,NVIDIA A40,qwen-3b,Qwen/Qwen2.5-3B-Instruct,bfloat16,2026-08-02T13:14:04,inference,82,0.5850321431644261,24,
NVIDIA A40,NVIDIA A40,qwen-3b,Qwen/Qwen2.5-3B-Instruct,bfloat16,2026-08-02T13:14:04,inference,83,0.5850209961645305,24,
NVIDIA A40,NVIDIA A40,qwen-3b,Qwen/Qwen2.5-3B-Instruct,bfloat16,2026-08-02T13:14:04,inference,84,0.5906779980286956,24,
NVIDIA A40,NVIDIA A40,qwen-3b,Qwen/Qwen2.5-3B-Instruct,bfloat16,2026-08-02T13:14:04,inference,85,0.59788528829813,24,
NVIDIA A40,NVIDIA A40,qwen-3b,Qwen/Qwen2.5-3B-Instruct,bfloat16,2026-08-02T13:14:04,inference,86,0.5965366079472005,24,
NVIDIA A40,NVIDIA A40,qwen-3b,Qwen/Qwen2.5-3B-Instruct,bfloat16,2026-08-02T13:14:04,inference,87,0.5968451499938965,24,
NVIDIA A40,NVIDIA A40,qwen-3b,Qwen/Qwen2.5-3B-Instruct,bfloat16,2026-08-02T13:14:04,inference,88,0.597523651085794,24,
NVIDIA A40,NVIDIA A40,qwen-3b,Qwen/Qwen2.5-3B-Instruct,bfloat16,2026-08-02T13:14:04,inference,89,0.590620128903538,24,
NVIDIA A40,NVIDIA A40,qwen-3b,Qwen/Qwen2.5-3B-Instruct,bfloat16,2026-08-02T13:14:04,inference,90,0.5845667803660035,24,
NVIDIA A40,NVIDIA A40,qwen-3b,Qwen/Qwen2.5-3B-Instruct,bfloat16,2026-08-02T13:14:04,inference,91,0.5848063160665333,24,
NVIDIA A40,NVIDIA A40,qwen-3b,Qwen/Qwen2.5-3B-Instruct,bfloat16,2026-08-02T13:14:04,inference,92,0.5844877688214183,24,
NVIDIA A40,NVIDIA A40,qwen-3b,Qwen/Qwen2.5-3B-Instruct,bfloat16,2026-08-02T13:14:04,inference,93,0.5952418181113899,24,
NVIDIA A40,NVIDIA A40,qwen-3b,Qwen/Qwen2.5-3B-Instruct,bfloat16,2026-08-02T13:14:04,inference,94,0.5983639373444021,24,
NVIDIA A40,NVIDIA A40,qwen-3b,Qwen/Qwen2.5-3B-Instruct,bfloat16,2026-08-02T13:14:04,inference,95,0.5861765262670815,24,
NVIDIA A40,NVIDIA A40,qwen-3b,Qwen/Qwen2.5-3B-Instruct,bfloat16,2026-08-02T13:14:04,inference,96,0.5852242638356984,24,
NVIDIA A40,NVIDIA A40,qwen-3b,Qwen/Qwen2.5-3B-Instruct,bfloat16,2026-08-02T13:14:04,inference,97,0.5845365263521671,24,
NVIDIA A40,NVIDIA A40,qwen-3b,Qwen/Qwen2.5-3B-Instruct,bfloat16,2026-08-02T13:14:04,inference,98,0.5874963086098433,24,
NVIDIA A40,NVIDIA A40,qwen-3b,Qwen/Qwen2.5-3B-Instruct,bfloat16,2026-08-02T13:14:04,inference,99,0.5976266111247241,24,
